stock_snapshot_id,date,sku_id,seller_id,marketplace_id,disposition,stock_qty,source_updated_at
stk-001,2026-07-01,1001,10,DE,SELLABLE,5,2026-07-01T06:00:00Z
stk-001,2026-07-01,1001,10,DE,SELLABLE,5,2026-07-01T06:00:00Z
stk-002,2026-07-01,1001,10,DE,DEFECTIVE,99,2026-07-01T06:00:00Z
stk-003,2026-07-02,1001,10,DE,SELLABLE,2,2026-07-02T06:00:00Z
stk-003,2026-07-02,1001,10,DE,SELLABLE,3,2026-07-02T06:17:00Z
stk-020,2026-07-04,1001,10,DE,SELLABLE,6000,2026-07-04T06:00:00Z
stk-021,2026-07-05,1001,10,DE,SELLABLE,1,2026-07-05T06:00:00Z
stk-1001-10-06,2026-07-06,1001,10,DE,SELLABLE,2,2026-07-06T06:00:00Z
stk-1001-10-06-r,2026-07-06,1001,10,DE,RESERVED,3,2026-07-06T06:00:00Z
stk-1001-10-07,2026-07-07,1001,10,DE,SELLABLE,8,2026-07-07T06:00:00Z
stk-1001-10-08,2026-07-08,1001,10,DE,SELLABLE,7,2026-07-08T06:00:00Z
stk-1001-10-09,2026-07-09,1001,10,DE,SELLABLE,6,2026-07-09T06:00:00Z
stk-1001-10-10,2026-07-10,1001,10,DE,SELLABLE,5,2026-07-10T06:00:00Z
stk-1001-10-11,2026-07-11,1001,10,DE,SELLABLE,4,2026-07-11T06:00:00Z
stk-1001-10-12,2026-07-12,1001,10,DE,SELLABLE,3,2026-07-12T06:00:00Z
stk-1001-10-12-r,2026-07-12,1001,10,DE,RESERVED,1,2026-07-12T06:00:00Z
stk-1001-10-13,2026-07-13,1001,10,DE,SELLABLE,2,2026-07-13T06:00:00Z
stk-1001-10-14,2026-07-14,1001,10,DE,SELLABLE,8,2026-07-14T06:00:00Z
stk-1001-10-15,2026-07-15,1001,10,DE,SELLABLE,7,2026-07-15T06:00:00Z
stk-1001-10-16,2026-07-16,1001,10,DE,SELLABLE,6,2026-07-16T06:00:00Z
stk-1001-10-17,2026-07-17,1001,10,DE,SELLABLE,5,2026-07-17T06:00:00Z
stk-1001-10-18,2026-07-18,1001,10,DE,SELLABLE,4,2026-07-18T06:00:00Z
stk-1001-10-18-r,2026-07-18,1001,10,DE,RESERVED,3,2026-07-18T06:00:00Z
stk-1001-10-19,2026-07-19,1001,10,DE,SELLABLE,3,2026-07-19T06:00:00Z
stk-1001-10-20,2026-07-20,1001,10,DE,SELLABLE,2,2026-07-20T06:00:00Z
stk-1001-10-21,2026-07-21,1001,10,DE,SELLABLE,8,2026-07-21T06:00:00Z
stk-1001-10-22,2026-07-22,1001,10,DE,SELLABLE,7,2026-07-22T06:00:00Z
stk-1001-10-23,2026-07-23,1001,10,DE,SELLABLE,6,2026-07-23T06:00:00Z
stk-1001-10-24,2026-07-24,1001,10,DE,SELLABLE,5,2026-07-24T06:00:00Z
stk-1001-10-24-r,2026-07-24,1001,10,DE,RESERVED,1,2026-07-24T06:00:00Z
stk-1001-10-25,2026-07-25,1001,10,DE,SELLABLE,4,2026-07-25T06:00:00Z
stk-1001-10-26,2026-07-26,1001,10,DE,SELLABLE,3,2026-07-26T06:00:00Z
stk-1001-10-27,2026-07-27,1001,10,DE,SELLABLE,2,2026-07-27T06:00:00Z
stk-1001-10-28,2026-07-28,1001,10,DE,SELLABLE,8,2026-07-28T06:00:00Z
stk-1001-10-29,2026-07-29,1001,10,DE,SELLABLE,7,2026-07-29T06:00:00Z
stk-1001-10-30,2026-07-30,1001,10,DE,SELLABLE,6,2026-07-30T06:00:00Z
stk-1001-10-30-r,2026-07-30,1001,10,DE,RESERVED,3,2026-07-30T06:00:00Z
stk-1001-10-31,2026-07-31,1001,10,DE,SELLABLE,5,2026-07-31T06:00:00Z
stk-1fr-01,2026-07-01,1001,20,FR,SELLABLE,2,2026-07-01T06:00:00Z
stk-1fr-02,2026-07-02,1001,20,FR,SELLABLE,1,2026-07-02T06:00:00Z
stk-1fr-04,2026-07-04,1001,20,FR,SELLABLE,2,2026-07-04T06:00:00Z
stk-1fr-05,2026-07-05,1001,20,FR,SELLABLE,0,2026-07-05T06:00:00Z
stk-1fr-06,2026-07-06,1001,20,FR,SELLABLE,3,2026-07-06T06:00:00Z
stk-1fr-07,2026-07-07,1001,20,FR,SELLABLE,2,2026-07-07T06:00:00Z
stk-1fr-08,2026-07-08,1001,20,FR,SELLABLE,1,2026-07-08T06:00:00Z
stk-1fr-09,2026-07-09,1001,20,FR,SELLABLE,0,2026-07-09T06:00:00Z
stk-1fr-10,2026-07-10,1001,20,FR,SELLABLE,4,2026-07-10T06:00:00Z
stk-1fr-11,2026-07-11,1001,20,FR,SELLABLE,3,2026-07-11T06:00:00Z
stk-1fr-12,2026-07-12,1001,20,FR,SELLABLE,2,2026-07-12T06:00:00Z
stk-1fr-13,2026-07-13,1001,20,FR,SELLABLE,1,2026-07-13T06:00:00Z
stk-1fr-14,2026-07-14,1001,20,FR,SELLABLE,0,2026-07-14T06:00:00Z
stk-1fr-15,2026-07-15,1001,20,FR,SELLABLE,4,2026-07-15T06:00:00Z
stk-1fr-16,2026-07-16,1001,20,FR,SELLABLE,3,2026-07-16T06:00:00Z
stk-1fr-17,2026-07-17,1001,20,FR,SELLABLE,2,2026-07-17T06:00:00Z
stk-1fr-18,2026-07-18,1001,20,FR,SELLABLE,1,2026-07-18T06:00:00Z
stk-1fr-19,2026-07-19,1001,20,FR,SELLABLE,0,2026-07-19T06:00:00Z
stk-1fr-20,2026-07-20,1001,20,FR,SELLABLE,4,2026-07-20T06:00:00Z
stk-1fr-21,2026-07-21,1001,20,FR,SELLABLE,3,2026-07-21T06:00:00Z
stk-1fr-22,2026-07-22,1001,20,FR,SELLABLE,2,2026-07-22T06:00:00Z
stk-1fr-23,2026-07-23,1001,20,FR,SELLABLE,1,2026-07-23T06:00:00Z
stk-1fr-24,2026-07-24,1001,20,FR,SELLABLE,0,2026-07-24T06:00:00Z
stk-1fr-25,2026-07-25,1001,20,FR,SELLABLE,4,2026-07-25T06:00:00Z
stk-1fr-26,2026-07-26,1001,20,FR,SELLABLE,3,2026-07-26T06:00:00Z
stk-1fr-27,2026-07-27,1001,20,FR,SELLABLE,2,2026-07-27T06:00:00Z
stk-1fr-28,2026-07-28,1001,20,FR,SELLABLE,1,2026-07-28T06:00:00Z
stk-1fr-29,2026-07-29,1001,20,FR,SELLABLE,0,2026-07-29T06:00:00Z
stk-1fr-30,2026-07-30,1001,20,FR,SELLABLE,4,2026-07-30T06:00:00Z
stk-1fr-31,2026-07-31,1001,20,FR,SELLABLE,3,2026-07-31T06:00:00Z
stk-1002-01,2026-07-01,1002,10,DE,SELLABLE,1,2026-07-01T06:00:00Z
stk-008,2026-07-01,1002,10,DE,RESERVED,7,2026-07-01T06:00:00Z
stk-1002-02,2026-07-02,1002,10,DE,SELLABLE,0,2026-07-02T06:00:00Z
stk-1002-04,2026-07-04,1002,10,DE,SELLABLE,2000,2026-07-04T06:00:00Z
stk-1002-05,2026-07-05,1002,10,DE,SELLABLE,0,2026-07-05T06:00:00Z
stk-1002-06,2026-07-06,1002,10,DE,SELLABLE,1,2026-07-06T06:00:00Z
stk-1002-07,2026-07-07,1002,10,DE,SELLABLE,2,2026-07-07T06:00:00Z
stk-1002-08,2026-07-08,1002,10,DE,SELLABLE,3,2026-07-08T06:00:00Z
stk-1002-09,2026-07-09,1002,10,DE,SELLABLE,4,2026-07-09T06:00:00Z
stk-1002-10,2026-07-10,1002,10,DE,SELLABLE,0,2026-07-10T06:00:00Z
stk-1002-11,2026-07-11,1002,10,DE,SELLABLE,1,2026-07-11T06:00:00Z
stk-1002-12,2026-07-12,1002,10,DE,SELLABLE,2,2026-07-12T06:00:00Z
stk-1002-13,2026-07-13,1002,10,DE,SELLABLE,3,2026-07-13T06:00:00Z
stk-1002-14,2026-07-14,1002,10,DE,SELLABLE,4,2026-07-14T06:00:00Z
stk-1002-15,2026-07-15,1002,10,DE,SELLABLE,0,2026-07-15T06:00:00Z
stk-1002-16,2026-07-16,1002,10,DE,SELLABLE,1,2026-07-16T06:00:00Z
stk-1002-17,2026-07-17,1002,10,DE,SELLABLE,2,2026-07-17T06:00:00Z
stk-1002-18,2026-07-18,1002,10,DE,SELLABLE,3,2026-07-18T06:00:00Z
stk-1002-19,2026-07-19,1002,10,DE,SELLABLE,4,2026-07-19T06:00:00Z
stk-1002-20,2026-07-20,1002,10,DE,SELLABLE,0,2026-07-20T06:00:00Z
stk-1002-21,2026-07-21,1002,10,DE,SELLABLE,1,2026-07-21T06:00:00Z
stk-1002-22,2026-07-22,1002,10,DE,SELLABLE,2,2026-07-22T06:00:00Z
stk-1002-23,2026-07-23,1002,10,DE,SELLABLE,3,2026-07-23T06:00:00Z
stk-1002-24,2026-07-24,1002,10,DE,SELLABLE,4,2026-07-24T06:00:00Z
stk-1002-25,2026-07-25,1002,10,DE,SELLABLE,0,2026-07-25T06:00:00Z
stk-1002-26,2026-07-26,1002,10,DE,SELLABLE,1,2026-07-26T06:00:00Z
stk-1002-27,2026-07-27,1002,10,DE,SELLABLE,2,2026-07-27T06:00:00Z
stk-1002-28,2026-07-28,1002,10,DE,SELLABLE,3,2026-07-28T06:00:00Z
stk-1002-29,2026-07-29,1002,10,DE,SELLABLE,4,2026-07-29T06:00:00Z
stk-1002-30,2026-07-30,1002,10,DE,SELLABLE,0,2026-07-30T06:00:00Z
stk-1002-31,2026-07-31,1002,10,DE,SELLABLE,1,2026-07-31T06:00:00Z
stk-used-01,2026-07-01,1003,10,DE,SELLABLE,10,2026-07-01T06:00:00Z
stk-used-02,2026-07-02,1003,10,DE,SELLABLE,9,2026-07-02T06:00:00Z
stk-used-04,2026-07-04,1003,10,DE,SELLABLE,7,2026-07-04T06:00:00Z
stk-used-05,2026-07-05,1003,10,DE,SELLABLE,6,2026-07-05T06:00:00Z
stk-used-06,2026-07-06,1003,10,DE,SELLABLE,5,2026-07-06T06:00:00Z
stk-used-07,2026-07-07,1003,10,DE,SELLABLE,4,2026-07-07T06:00:00Z
stk-used-08,2026-07-08,1003,10,DE,SELLABLE,3,2026-07-08T06:00:00Z
stk-used-09,2026-07-09,1003,10,DE,SELLABLE,2,2026-07-09T06:00:00Z
stk-used-10,2026-07-10,1003,10,DE,SELLABLE,11,2026-07-10T06:00:00Z
stk-used-11,2026-07-11,1003,10,DE,SELLABLE,10,2026-07-11T06:00:00Z
stk-used-12,2026-07-12,1003,10,DE,SELLABLE,9,2026-07-12T06:00:00Z
stk-used-13,2026-07-13,1003,10,DE,SELLABLE,8,2026-07-13T06:00:00Z
stk-used-14,2026-07-14,1003,10,DE,SELLABLE,7,2026-07-14T06:00:00Z
stk-used-15,2026-07-15,1003,10,DE,SELLABLE,6,2026-07-15T06:00:00Z
stk-used-16,2026-07-16,1003,10,DE,SELLABLE,5,2026-07-16T06:00:00Z
stk-used-17,2026-07-17,1003,10,DE,SELLABLE,4,2026-07-17T06:00:00Z
stk-used-18,2026-07-18,1003,10,DE,SELLABLE,3,2026-07-18T06:00:00Z
stk-used-19,2026-07-19,1003,10,DE,SELLABLE,2,2026-07-19T06:00:00Z
stk-used-20,2026-07-20,1003,10,DE,SELLABLE,11,2026-07-20T06:00:00Z
stk-used-21,2026-07-21,1003,10,DE,SELLABLE,10,2026-07-21T06:00:00Z
stk-used-22,2026-07-22,1003,10,DE,SELLABLE,9,2026-07-22T06:00:00Z
stk-used-23,2026-07-23,1003,10,DE,SELLABLE,8,2026-07-23T06:00:00Z
stk-used-24,2026-07-24,1003,10,DE,SELLABLE,7,2026-07-24T06:00:00Z
stk-used-25,2026-07-25,1003,10,DE,SELLABLE,6,2026-07-25T06:00:00Z
stk-used-26,2026-07-26,1003,10,DE,SELLABLE,5,2026-07-26T06:00:00Z
stk-used-27,2026-07-27,1003,10,DE,SELLABLE,4,2026-07-27T06:00:00Z
stk-used-28,2026-07-28,1003,10,DE,SELLABLE,3,2026-07-28T06:00:00Z
stk-used-29,2026-07-29,1003,10,DE,SELLABLE,2,2026-07-29T06:00:00Z
stk-used-30,2026-07-30,1003,10,DE,SELLABLE,11,2026-07-30T06:00:00Z
stk-used-31,2026-07-31,1003,10,DE,SELLABLE,10,2026-07-31T06:00:00Z
stk-tea-01,2026-07-01,1004,20,FR,SELLABLE,0,2026-07-01T06:00:00Z
stk-tea-02,2026-07-02,1004,20,FR,SELLABLE,0,2026-07-02T06:00:00Z
stk-tea-04,2026-07-04,1004,20,FR,SELLABLE,0,2026-07-04T06:00:00Z
stk-tea-05,2026-07-05,1004,20,FR,SELLABLE,5,2026-07-05T06:00:00Z
stk-tea-06,2026-07-06,1004,20,FR,SELLABLE,6,2026-07-06T06:00:00Z
stk-tea-07,2026-07-07,1004,20,FR,SELLABLE,0,2026-07-07T06:00:00Z
stk-tea-08,2026-07-08,1004,20,FR,SELLABLE,1,2026-07-08T06:00:00Z
stk-tea-09,2026-07-09,1004,20,FR,SELLABLE,2,2026-07-09T06:00:00Z
stk-tea-10,2026-07-10,1004,20,FR,SELLABLE,3,2026-07-10T06:00:00Z
stk-tea-11,2026-07-11,1004,20,FR,SELLABLE,4,2026-07-11T06:00:00Z
stk-tea-12,2026-07-12,1004,20,FR,SELLABLE,5,2026-07-12T06:00:00Z
stk-tea-13,2026-07-13,1004,20,FR,SELLABLE,6,2026-07-13T06:00:00Z
stk-tea-14,2026-07-14,1004,20,FR,SELLABLE,0,2026-07-14T06:00:00Z
stk-tea-15,2026-07-15,1004,20,FR,SELLABLE,1,2026-07-15T06:00:00Z
stk-tea-16,2026-07-16,1004,20,FR,SELLABLE,2,2026-07-16T06:00:00Z
stk-tea-17,2026-07-17,1004,20,FR,SELLABLE,3,2026-07-17T06:00:00Z
stk-tea-18,2026-07-18,1004,20,FR,SELLABLE,4,2026-07-18T06:00:00Z
stk-tea-19,2026-07-19,1004,20,FR,SELLABLE,5,2026-07-19T06:00:00Z
stk-tea-20,2026-07-20,1004,20,FR,SELLABLE,6,2026-07-20T06:00:00Z
stk-tea-21,2026-07-21,1004,20,FR,SELLABLE,0,2026-07-21T06:00:00Z
stk-tea-22,2026-07-22,1004,20,FR,SELLABLE,1,2026-07-22T06:00:00Z
stk-tea-23,2026-07-23,1004,20,FR,SELLABLE,2,2026-07-23T06:00:00Z
stk-tea-24,2026-07-24,1004,20,FR,SELLABLE,3,2026-07-24T06:00:00Z
stk-tea-25,2026-07-25,1004,20,FR,SELLABLE,4,2026-07-25T06:00:00Z
stk-tea-26,2026-07-26,1004,20,FR,SELLABLE,5,2026-07-26T06:00:00Z
stk-tea-27,2026-07-27,1004,20,FR,SELLABLE,6,2026-07-27T06:00:00Z
stk-tea-28,2026-07-28,1004,20,FR,SELLABLE,0,2026-07-28T06:00:00Z
stk-tea-29,2026-07-29,1004,20,FR,SELLABLE,1,2026-07-29T06:00:00Z
stk-tea-30,2026-07-30,1004,20,FR,SELLABLE,2,2026-07-30T06:00:00Z
stk-tea-31,2026-07-31,1004,20,FR,SELLABLE,3,2026-07-31T06:00:00Z
stk-esp-01,2026-07-01,1005,10,DE,SELLABLE,2,2026-07-01T06:00:00Z
stk-esp-02,2026-07-02,1005,10,DE,SELLABLE,3,2026-07-02T06:00:00Z
stk-esp-04,2026-07-04,1005,10,DE,SELLABLE,4,2026-07-04T06:00:00Z
stk-esp-06,2026-07-06,1005,10,DE,SELLABLE,3,2026-07-06T06:00:00Z
stk-esp-07,2026-07-07,1005,10,DE,SELLABLE,4,2026-07-07T06:00:00Z
stk-esp-08,2026-07-08,1005,10,DE,SELLABLE,5,2026-07-08T06:00:00Z
stk-esp-09,2026-07-09,1005,10,DE,SELLABLE,6,2026-07-09T06:00:00Z
stk-esp-10,2026-07-10,1005,10,DE,SELLABLE,2,2026-07-10T06:00:00Z
stk-esp-11,2026-07-11,1005,10,DE,SELLABLE,3,2026-07-11T06:00:00Z
stk-esp-12,2026-07-12,1005,10,DE,SELLABLE,4,2026-07-12T06:00:00Z
stk-esp-13,2026-07-13,1005,10,DE,SELLABLE,5,2026-07-13T06:00:00Z
stk-esp-14,2026-07-14,1005,10,DE,SELLABLE,6,2026-07-14T06:00:00Z
stk-esp-15,2026-07-15,1005,10,DE,SELLABLE,2,2026-07-15T06:00:00Z
stk-esp-16,2026-07-16,1005,10,DE,SELLABLE,3,2026-07-16T06:00:00Z
stk-esp-17,2026-07-17,1005,10,DE,SELLABLE,4,2026-07-17T06:00:00Z
stk-esp-18,2026-07-18,1005,10,DE,SELLABLE,5,2026-07-18T06:00:00Z
stk-esp-19,2026-07-19,1005,10,DE,SELLABLE,6,2026-07-19T06:00:00Z
stk-esp-20,2026-07-20,1005,10,DE,SELLABLE,2,2026-07-20T06:00:00Z
stk-esp-21,2026-07-21,1005,10,DE,SELLABLE,3,2026-07-21T06:00:00Z
stk-esp-22,2026-07-22,1005,10,DE,SELLABLE,4,2026-07-22T06:00:00Z
stk-esp-23,2026-07-23,1005,10,DE,SELLABLE,5,2026-07-23T06:00:00Z
stk-esp-24,2026-07-24,1005,10,DE,SELLABLE,6,2026-07-24T06:00:00Z
stk-esp-25,2026-07-25,1005,10,DE,SELLABLE,2,2026-07-25T06:00:00Z
stk-esp-26,2026-07-26,1005,10,DE,SELLABLE,3,2026-07-26T06:00:00Z
stk-esp-27,2026-07-27,1005,10,DE,SELLABLE,4,2026-07-27T06:00:00Z
stk-esp-28,2026-07-28,1005,10,DE,SELLABLE,5,2026-07-28T06:00:00Z
stk-esp-29,2026-07-29,1005,10,DE,SELLABLE,6,2026-07-29T06:00:00Z
stk-esp-30,2026-07-30,1005,10,DE,SELLABLE,2,2026-07-30T06:00:00Z
stk-esp-31,2026-07-31,1005,10,DE,SELLABLE,3,2026-07-31T06:00:00Z
stk-slow-01,2026-07-01,1006,10,DE,SELLABLE,4,2026-07-01T06:00:00Z
stk-slow-02,2026-07-02,1006,10,DE,SELLABLE,4,2026-07-02T06:00:00Z
stk-slow-05,2026-07-05,1006,10,DE,SELLABLE,4,2026-07-05T06:00:00Z
stk-slow-06,2026-07-06,1006,10,DE,SELLABLE,4,2026-07-06T06:00:00Z
stk-slow-07,2026-07-07,1006,10,DE,SELLABLE,4,2026-07-07T06:00:00Z
stk-slow-08,2026-07-08,1006,10,DE,SELLABLE,4,2026-07-08T06:00:00Z
stk-slow-09,2026-07-09,1006,10,DE,SELLABLE,4,2026-07-09T06:00:00Z
stk-slow-10,2026-07-10,1006,10,DE,SELLABLE,4,2026-07-10T06:00:00Z
stk-slow-11,2026-07-11,1006,10,DE,SELLABLE,4,2026-07-11T06:00:00Z
stk-slow-12,2026-07-12,1006,10,DE,SELLABLE,4,2026-07-12T06:00:00Z
stk-slow-13,2026-07-13,1006,10,DE,SELLABLE,4,2026-07-13T06:00:00Z
stk-slow-14,2026-07-14,1006,10,DE,SELLABLE,4,2026-07-14T06:00:00Z
stk-slow-15,2026-07-15,1006,10,DE,SELLABLE,4,2026-07-15T06:00:00Z
stk-slow-16,2026-07-16,1006,10,DE,SELLABLE,4,2026-07-16T06:00:00Z
stk-slow-17,2026-07-17,1006,10,DE,SELLABLE,4,2026-07-17T06:00:00Z
stk-slow-18,2026-07-18,1006,10,DE,SELLABLE,4,2026-07-18T06:00:00Z
stk-slow-19,2026-07-19,1006,10,DE,SELLABLE,4,2026-07-19T06:00:00Z
stk-slow-20,2026-07-20,1006,10,DE,SELLABLE,4,2026-07-20T06:00:00Z
stk-slow-21,2026-07-21,1006,10,DE,SELLABLE,4,2026-07-21T06:00:00Z
stk-slow-22,2026-07-22,1006,10,DE,SELLABLE,4,2026-07-22T06:00:00Z
stk-slow-23,2026-07-23,1006,10,DE,SELLABLE,4,2026-07-23T06:00:00Z
stk-slow-24,2026-07-24,1006,10,DE,SELLABLE,4,2026-07-24T06:00:00Z
stk-slow-25,2026-07-25,1006,10,DE,SELLABLE,4,2026-07-25T06:00:00Z
stk-slow-26,2026-07-26,1006,10,DE,SELLABLE,4,2026-07-26T06:00:00Z
stk-slow-27,2026-07-27,1006,10,DE,SELLABLE,4,2026-07-27T06:00:00Z
stk-slow-28,2026-07-28,1006,10,DE,SELLABLE,4,2026-07-28T06:00:00Z
stk-slow-29,2026-07-29,1006,10,DE,SELLABLE,4,2026-07-29T06:00:00Z
stk-slow-30,2026-07-30,1006,10,DE,SELLABLE,4,2026-07-30T06:00:00Z
stk-slow-31,2026-07-31,1006,10,DE,SELLABLE,4,2026-07-31T06:00:00Z
stk-hyd-de-01,2026-07-01,1007,10,DE,SELLABLE,1,2026-07-01T06:00:00Z
stk-hyd-at-01,2026-07-01,1007,10,AT,SELLABLE,5,2026-07-01T06:00:00Z
stk-hyd-de-02,2026-07-02,1007,10,DE,SELLABLE,0,2026-07-02T06:00:00Z
stk-hyd-at-02,2026-07-02,1007,10,AT,SELLABLE,4,2026-07-02T06:00:00Z
stk-hyd-de-04,2026-07-04,1007,10,DE,SELLABLE,1,2026-07-04T06:00:00Z
stk-hyd-at-04,2026-07-04,1007,10,AT,SELLABLE,1,2026-07-04T06:00:00Z
stk-hyd-de-05,2026-07-05,1007,10,DE,SELLABLE,0,2026-07-05T06:00:00Z
stk-hyd-at-05,2026-07-05,1007,10,AT,SELLABLE,0,2026-07-05T06:00:00Z
stk-hyd-de-06,2026-07-06,1007,10,DE,SELLABLE,2,2026-07-06T06:00:00Z
stk-hyd-at-06,2026-07-06,1007,10,AT,SELLABLE,3,2026-07-06T06:00:00Z
stk-hyd-de-07,2026-07-07,1007,10,DE,SELLABLE,3,2026-07-07T06:00:00Z
stk-hyd-at-07,2026-07-07,1007,10,AT,SELLABLE,4,2026-07-07T06:00:00Z
stk-hyd-de-08,2026-07-08,1007,10,DE,SELLABLE,0,2026-07-08T06:00:00Z
stk-hyd-at-08,2026-07-08,1007,10,AT,SELLABLE,0,2026-07-08T06:00:00Z
stk-hyd-de-09,2026-07-09,1007,10,DE,SELLABLE,1,2026-07-09T06:00:00Z
stk-hyd-at-09,2026-07-09,1007,10,AT,SELLABLE,1,2026-07-09T06:00:00Z
stk-hyd-de-10,2026-07-10,1007,10,DE,SELLABLE,2,2026-07-10T06:00:00Z
stk-hyd-at-10,2026-07-10,1007,10,AT,SELLABLE,2,2026-07-10T06:00:00Z
stk-hyd-de-11,2026-07-11,1007,10,DE,SELLABLE,3,2026-07-11T06:00:00Z
stk-hyd-at-11,2026-07-11,1007,10,AT,SELLABLE,3,2026-07-11T06:00:00Z
stk-hyd-de-12,2026-07-12,1007,10,DE,SELLABLE,0,2026-07-12T06:00:00Z
stk-hyd-at-12,2026-07-12,1007,10,AT,SELLABLE,4,2026-07-12T06:00:00Z
stk-hyd-de-13,2026-07-13,1007,10,DE,SELLABLE,1,2026-07-13T06:00:00Z
stk-hyd-at-13,2026-07-13,1007,10,AT,SELLABLE,0,2026-07-13T06:00:00Z
stk-hyd-de-14,2026-07-14,1007,10,DE,SELLABLE,2,2026-07-14T06:00:00Z
stk-hyd-at-14,2026-07-14,1007,10,AT,SELLABLE,1,2026-07-14T06:00:00Z
stk-hyd-de-15,2026-07-15,1007,10,DE,SELLABLE,3,2026-07-15T06:00:00Z
stk-hyd-at-15,2026-07-15,1007,10,AT,SELLABLE,2,2026-07-15T06:00:00Z
stk-hyd-de-16,2026-07-16,1007,10,DE,SELLABLE,0,2026-07-16T06:00:00Z
stk-hyd-at-16,2026-07-16,1007,10,AT,SELLABLE,3,2026-07-16T06:00:00Z
stk-hyd-de-17,2026-07-17,1007,10,DE,SELLABLE,1,2026-07-17T06:00:00Z
stk-hyd-at-17,2026-07-17,1007,10,AT,SELLABLE,4,2026-07-17T06:00:00Z
stk-hyd-de-18,2026-07-18,1007,10,DE,SELLABLE,2,2026-07-18T06:00:00Z
stk-hyd-at-18,2026-07-18,1007,10,AT,SELLABLE,0,2026-07-18T06:00:00Z
stk-hyd-de-19,2026-07-19,1007,10,DE,SELLABLE,3,2026-07-19T06:00:00Z
stk-hyd-at-19,2026-07-19,1007,10,AT,SELLABLE,1,2026-07-19T06:00:00Z
stk-hyd-de-20,2026-07-20,1007,10,DE,SELLABLE,0,2026-07-20T06:00:00Z
stk-hyd-at-20,2026-07-20,1007,10,AT,SELLABLE,2,2026-07-20T06:00:00Z
stk-hyd-de-21,2026-07-21,1007,10,DE,SELLABLE,1,2026-07-21T06:00:00Z
stk-hyd-at-21,2026-07-21,1007,10,AT,SELLABLE,3,2026-07-21T06:00:00Z
stk-hyd-de-22,2026-07-22,1007,10,DE,SELLABLE,2,2026-07-22T06:00:00Z
stk-hyd-at-22,2026-07-22,1007,10,AT,SELLABLE,4,2026-07-22T06:00:00Z
stk-hyd-de-23,2026-07-23,1007,10,DE,SELLABLE,3,2026-07-23T06:00:00Z
stk-hyd-at-23,2026-07-23,1007,10,AT,SELLABLE,0,2026-07-23T06:00:00Z
stk-hyd-de-24,2026-07-24,1007,10,DE,SELLABLE,0,2026-07-24T06:00:00Z
stk-hyd-at-24,2026-07-24,1007,10,AT,SELLABLE,1,2026-07-24T06:00:00Z
stk-hyd-de-25,2026-07-25,1007,10,DE,SELLABLE,1,2026-07-25T06:00:00Z
stk-hyd-at-25,2026-07-25,1007,10,AT,SELLABLE,2,2026-07-25T06:00:00Z
stk-hyd-de-26,2026-07-26,1007,10,DE,SELLABLE,2,2026-07-26T06:00:00Z
stk-hyd-at-26,2026-07-26,1007,10,AT,SELLABLE,3,2026-07-26T06:00:00Z
stk-hyd-de-27,2026-07-27,1007,10,DE,SELLABLE,3,2026-07-27T06:00:00Z
stk-hyd-at-27,2026-07-27,1007,10,AT,SELLABLE,4,2026-07-27T06:00:00Z
stk-hyd-de-28,2026-07-28,1007,10,DE,SELLABLE,0,2026-07-28T06:00:00Z
stk-hyd-at-28,2026-07-28,1007,10,AT,SELLABLE,0,2026-07-28T06:00:00Z
stk-hyd-de-29,2026-07-29,1007,10,DE,SELLABLE,1,2026-07-29T06:00:00Z
stk-hyd-at-29,2026-07-29,1007,10,AT,SELLABLE,1,2026-07-29T06:00:00Z
stk-hyd-de-30,2026-07-30,1007,10,DE,SELLABLE,2,2026-07-30T06:00:00Z
stk-hyd-at-30,2026-07-30,1007,10,AT,SELLABLE,2,2026-07-30T06:00:00Z
stk-hyd-de-31,2026-07-31,1007,10,DE,SELLABLE,3,2026-07-31T06:00:00Z
stk-hyd-at-31,2026-07-31,1007,10,AT,SELLABLE,3,2026-07-31T06:00:00Z
stk-jar-01,2026-07-01,1008,10,DE,SELLABLE,3,2026-07-01T06:00:00Z
stk-jar-02,2026-07-02,1008,10,DE,SELLABLE,2,2026-07-02T06:00:00Z
stk-jar-04,2026-07-04,1008,10,DE,SELLABLE,1,2026-07-04T06:00:00Z
stk-jar-05,2026-07-05,1008,10,DE,SELLABLE,0,2026-07-05T06:00:00Z
stk-jar-06,2026-07-06,1008,10,DE,SELLABLE,5,2026-07-06T06:00:00Z
stk-jar-07,2026-07-07,1008,10,DE,SELLABLE,4,2026-07-07T06:00:00Z
stk-jar-08,2026-07-08,1008,10,DE,SELLABLE,3,2026-07-08T06:00:00Z
stk-jar-09,2026-07-09,1008,10,DE,SELLABLE,2,2026-07-09T06:00:00Z
stk-jar-10,2026-07-10,1008,10,DE,SELLABLE,1,2026-07-10T06:00:00Z
stk-jar-11,2026-07-11,1008,10,DE,SELLABLE,0,2026-07-11T06:00:00Z
stk-jar-12,2026-07-12,1008,10,DE,SELLABLE,5,2026-07-12T06:00:00Z
stk-jar-13,2026-07-13,1008,10,DE,SELLABLE,4,2026-07-13T06:00:00Z
stk-jar-14,2026-07-14,1008,10,DE,SELLABLE,3,2026-07-14T06:00:00Z
stk-jar-15,2026-07-15,1008,10,DE,SELLABLE,2,2026-07-15T06:00:00Z
stk-jar-16,2026-07-16,1008,10,DE,SELLABLE,1,2026-07-16T06:00:00Z
stk-jar-17,2026-07-17,1008,10,DE,SELLABLE,0,2026-07-17T06:00:00Z
stk-jar-18,2026-07-18,1008,10,DE,SELLABLE,5,2026-07-18T06:00:00Z
stk-jar-19,2026-07-19,1008,10,DE,SELLABLE,4,2026-07-19T06:00:00Z
stk-jar-20,2026-07-20,1008,10,DE,SELLABLE,3,2026-07-20T06:00:00Z
stk-jar-21,2026-07-21,1008,10,DE,SELLABLE,2,2026-07-21T06:00:00Z
stk-jar-22,2026-07-22,1008,10,DE,SELLABLE,1,2026-07-22T06:00:00Z
stk-jar-23,2026-07-23,1008,10,DE,SELLABLE,0,2026-07-23T06:00:00Z
stk-jar-24,2026-07-24,1008,10,DE,SELLABLE,5,2026-07-24T06:00:00Z
stk-jar-25,2026-07-25,1008,10,DE,SELLABLE,4,2026-07-25T06:00:00Z
stk-jar-26,2026-07-26,1008,10,DE,SELLABLE,3,2026-07-26T06:00:00Z
stk-jar-27,2026-07-27,1008,10,DE,SELLABLE,2,2026-07-27T06:00:00Z
stk-jar-28,2026-07-28,1008,10,DE,SELLABLE,1,2026-07-28T06:00:00Z
stk-jar-29,2026-07-29,1008,10,DE,SELLABLE,0,2026-07-29T06:00:00Z
stk-jar-30,2026-07-30,1008,10,DE,SELLABLE,5,2026-07-30T06:00:00Z
stk-jar-31,2026-07-31,1008,10,DE,SELLABLE,4,2026-07-31T06:00:00Z
n-1100-01,2026-07-01,1100,10,DE,SELLABLE,29,2026-07-01T06:00:00Z
n-1100-02,2026-07-02,1100,10,DE,SELLABLE,26,2026-07-02T06:00:00Z
n-1100-04,2026-07-04,1100,10,DE,SELLABLE,28,2026-07-04T06:00:00Z
n-1100-04-r,2026-07-04,1100,10,DE,RESERVED,5,2026-07-04T06:00:00Z
n-1100-05,2026-07-05,1100,10,DE,SELLABLE,24,2026-07-05T06:00:00Z
n-1100-05-d,2026-07-05,1100,10,DE,DEFECTIVE,7,2026-07-05T06:00:00Z
n-1100-06,2026-07-06,1100,10,DE,SELLABLE,23,2026-07-06T06:00:00Z
n-1100-07,2026-07-07,1100,10,DE,SELLABLE,16,2026-07-07T06:00:00Z
n-1100-08,2026-07-08,1100,10,DE,SELLABLE,22,2026-07-08T06:00:00Z
n-1100-09,2026-07-09,1100,10,DE,SELLABLE,13,2026-07-09T06:00:00Z
n-1100-10,2026-07-10,1100,10,DE,SELLABLE,18,2026-07-10T06:00:00Z
n-1100-10-r,2026-07-10,1100,10,DE,RESERVED,6,2026-07-10T06:00:00Z
n-1100-11,2026-07-11,1100,10,DE,SELLABLE,18,2026-07-11T06:00:00Z
n-1100-12,2026-07-12,1100,10,DE,SELLABLE,23,2026-07-12T06:00:00Z
n-1100-13,2026-07-13,1100,10,DE,SELLABLE,14,2026-07-13T06:00:00Z
n-1100-14,2026-07-14,1100,10,DE,SELLABLE,17,2026-07-14T06:00:00Z
n-1100-15,2026-07-15,1100,10,DE,SELLABLE,23,2026-07-15T06:00:00Z
n-1100-16,2026-07-16,1100,10,DE,SELLABLE,13,2026-07-16T06:00:00Z
n-1100-16-r,2026-07-16,1100,10,DE,RESERVED,11,2026-07-16T06:00:00Z
n-1100-17,2026-07-17,1100,10,DE,SELLABLE,11,2026-07-17T06:00:00Z
n-1100-18,2026-07-18,1100,10,DE,SELLABLE,7,2026-07-18T06:00:00Z
n-1100-19,2026-07-19,1100,10,DE,SELLABLE,13,2026-07-19T06:00:00Z
n-1100-20,2026-07-20,1100,10,DE,SELLABLE,19,2026-07-20T06:00:00Z
n-1100-21,2026-07-21,1100,10,DE,SELLABLE,15,2026-07-21T06:00:00Z
n-1100-22,2026-07-22,1100,10,DE,SELLABLE,7,2026-07-22T06:00:00Z
n-1100-22-r,2026-07-22,1100,10,DE,RESERVED,11,2026-07-22T06:00:00Z
n-1100-22-d,2026-07-22,1100,10,DE,DEFECTIVE,5,2026-07-22T06:00:00Z
n-1100-23,2026-07-23,1100,10,DE,SELLABLE,9,2026-07-23T06:00:00Z
n-1100-24,2026-07-24,1100,10,DE,SELLABLE,1,2026-07-24T06:00:00Z
n-1100-25,2026-07-25,1100,10,DE,SELLABLE,13,2026-07-25T06:00:00Z
n-1100-26,2026-07-26,1100,10,DE,SELLABLE,0,2026-07-26T06:00:00Z
n-1100-27,2026-07-27,1100,10,DE,SELLABLE,2,2026-07-27T06:00:00Z
n-1100-28,2026-07-28,1100,10,DE,SELLABLE,7,2026-07-28T06:00:00Z
n-1100-28-r,2026-07-28,1100,10,DE,RESERVED,11,2026-07-28T06:00:00Z
n-1100-29,2026-07-29,1100,10,DE,SELLABLE,19,2026-07-29T06:00:00Z
n-1100-30,2026-07-30,1100,10,DE,SELLABLE,17,2026-07-30T06:00:00Z
n-1100-31,2026-07-31,1100,10,DE,SELLABLE,5,2026-07-31T06:00:00Z
n-1101-01,2026-07-01,1101,20,FR,SELLABLE,60,2026-07-01T06:00:00Z
n-1101-02,2026-07-02,1101,20,FR,SELLABLE,55,2026-07-02T06:00:00Z
n-1101-04,2026-07-04,1101,20,FR,SELLABLE,53,2026-07-04T06:00:00Z
n-1101-04-d,2026-07-04,1101,20,FR,DEFECTIVE,1,2026-07-04T06:00:00Z
n-1101-05,2026-07-05,1101,20,FR,SELLABLE,56,2026-07-05T06:00:00Z
n-1101-06,2026-07-06,1101,20,FR,SELLABLE,59,2026-07-06T06:00:00Z
n-1101-07,2026-07-07,1101,20,FR,SELLABLE,54,2026-07-07T06:00:00Z
n-1101-08,2026-07-08,1101,20,FR,SELLABLE,57,2026-07-08T06:00:00Z
n-1101-09,2026-07-09,1101,20,FR,SELLABLE,50,2026-07-09T06:00:00Z
n-1101-09-r,2026-07-09,1101,20,FR,RESERVED,3,2026-07-09T06:00:00Z
n-1101-10,2026-07-10,1101,20,FR,SELLABLE,58,2026-07-10T06:00:00Z
n-1101-11,2026-07-11,1101,20,FR,SELLABLE,55,2026-07-11T06:00:00Z
n-1101-12,2026-07-12,1101,20,FR,SELLABLE,47,2026-07-12T06:00:00Z
n-1101-13,2026-07-13,1101,20,FR,SELLABLE,49,2026-07-13T06:00:00Z
n-1101-14,2026-07-14,1101,20,FR,SELLABLE,46,2026-07-14T06:00:00Z
n-1101-15,2026-07-15,1101,20,FR,SELLABLE,49,2026-07-15T06:00:00Z
n-1101-15-r,2026-07-15,1101,20,FR,RESERVED,9,2026-07-15T06:00:00Z
n-1101-16,2026-07-16,1101,20,FR,SELLABLE,55,2026-07-16T06:00:00Z
n-1101-17,2026-07-17,1101,20,FR,SELLABLE,57,2026-07-17T06:00:00Z
n-1101-18,2026-07-18,1101,20,FR,SELLABLE,47,2026-07-18T06:00:00Z
n-1101-19,2026-07-19,1101,20,FR,SELLABLE,46,2026-07-19T06:00:00Z
n-1101-20,2026-07-20,1101,20,FR,SELLABLE,57,2026-07-20T06:00:00Z
n-1101-21,2026-07-21,1101,20,FR,SELLABLE,35,2026-07-21T06:00:00Z
n-1101-21-r,2026-07-21,1101,20,FR,RESERVED,9,2026-07-21T06:00:00Z
n-1101-21-d,2026-07-21,1101,20,FR,DEFECTIVE,3,2026-07-21T06:00:00Z
n-1101-22,2026-07-22,1101,20,FR,SELLABLE,48,2026-07-22T06:00:00Z
n-1101-23,2026-07-23,1101,20,FR,SELLABLE,41,2026-07-23T06:00:00Z
n-1101-24,2026-07-24,1101,20,FR,SELLABLE,42,2026-07-24T06:00:00Z
n-1101-25,2026-07-25,1101,20,FR,SELLABLE,37,2026-07-25T06:00:00Z
n-1101-26,2026-07-26,1101,20,FR,SELLABLE,45,2026-07-26T06:00:00Z
n-1101-27,2026-07-27,1101,20,FR,SELLABLE,40,2026-07-27T06:00:00Z
n-1101-27-r,2026-07-27,1101,20,FR,RESERVED,9,2026-07-27T06:00:00Z
n-1101-28,2026-07-28,1101,20,FR,SELLABLE,48,2026-07-28T06:00:00Z
n-1101-29,2026-07-29,1101,20,FR,SELLABLE,41,2026-07-29T06:00:00Z
n-1101-30,2026-07-30,1101,20,FR,SELLABLE,29,2026-07-30T06:00:00Z
n-1101-31,2026-07-31,1101,20,FR,SELLABLE,30,2026-07-31T06:00:00Z
n-1102-01,2026-07-01,1102,30,IT,SELLABLE,77,2026-07-01T06:00:00Z
n-1102-02,2026-07-02,1102,30,IT,SELLABLE,71,2026-07-02T06:00:00Z
n-1102-02-r,2026-07-02,1102,30,IT,RESERVED,10,2026-07-02T06:00:00Z
n-1102-04,2026-07-04,1102,30,IT,SELLABLE,77,2026-07-04T06:00:00Z
n-1102-05,2026-07-05,1102,30,IT,SELLABLE,72,2026-07-05T06:00:00Z
n-1102-06,2026-07-06,1102,30,IT,SELLABLE,74,2026-07-06T06:00:00Z
n-1102-07,2026-07-07,1102,30,IT,SELLABLE,69,2026-07-07T06:00:00Z
n-1102-08,2026-07-08,1102,30,IT,SELLABLE,74,2026-07-08T06:00:00Z
n-1102-08-r,2026-07-08,1102,30,IT,RESERVED,9,2026-07-08T06:00:00Z
n-1102-09,2026-07-09,1102,30,IT,SELLABLE,74,2026-07-09T06:00:00Z
n-1102-10,2026-07-10,1102,30,IT,SELLABLE,68,2026-07-10T06:00:00Z
n-1102-11,2026-07-11,1102,30,IT,SELLABLE,69,2026-07-11T06:00:00Z
n-1102-12,2026-07-12,1102,30,IT,SELLABLE,71,2026-07-12T06:00:00Z
n-1102-13,2026-07-13,1102,30,IT,SELLABLE,68,2026-07-13T06:00:00Z
n-1102-14,2026-07-14,1102,30,IT,SELLABLE,70,2026-07-14T06:00:00Z
n-1102-14-r,2026-07-14,1102,30,IT,RESERVED,4,2026-07-14T06:00:00Z
n-1102-15,2026-07-15,1102,30,IT,SELLABLE,68,2026-07-15T06:00:00Z
n-1102-16,2026-07-16,1102,30,IT,SELLABLE,61,2026-07-16T06:00:00Z
n-1102-17,2026-07-17,1102,30,IT,SELLABLE,66,2026-07-17T06:00:00Z
n-1102-18,2026-07-18,1102,30,IT,SELLABLE,60,2026-07-18T06:00:00Z
n-1102-19,2026-07-19,1102,30,IT,SELLABLE,52,2026-07-19T06:00:00Z
n-1102-20,2026-07-20,1102,30,IT,SELLABLE,65,2026-07-20T06:00:00Z
n-1102-20-r,2026-07-20,1102,30,IT,RESERVED,9,2026-07-20T06:00:00Z
n-1102-20-d,2026-07-20,1102,30,IT,DEFECTIVE,8,2026-07-20T06:00:00Z
n-1102-21,2026-07-21,1102,30,IT,SELLABLE,54,2026-07-21T06:00:00Z
n-1102-22,2026-07-22,1102,30,IT,SELLABLE,60,2026-07-22T06:00:00Z
n-1102-23,2026-07-23,1102,30,IT,SELLABLE,70,2026-07-23T06:00:00Z
n-1102-24,2026-07-24,1102,30,IT,SELLABLE,64,2026-07-24T06:00:00Z
n-1102-25,2026-07-25,1102,30,IT,SELLABLE,69,2026-07-25T06:00:00Z
n-1102-26,2026-07-26,1102,30,IT,SELLABLE,57,2026-07-26T06:00:00Z
n-1102-26-r,2026-07-26,1102,30,IT,RESERVED,9,2026-07-26T06:00:00Z
n-1102-27,2026-07-27,1102,30,IT,SELLABLE,73,2026-07-27T06:00:00Z
n-1102-28,2026-07-28,1102,30,IT,SELLABLE,66,2026-07-28T06:00:00Z
n-1102-29,2026-07-29,1102,30,IT,SELLABLE,48,2026-07-29T06:00:00Z
n-1102-30,2026-07-30,1102,30,IT,SELLABLE,52,2026-07-30T06:00:00Z
n-1102-31,2026-07-31,1102,30,IT,SELLABLE,71,2026-07-31T06:00:00Z
n-1103-01,2026-07-01,1103,40,ES,SELLABLE,29,2026-07-01T06:00:00Z
n-1103-01-r,2026-07-01,1103,40,ES,RESERVED,11,2026-07-01T06:00:00Z
n-1103-02,2026-07-02,1103,40,ES,SELLABLE,24,2026-07-02T06:00:00Z
n-1103-02-d,2026-07-02,1103,40,ES,DEFECTIVE,4,2026-07-02T06:00:00Z
n-1103-04,2026-07-04,1103,40,ES,SELLABLE,20,2026-07-04T06:00:00Z
n-1103-05,2026-07-05,1103,40,ES,SELLABLE,22,2026-07-05T06:00:00Z
n-1103-06,2026-07-06,1103,40,ES,SELLABLE,15,2026-07-06T06:00:00Z
n-1103-07,2026-07-07,1103,40,ES,SELLABLE,23,2026-07-07T06:00:00Z
n-1103-07-r,2026-07-07,1103,40,ES,RESERVED,4,2026-07-07T06:00:00Z
n-1103-08,2026-07-08,1103,40,ES,SELLABLE,15,2026-07-08T06:00:00Z
n-1103-09,2026-07-09,1103,40,ES,SELLABLE,25,2026-07-09T06:00:00Z
n-1103-10,2026-07-10,1103,40,ES,SELLABLE,70,2026-07-10T06:00:00Z
n-1103-11,2026-07-11,1103,40,ES,SELLABLE,69,2026-07-11T06:00:00Z
n-1103-12,2026-07-12,1103,40,ES,SELLABLE,68,2026-07-12T06:00:00Z
n-1103-13,2026-07-13,1103,40,ES,SELLABLE,67,2026-07-13T06:00:00Z
n-1103-13-r,2026-07-13,1103,40,ES,RESERVED,9,2026-07-13T06:00:00Z
n-1103-14,2026-07-14,1103,40,ES,SELLABLE,66,2026-07-14T06:00:00Z
n-1103-15,2026-07-15,1103,40,ES,SELLABLE,8,2026-07-15T06:00:00Z
n-1103-16,2026-07-16,1103,40,ES,SELLABLE,16,2026-07-16T06:00:00Z
n-1103-17,2026-07-17,1103,40,ES,SELLABLE,13,2026-07-17T06:00:00Z
n-1103-18,2026-07-18,1103,40,ES,SELLABLE,19,2026-07-18T06:00:00Z
n-1103-19,2026-07-19,1103,40,ES,SELLABLE,19,2026-07-19T06:00:00Z
n-1103-19-r,2026-07-19,1103,40,ES,RESERVED,2,2026-07-19T06:00:00Z
n-1103-19-d,2026-07-19,1103,40,ES,DEFECTIVE,7,2026-07-19T06:00:00Z
n-1103-20,2026-07-20,1103,40,ES,SELLABLE,11,2026-07-20T06:00:00Z
n-1103-21,2026-07-21,1103,40,ES,SELLABLE,0,2026-07-21T06:00:00Z
n-1103-22,2026-07-22,1103,40,ES,SELLABLE,6,2026-07-22T06:00:00Z
n-1103-23,2026-07-23,1103,40,ES,SELLABLE,19,2026-07-23T06:00:00Z
n-1103-24,2026-07-24,1103,40,ES,SELLABLE,4,2026-07-24T06:00:00Z
n-1103-25,2026-07-25,1103,40,ES,SELLABLE,6,2026-07-25T06:00:00Z
n-1103-25-r,2026-07-25,1103,40,ES,RESERVED,3,2026-07-25T06:00:00Z
n-1103-26,2026-07-26,1103,40,ES,SELLABLE,15,2026-07-26T06:00:00Z
n-1103-27,2026-07-27,1103,40,ES,SELLABLE,3,2026-07-27T06:00:00Z
n-1103-28,2026-07-28,1103,40,ES,SELLABLE,0,2026-07-28T06:00:00Z
n-1103-29,2026-07-29,1103,40,ES,SELLABLE,14,2026-07-29T06:00:00Z
n-1103-30,2026-07-30,1103,40,ES,SELLABLE,0,2026-07-30T06:00:00Z
n-1103-31,2026-07-31,1103,40,ES,SELLABLE,14,2026-07-31T06:00:00Z
n-1103-31-r,2026-07-31,1103,40,ES,RESERVED,11,2026-07-31T06:00:00Z
n-1104-01,2026-07-01,1104,10,DE,SELLABLE,7,2026-07-01T06:00:00Z
n-1104-01-d,2026-07-01,1104,10,DE,DEFECTIVE,6,2026-07-01T06:00:00Z
n-1104-02,2026-07-02,1104,10,DE,SELLABLE,12,2026-07-02T06:00:00Z
n-1104-04,2026-07-04,1104,10,DE,SELLABLE,8,2026-07-04T06:00:00Z
n-1104-05,2026-07-05,1104,10,DE,SELLABLE,9,2026-07-05T06:00:00Z
n-1104-06,2026-07-06,1104,10,DE,SELLABLE,10,2026-07-06T06:00:00Z
n-1104-06-r,2026-07-06,1104,10,DE,RESERVED,1,2026-07-06T06:00:00Z
n-1104-07,2026-07-07,1104,10,DE,SELLABLE,9,2026-07-07T06:00:00Z
n-1104-08,2026-07-08,1104,10,DE,SELLABLE,3,2026-07-08T06:00:00Z
n-1104-09,2026-07-09,1104,10,DE,SELLABLE,7,2026-07-09T06:00:00Z
n-1104-10,2026-07-10,1104,10,DE,SELLABLE,0,2026-07-10T06:00:00Z
n-1104-11,2026-07-11,1104,10,DE,SELLABLE,6,2026-07-11T06:00:00Z
n-1104-12,2026-07-12,1104,10,DE,SELLABLE,6,2026-07-12T06:00:00Z
n-1104-12-r,2026-07-12,1104,10,DE,RESERVED,4,2026-07-12T06:00:00Z
n-1104-13,2026-07-13,1104,10,DE,SELLABLE,12,2026-07-13T06:00:00Z
n-1104-14,2026-07-14,1104,10,DE,SELLABLE,4,2026-07-14T06:00:00Z
n-1104-15,2026-07-15,1104,10,DE,SELLABLE,3,2026-07-15T06:00:00Z
n-1104-16,2026-07-16,1104,10,DE,SELLABLE,0,2026-07-16T06:00:00Z
n-1104-17,2026-07-17,1104,10,DE,SELLABLE,0,2026-07-17T06:00:00Z
n-1104-18,2026-07-18,1104,10,DE,SELLABLE,0,2026-07-18T06:00:00Z
n-1104-18-r,2026-07-18,1104,10,DE,RESERVED,10,2026-07-18T06:00:00Z
n-1104-18-d,2026-07-18,1104,10,DE,DEFECTIVE,2,2026-07-18T06:00:00Z
n-1104-19,2026-07-19,1104,10,DE,SELLABLE,5,2026-07-19T06:00:00Z
n-1104-20,2026-07-20,1104,10,DE,SELLABLE,0,2026-07-20T06:00:00Z
n-1104-21,2026-07-21,1104,10,DE,SELLABLE,12,2026-07-21T06:00:00Z
n-1104-22,2026-07-22,1104,10,DE,SELLABLE,1,2026-07-22T06:00:00Z
n-1104-23,2026-07-23,1104,10,DE,SELLABLE,0,2026-07-23T06:00:00Z
n-1104-24,2026-07-24,1104,10,DE,SELLABLE,0,2026-07-24T06:00:00Z
n-1104-24-r,2026-07-24,1104,10,DE,RESERVED,2,2026-07-24T06:00:00Z
n-1104-25,2026-07-25,1104,10,DE,SELLABLE,0,2026-07-25T06:00:00Z
n-1104-26,2026-07-26,1104,10,DE,SELLABLE,0,2026-07-26T06:00:00Z
n-1104-27,2026-07-27,1104,10,DE,SELLABLE,0,2026-07-27T06:00:00Z
n-1104-28,2026-07-28,1104,10,DE,SELLABLE,0,2026-07-28T06:00:00Z
n-1104-29,2026-07-29,1104,10,DE,SELLABLE,6,2026-07-29T06:00:00Z
n-1104-30,2026-07-30,1104,10,DE,SELLABLE,0,2026-07-30T06:00:00Z
n-1104-30-r,2026-07-30,1104,10,DE,RESERVED,11,2026-07-30T06:00:00Z
n-1104-31,2026-07-31,1104,10,DE,SELLABLE,0,2026-07-31T06:00:00Z
n-1105-01,2026-07-01,1105,20,FR,SELLABLE,15,2026-07-01T06:00:00Z
n-1105-02,2026-07-02,1105,20,FR,SELLABLE,18,2026-07-02T06:00:00Z
n-1105-04,2026-07-04,1105,20,FR,SELLABLE,16,2026-07-04T06:00:00Z
n-1105-05,2026-07-05,1105,20,FR,SELLABLE,13,2026-07-05T06:00:00Z
n-1105-05-r,2026-07-05,1105,20,FR,RESERVED,7,2026-07-05T06:00:00Z
n-1105-06,2026-07-06,1105,20,FR,SELLABLE,14,2026-07-06T06:00:00Z
n-1105-07,2026-07-07,1105,20,FR,SELLABLE,14,2026-07-07T06:00:00Z
n-1105-08,2026-07-08,1105,20,FR,SELLABLE,18,2026-07-08T06:00:00Z
n-1105-09,2026-07-09,1105,20,FR,SELLABLE,13,2026-07-09T06:00:00Z
n-1105-10,2026-07-10,1105,20,FR,SELLABLE,6,2026-07-10T06:00:00Z
n-1105-11,2026-07-11,1105,20,FR,SELLABLE,9,2026-07-11T06:00:00Z
n-1105-11-r,2026-07-11,1105,20,FR,RESERVED,8,2026-07-11T06:00:00Z
n-1105-12,2026-07-12,1105,20,FR,SELLABLE,9,2026-07-12T06:00:00Z
n-1105-13,2026-07-13,1105,20,FR,SELLABLE,10,2026-07-13T06:00:00Z
n-1105-14,2026-07-14,1105,20,FR,SELLABLE,14,2026-07-14T06:00:00Z
n-1105-15,2026-07-15,1105,20,FR,SELLABLE,8,2026-07-15T06:00:00Z
n-1105-16,2026-07-16,1105,20,FR,SELLABLE,5,2026-07-16T06:00:00Z
n-1105-17,2026-07-17,1105,20,FR,SELLABLE,7,2026-07-17T06:00:00Z
n-1105-17-r,2026-07-17,1105,20,FR,RESERVED,10,2026-07-17T06:00:00Z
n-1105-17-d,2026-07-17,1105,20,FR,DEFECTIVE,2,2026-07-17T06:00:00Z
n-1105-18,2026-07-18,1105,20,FR,SELLABLE,11,2026-07-18T06:00:00Z
n-1105-19,2026-07-19,1105,20,FR,SELLABLE,8,2026-07-19T06:00:00Z
n-1105-20,2026-07-20,1105,20,FR,SELLABLE,3,2026-07-20T06:00:00Z
n-1105-21,2026-07-21,1105,20,FR,SELLABLE,4,2026-07-21T06:00:00Z
n-1105-22,2026-07-22,1105,20,FR,SELLABLE,16,2026-07-22T06:00:00Z
n-1105-23,2026-07-23,1105,20,FR,SELLABLE,0,2026-07-23T06:00:00Z
n-1105-23-r,2026-07-23,1105,20,FR,RESERVED,7,2026-07-23T06:00:00Z
n-1105-24,2026-07-24,1105,20,FR,SELLABLE,8,2026-07-24T06:00:00Z
n-1105-25,2026-07-25,1105,20,FR,SELLABLE,0,2026-07-25T06:00:00Z
n-1105-26,2026-07-26,1105,20,FR,SELLABLE,0,2026-07-26T06:00:00Z
n-1105-27,2026-07-27,1105,20,FR,SELLABLE,0,2026-07-27T06:00:00Z
n-1105-28,2026-07-28,1105,20,FR,SELLABLE,2,2026-07-28T06:00:00Z
n-1105-29,2026-07-29,1105,20,FR,SELLABLE,0,2026-07-29T06:00:00Z
n-1105-29-r,2026-07-29,1105,20,FR,RESERVED,5,2026-07-29T06:00:00Z
n-1105-30,2026-07-30,1105,20,FR,SELLABLE,5,2026-07-30T06:00:00Z
n-1105-31,2026-07-31,1105,20,FR,SELLABLE,0,2026-07-31T06:00:00Z
n-1106-01,2026-07-01,1106,30,IT,SELLABLE,31,2026-07-01T06:00:00Z
n-1106-02,2026-07-02,1106,30,IT,SELLABLE,31,2026-07-02T06:00:00Z
n-1106-04,2026-07-04,1106,30,IT,SELLABLE,30,2026-07-04T06:00:00Z
n-1106-04-r,2026-07-04,1106,30,IT,RESERVED,1,2026-07-04T06:00:00Z
n-1106-05,2026-07-05,1106,30,IT,SELLABLE,32,2026-07-05T06:00:00Z
n-1106-06,2026-07-06,1106,30,IT,SELLABLE,30,2026-07-06T06:00:00Z
n-1106-07,2026-07-07,1106,30,IT,SELLABLE,32,2026-07-07T06:00:00Z
n-1106-08,2026-07-08,1106,30,IT,SELLABLE,34,2026-07-08T06:00:00Z
n-1106-09,2026-07-09,1106,30,IT,SELLABLE,24,2026-07-09T06:00:00Z
n-1106-10,2026-07-10,1106,30,IT,SELLABLE,31,2026-07-10T06:00:00Z
n-1106-10-r,2026-07-10,1106,30,IT,RESERVED,7,2026-07-10T06:00:00Z
n-1106-11,2026-07-11,1106,30,IT,SELLABLE,32,2026-07-11T06:00:00Z
n-1106-12,2026-07-12,1106,30,IT,SELLABLE,29,2026-07-12T06:00:00Z
n-1106-13,2026-07-13,1106,30,IT,SELLABLE,17,2026-07-13T06:00:00Z
n-1106-14,2026-07-14,1106,30,IT,SELLABLE,29,2026-07-14T06:00:00Z
n-1106-15,2026-07-15,1106,30,IT,SELLABLE,23,2026-07-15T06:00:00Z
n-1106-16,2026-07-16,1106,30,IT,SELLABLE,21,2026-07-16T06:00:00Z
n-1106-16-r,2026-07-16,1106,30,IT,RESERVED,9,2026-07-16T06:00:00Z
n-1106-16-d,2026-07-16,1106,30,IT,DEFECTIVE,7,2026-07-16T06:00:00Z
n-1106-17,2026-07-17,1106,30,IT,SELLABLE,14,2026-07-17T06:00:00Z
n-1106-18,2026-07-18,1106,30,IT,SELLABLE,20,2026-07-18T06:00:00Z
n-1106-19,2026-07-19,1106,30,IT,SELLABLE,17,2026-07-19T06:00:00Z
n-1106-20,2026-07-20,1106,30,IT,SELLABLE,23,2026-07-20T06:00:00Z
n-1106-21,2026-07-21,1106,30,IT,SELLABLE,22,2026-07-21T06:00:00Z
n-1106-22,2026-07-22,1106,30,IT,SELLABLE,24,2026-07-22T06:00:00Z
n-1106-22-r,2026-07-22,1106,30,IT,RESERVED,3,2026-07-22T06:00:00Z
n-1106-23,2026-07-23,1106,30,IT,SELLABLE,27,2026-07-23T06:00:00Z
n-1106-24,2026-07-24,1106,30,IT,SELLABLE,15,2026-07-24T06:00:00Z
n-1106-25,2026-07-25,1106,30,IT,SELLABLE,16,2026-07-25T06:00:00Z
n-1106-26,2026-07-26,1106,30,IT,SELLABLE,18,2026-07-26T06:00:00Z
n-1106-27,2026-07-27,1106,30,IT,SELLABLE,5,2026-07-27T06:00:00Z
n-1106-28,2026-07-28,1106,30,IT,SELLABLE,28,2026-07-28T06:00:00Z
n-1106-28-r,2026-07-28,1106,30,IT,RESERVED,10,2026-07-28T06:00:00Z
n-1106-29,2026-07-29,1106,30,IT,SELLABLE,26,2026-07-29T06:00:00Z
n-1106-30,2026-07-30,1106,30,IT,SELLABLE,14,2026-07-30T06:00:00Z
n-1106-31,2026-07-31,1106,30,IT,SELLABLE,2,2026-07-31T06:00:00Z
n-1107-01,2026-07-01,1107,40,ES,SELLABLE,22,2026-07-01T06:00:00Z
n-1107-02,2026-07-02,1107,40,ES,SELLABLE,25,2026-07-02T06:00:00Z
n-1107-04,2026-07-04,1107,40,ES,SELLABLE,25,2026-07-04T06:00:00Z
n-1107-05,2026-07-05,1107,40,ES,SELLABLE,17,2026-07-05T06:00:00Z
n-1107-06,2026-07-06,1107,40,ES,SELLABLE,19,2026-07-06T06:00:00Z
n-1107-07,2026-07-07,1107,40,ES,SELLABLE,18,2026-07-07T06:00:00Z
n-1107-08,2026-07-08,1107,40,ES,SELLABLE,16,2026-07-08T06:00:00Z
n-1107-09,2026-07-09,1107,40,ES,SELLABLE,14,2026-07-09T06:00:00Z
n-1107-09-r,2026-07-09,1107,40,ES,RESERVED,11,2026-07-09T06:00:00Z
n-1107-10,2026-07-10,1107,40,ES,SELLABLE,21,2026-07-10T06:00:00Z
n-1107-11,2026-07-11,1107,40,ES,SELLABLE,20,2026-07-11T06:00:00Z
n-1107-12,2026-07-12,1107,40,ES,SELLABLE,15,2026-07-12T06:00:00Z
n-1107-13,2026-07-13,1107,40,ES,SELLABLE,7,2026-07-13T06:00:00Z
n-1107-14,2026-07-14,1107,40,ES,SELLABLE,11,2026-07-14T06:00:00Z
n-1107-15,2026-07-15,1107,40,ES,SELLABLE,15,2026-07-15T06:00:00Z
n-1107-15-r,2026-07-15,1107,40,ES,RESERVED,12,2026-07-15T06:00:00Z
n-1107-15-d,2026-07-15,1107,40,ES,DEFECTIVE,4,2026-07-15T06:00:00Z
n-1107-16,2026-07-16,1107,40,ES,SELLABLE,5,2026-07-16T06:00:00Z
n-1107-17,2026-07-17,1107,40,ES,SELLABLE,6,2026-07-17T06:00:00Z
n-1107-18,2026-07-18,1107,40,ES,SELLABLE,17,2026-07-18T06:00:00Z
n-1107-19,2026-07-19,1107,40,ES,SELLABLE,20,2026-07-19T06:00:00Z
n-1107-20,2026-07-20,1107,40,ES,SELLABLE,6,2026-07-20T06:00:00Z
n-1107-21,2026-07-21,1107,40,ES,SELLABLE,2,2026-07-21T06:00:00Z
n-1107-21-r,2026-07-21,1107,40,ES,RESERVED,7,2026-07-21T06:00:00Z
n-1107-22,2026-07-22,1107,40,ES,SELLABLE,0,2026-07-22T06:00:00Z
n-1107-23,2026-07-23,1107,40,ES,SELLABLE,0,2026-07-23T06:00:00Z
n-1107-24,2026-07-24,1107,40,ES,SELLABLE,0,2026-07-24T06:00:00Z
n-1107-25,2026-07-25,1107,40,ES,SELLABLE,7,2026-07-25T06:00:00Z
n-1107-26,2026-07-26,1107,40,ES,SELLABLE,9,2026-07-26T06:00:00Z
n-1107-27,2026-07-27,1107,40,ES,SELLABLE,17,2026-07-27T06:00:00Z
n-1107-27-r,2026-07-27,1107,40,ES,RESERVED,10,2026-07-27T06:00:00Z
n-1107-28,2026-07-28,1107,40,ES,SELLABLE,17,2026-07-28T06:00:00Z
n-1107-29,2026-07-29,1107,40,ES,SELLABLE,9,2026-07-29T06:00:00Z
n-1107-30,2026-07-30,1107,40,ES,SELLABLE,0,2026-07-30T06:00:00Z
n-1107-31,2026-07-31,1107,40,ES,SELLABLE,15,2026-07-31T06:00:00Z
n-1108-01,2026-07-01,1108,10,DE,SELLABLE,43,2026-07-01T06:00:00Z
n-1108-02,2026-07-02,1108,10,DE,SELLABLE,43,2026-07-02T06:00:00Z
n-1108-02-r,2026-07-02,1108,10,DE,RESERVED,7,2026-07-02T06:00:00Z
n-1108-04,2026-07-04,1108,10,DE,SELLABLE,44,2026-07-04T06:00:00Z
n-1108-05,2026-07-05,1108,10,DE,SELLABLE,40,2026-07-05T06:00:00Z
n-1108-06,2026-07-06,1108,10,DE,SELLABLE,37,2026-07-06T06:00:00Z
n-1108-07,2026-07-07,1108,10,DE,SELLABLE,35,2026-07-07T06:00:00Z
n-1108-08,2026-07-08,1108,10,DE,SELLABLE,40,2026-07-08T06:00:00Z
n-1108-08-r,2026-07-08,1108,10,DE,RESERVED,3,2026-07-08T06:00:00Z
n-1108-09,2026-07-09,1108,10,DE,SELLABLE,38,2026-07-09T06:00:00Z
n-1108-10,2026-07-10,1108,10,DE,SELLABLE,35,2026-07-10T06:00:00Z
n-1108-11,2026-07-11,1108,10,DE,SELLABLE,37,2026-07-11T06:00:00Z
n-1108-12,2026-07-12,1108,10,DE,SELLABLE,38,2026-07-12T06:00:00Z
n-1108-13,2026-07-13,1108,10,DE,SELLABLE,42,2026-07-13T06:00:00Z
n-1108-14,2026-07-14,1108,10,DE,SELLABLE,34,2026-07-14T06:00:00Z
n-1108-14-r,2026-07-14,1108,10,DE,RESERVED,1,2026-07-14T06:00:00Z
n-1108-14-d,2026-07-14,1108,10,DE,DEFECTIVE,5,2026-07-14T06:00:00Z
n-1108-15,2026-07-15,1108,10,DE,SELLABLE,38,2026-07-15T06:00:00Z
n-1108-16,2026-07-16,1108,10,DE,SELLABLE,41,2026-07-16T06:00:00Z
n-1108-17,2026-07-17,1108,10,DE,SELLABLE,36,2026-07-17T06:00:00Z
n-1108-18,2026-07-18,1108,10,DE,SELLABLE,26,2026-07-18T06:00:00Z
n-1108-19,2026-07-19,1108,10,DE,SELLABLE,42,2026-07-19T06:00:00Z
n-1108-20,2026-07-20,1108,10,DE,SELLABLE,39,2026-07-20T06:00:00Z
n-1108-20-r,2026-07-20,1108,10,DE,RESERVED,10,2026-07-20T06:00:00Z
n-1108-21,2026-07-21,1108,10,DE,SELLABLE,28,2026-07-21T06:00:00Z
n-1108-22,2026-07-22,1108,10,DE,SELLABLE,36,2026-07-22T06:00:00Z
n-1108-23,2026-07-23,1108,10,DE,SELLABLE,34,2026-07-23T06:00:00Z
n-1108-24,2026-07-24,1108,10,DE,SELLABLE,39,2026-07-24T06:00:00Z
n-1108-25,2026-07-25,1108,10,DE,SELLABLE,20,2026-07-25T06:00:00Z
n-1108-26,2026-07-26,1108,10,DE,SELLABLE,25,2026-07-26T06:00:00Z
n-1108-26-r,2026-07-26,1108,10,DE,RESERVED,5,2026-07-26T06:00:00Z
n-1108-27,2026-07-27,1108,10,DE,SELLABLE,28,2026-07-27T06:00:00Z
n-1108-28,2026-07-28,1108,10,DE,SELLABLE,36,2026-07-28T06:00:00Z
n-1108-29,2026-07-29,1108,10,DE,SELLABLE,13,2026-07-29T06:00:00Z
n-1108-30,2026-07-30,1108,10,DE,SELLABLE,19,2026-07-30T06:00:00Z
n-1108-31,2026-07-31,1108,10,DE,SELLABLE,23,2026-07-31T06:00:00Z
n-1108-31-d,2026-07-31,1108,10,DE,DEFECTIVE,8,2026-07-31T06:00:00Z
n-1109-01,2026-07-01,1109,20,FR,SELLABLE,44,2026-07-01T06:00:00Z
n-1109-01-r,2026-07-01,1109,20,FR,RESERVED,3,2026-07-01T06:00:00Z
n-1109-02,2026-07-02,1109,20,FR,SELLABLE,52,2026-07-02T06:00:00Z
n-1109-04,2026-07-04,1109,20,FR,SELLABLE,50,2026-07-04T06:00:00Z
n-1109-05,2026-07-05,1109,20,FR,SELLABLE,42,2026-07-05T06:00:00Z
n-1109-06,2026-07-06,1109,20,FR,SELLABLE,49,2026-07-06T06:00:00Z
n-1109-07,2026-07-07,1109,20,FR,SELLABLE,45,2026-07-07T06:00:00Z
n-1109-07-r,2026-07-07,1109,20,FR,RESERVED,4,2026-07-07T06:00:00Z
n-1109-08,2026-07-08,1109,20,FR,SELLABLE,47,2026-07-08T06:00:00Z
n-1109-09,2026-07-09,1109,20,FR,SELLABLE,44,2026-07-09T06:00:00Z
n-1109-10,2026-07-10,1109,20,FR,SELLABLE,36,2026-07-10T06:00:00Z
n-1109-11,2026-07-11,1109,20,FR,SELLABLE,40,2026-07-11T06:00:00Z
n-1109-12,2026-07-12,1109,20,FR,SELLABLE,38,2026-07-12T06:00:00Z
n-1109-13,2026-07-13,1109,20,FR,SELLABLE,38,2026-07-13T06:00:00Z
n-1109-13-r,2026-07-13,1109,20,FR,RESERVED,4,2026-07-13T06:00:00Z
n-1109-13-d,2026-07-13,1109,20,FR,DEFECTIVE,7,2026-07-13T06:00:00Z
n-1109-14,2026-07-14,1109,20,FR,SELLABLE,45,2026-07-14T06:00:00Z
n-1109-15,2026-07-15,1109,20,FR,SELLABLE,40,2026-07-15T06:00:00Z
n-1109-16,2026-07-16,1109,20,FR,SELLABLE,30,2026-07-16T06:00:00Z
n-1109-17,2026-07-17,1109,20,FR,SELLABLE,38,2026-07-17T06:00:00Z
n-1109-18,2026-07-18,1109,20,FR,SELLABLE,46,2026-07-18T06:00:00Z
n-1109-19,2026-07-19,1109,20,FR,SELLABLE,33,2026-07-19T06:00:00Z
n-1109-19-r,2026-07-19,1109,20,FR,RESERVED,11,2026-07-19T06:00:00Z
n-1109-20,2026-07-20,1109,20,FR,SELLABLE,31,2026-07-20T06:00:00Z
n-1109-21,2026-07-21,1109,20,FR,SELLABLE,39,2026-07-21T06:00:00Z
n-1109-22,2026-07-22,1109,20,FR,SELLABLE,35,2026-07-22T06:00:00Z
n-1109-23,2026-07-23,1109,20,FR,SELLABLE,40,2026-07-23T06:00:00Z
n-1109-24,2026-07-24,1109,20,FR,SELLABLE,42,2026-07-24T06:00:00Z
n-1109-25,2026-07-25,1109,20,FR,SELLABLE,45,2026-07-25T06:00:00Z
n-1109-25-r,2026-07-25,1109,20,FR,RESERVED,2,2026-07-25T06:00:00Z
n-1109-26,2026-07-26,1109,20,FR,SELLABLE,44,2026-07-26T06:00:00Z
n-1109-27,2026-07-27,1109,20,FR,SELLABLE,42,2026-07-27T06:00:00Z
n-1109-28,2026-07-28,1109,20,FR,SELLABLE,27,2026-07-28T06:00:00Z
n-1109-29,2026-07-29,1109,20,FR,SELLABLE,35,2026-07-29T06:00:00Z
n-1109-30,2026-07-30,1109,20,FR,SELLABLE,16,2026-07-30T06:00:00Z
n-1109-30-d,2026-07-30,1109,20,FR,DEFECTIVE,3,2026-07-30T06:00:00Z
n-1109-31,2026-07-31,1109,20,FR,SELLABLE,15,2026-07-31T06:00:00Z
n-1109-31-r,2026-07-31,1109,20,FR,RESERVED,11,2026-07-31T06:00:00Z
n-1110-01,2026-07-01,1110,30,IT,SELLABLE,55,2026-07-01T06:00:00Z
n-1110-02,2026-07-02,1110,30,IT,SELLABLE,56,2026-07-02T06:00:00Z
n-1110-04,2026-07-04,1110,30,IT,SELLABLE,52,2026-07-04T06:00:00Z
n-1110-05,2026-07-05,1110,30,IT,SELLABLE,58,2026-07-05T06:00:00Z
n-1110-06,2026-07-06,1110,30,IT,SELLABLE,54,2026-07-06T06:00:00Z
n-1110-06-r,2026-07-06,1110,30,IT,RESERVED,6,2026-07-06T06:00:00Z
n-1110-07,2026-07-07,1110,30,IT,SELLABLE,54,2026-07-07T06:00:00Z
n-1110-08,2026-07-08,1110,30,IT,SELLABLE,51,2026-07-08T06:00:00Z
n-1110-09,2026-07-09,1110,30,IT,SELLABLE,52,2026-07-09T06:00:00Z
n-1110-10,2026-07-10,1110,30,IT,SELLABLE,51,2026-07-10T06:00:00Z
n-1110-11,2026-07-11,1110,30,IT,SELLABLE,50,2026-07-11T06:00:00Z
n-1110-12,2026-07-12,1110,30,IT,SELLABLE,49,2026-07-12T06:00:00Z
n-1110-12-r,2026-07-12,1110,30,IT,RESERVED,4,2026-07-12T06:00:00Z
n-1110-12-d,2026-07-12,1110,30,IT,DEFECTIVE,3,2026-07-12T06:00:00Z
n-1110-13,2026-07-13,1110,30,IT,SELLABLE,53,2026-07-13T06:00:00Z
n-1110-14,2026-07-14,1110,30,IT,SELLABLE,48,2026-07-14T06:00:00Z
n-1110-15,2026-07-15,1110,30,IT,SELLABLE,43,2026-07-15T06:00:00Z
n-1110-16,2026-07-16,1110,30,IT,SELLABLE,49,2026-07-16T06:00:00Z
n-1110-17,2026-07-17,1110,30,IT,SELLABLE,46,2026-07-17T06:00:00Z
n-1110-18,2026-07-18,1110,30,IT,SELLABLE,49,2026-07-18T06:00:00Z
n-1110-18-r,2026-07-18,1110,30,IT,RESERVED,4,2026-07-18T06:00:00Z
n-1110-19,2026-07-19,1110,30,IT,SELLABLE,44,2026-07-19T06:00:00Z
n-1110-20,2026-07-20,1110,30,IT,SELLABLE,56,2026-07-20T06:00:00Z
n-1110-21,2026-07-21,1110,30,IT,SELLABLE,39,2026-07-21T06:00:00Z
n-1110-22,2026-07-22,1110,30,IT,SELLABLE,48,2026-07-22T06:00:00Z
n-1110-23,2026-07-23,1110,30,IT,SELLABLE,36,2026-07-23T06:00:00Z
n-1110-24,2026-07-24,1110,30,IT,SELLABLE,39,2026-07-24T06:00:00Z
n-1110-24-r,2026-07-24,1110,30,IT,RESERVED,12,2026-07-24T06:00:00Z
n-1110-25,2026-07-25,1110,30,IT,SELLABLE,35,2026-07-25T06:00:00Z
n-1110-26,2026-07-26,1110,30,IT,SELLABLE,51,2026-07-26T06:00:00Z
n-1110-27,2026-07-27,1110,30,IT,SELLABLE,48,2026-07-27T06:00:00Z
n-1110-28,2026-07-28,1110,30,IT,SELLABLE,38,2026-07-28T06:00:00Z
n-1110-29,2026-07-29,1110,30,IT,SELLABLE,29,2026-07-29T06:00:00Z
n-1110-29-d,2026-07-29,1110,30,IT,DEFECTIVE,3,2026-07-29T06:00:00Z
n-1110-30,2026-07-30,1110,30,IT,SELLABLE,39,2026-07-30T06:00:00Z
n-1110-30-r,2026-07-30,1110,30,IT,RESERVED,10,2026-07-30T06:00:00Z
n-1110-31,2026-07-31,1110,30,IT,SELLABLE,33,2026-07-31T06:00:00Z
n-1111-01,2026-07-01,1111,40,ES,SELLABLE,45,2026-07-01T06:00:00Z
n-1111-02,2026-07-02,1111,40,ES,SELLABLE,49,2026-07-02T06:00:00Z
n-1111-04,2026-07-04,1111,40,ES,SELLABLE,39,2026-07-04T06:00:00Z
n-1111-05,2026-07-05,1111,40,ES,SELLABLE,46,2026-07-05T06:00:00Z
n-1111-05-r,2026-07-05,1111,40,ES,RESERVED,6,2026-07-05T06:00:00Z
n-1111-06,2026-07-06,1111,40,ES,SELLABLE,42,2026-07-06T06:00:00Z
n-1111-07,2026-07-07,1111,40,ES,SELLABLE,40,2026-07-07T06:00:00Z
n-1111-08,2026-07-08,1111,40,ES,SELLABLE,41,2026-07-08T06:00:00Z
n-1111-09,2026-07-09,1111,40,ES,SELLABLE,42,2026-07-09T06:00:00Z
n-1111-10,2026-07-10,1111,40,ES,SELLABLE,42,2026-07-10T06:00:00Z
n-1111-11,2026-07-11,1111,40,ES,SELLABLE,41,2026-07-11T06:00:00Z
n-1111-11-r,2026-07-11,1111,40,ES,RESERVED,11,2026-07-11T06:00:00Z
n-1111-11-d,2026-07-11,1111,40,ES,DEFECTIVE,3,2026-07-11T06:00:00Z
n-1111-12,2026-07-12,1111,40,ES,SELLABLE,37,2026-07-12T06:00:00Z
n-1111-13,2026-07-13,1111,40,ES,SELLABLE,39,2026-07-13T06:00:00Z
n-1111-14,2026-07-14,1111,40,ES,SELLABLE,39,2026-07-14T06:00:00Z
n-1111-15,2026-07-15,1111,40,ES,SELLABLE,37,2026-07-15T06:00:00Z
n-1111-16,2026-07-16,1111,40,ES,SELLABLE,36,2026-07-16T06:00:00Z
n-1111-17,2026-07-17,1111,40,ES,SELLABLE,34,2026-07-17T06:00:00Z
n-1111-17-r,2026-07-17,1111,40,ES,RESERVED,12,2026-07-17T06:00:00Z
n-1111-18,2026-07-18,1111,40,ES,SELLABLE,25,2026-07-18T06:00:00Z
n-1111-19,2026-07-19,1111,40,ES,SELLABLE,38,2026-07-19T06:00:00Z
n-1111-20,2026-07-20,1111,40,ES,SELLABLE,34,2026-07-20T06:00:00Z
n-1111-21,2026-07-21,1111,40,ES,SELLABLE,45,2026-07-21T06:00:00Z
n-1111-22,2026-07-22,1111,40,ES,SELLABLE,29,2026-07-22T06:00:00Z
n-1111-23,2026-07-23,1111,40,ES,SELLABLE,37,2026-07-23T06:00:00Z
n-1111-23-r,2026-07-23,1111,40,ES,RESERVED,2,2026-07-23T06:00:00Z
n-1111-24,2026-07-24,1111,40,ES,SELLABLE,43,2026-07-24T06:00:00Z
n-1111-25,2026-07-25,1111,40,ES,SELLABLE,40,2026-07-25T06:00:00Z
n-1111-26,2026-07-26,1111,40,ES,SELLABLE,36,2026-07-26T06:00:00Z
n-1111-27,2026-07-27,1111,40,ES,SELLABLE,21,2026-07-27T06:00:00Z
n-1111-28,2026-07-28,1111,40,ES,SELLABLE,22,2026-07-28T06:00:00Z
n-1111-28-d,2026-07-28,1111,40,ES,DEFECTIVE,6,2026-07-28T06:00:00Z
n-1111-29,2026-07-29,1111,40,ES,SELLABLE,42,2026-07-29T06:00:00Z
n-1111-29-r,2026-07-29,1111,40,ES,RESERVED,9,2026-07-29T06:00:00Z
n-1111-30,2026-07-30,1111,40,ES,SELLABLE,37,2026-07-30T06:00:00Z
n-1111-31,2026-07-31,1111,40,ES,SELLABLE,16,2026-07-31T06:00:00Z
n-1112-01,2026-07-01,1112,10,DE,SELLABLE,33,2026-07-01T06:00:00Z
n-1112-02,2026-07-02,1112,10,DE,SELLABLE,32,2026-07-02T06:00:00Z
n-1112-04,2026-07-04,1112,10,DE,SELLABLE,34,2026-07-04T06:00:00Z
n-1112-04-r,2026-07-04,1112,10,DE,RESERVED,5,2026-07-04T06:00:00Z
n-1112-05,2026-07-05,1112,10,DE,SELLABLE,31,2026-07-05T06:00:00Z
n-1112-06,2026-07-06,1112,10,DE,SELLABLE,28,2026-07-06T06:00:00Z
n-1112-07,2026-07-07,1112,10,DE,SELLABLE,32,2026-07-07T06:00:00Z
n-1112-08,2026-07-08,1112,10,DE,SELLABLE,29,2026-07-08T06:00:00Z
n-1112-09,2026-07-09,1112,10,DE,SELLABLE,32,2026-07-09T06:00:00Z
n-1112-10,2026-07-10,1112,10,DE,SELLABLE,28,2026-07-10T06:00:00Z
n-1112-10-r,2026-07-10,1112,10,DE,RESERVED,9,2026-07-10T06:00:00Z
n-1112-10-d,2026-07-10,1112,10,DE,DEFECTIVE,7,2026-07-10T06:00:00Z
n-1112-11,2026-07-11,1112,10,DE,SELLABLE,31,2026-07-11T06:00:00Z
n-1112-12,2026-07-12,1112,10,DE,SELLABLE,21,2026-07-12T06:00:00Z
n-1112-13,2026-07-13,1112,10,DE,SELLABLE,31,2026-07-13T06:00:00Z
n-1112-14,2026-07-14,1112,10,DE,SELLABLE,26,2026-07-14T06:00:00Z
n-1112-15,2026-07-15,1112,10,DE,SELLABLE,16,2026-07-15T06:00:00Z
n-1112-16,2026-07-16,1112,10,DE,SELLABLE,28,2026-07-16T06:00:00Z
n-1112-16-r,2026-07-16,1112,10,DE,RESERVED,6,2026-07-16T06:00:00Z
n-1112-17,2026-07-17,1112,10,DE,SELLABLE,22,2026-07-17T06:00:00Z
n-1112-18,2026-07-18,1112,10,DE,SELLABLE,15,2026-07-18T06:00:00Z
n-1112-19,2026-07-19,1112,10,DE,SELLABLE,24,2026-07-19T06:00:00Z
n-1112-20,2026-07-20,1112,10,DE,SELLABLE,23,2026-07-20T06:00:00Z
n-1112-21,2026-07-21,1112,10,DE,SELLABLE,24,2026-07-21T06:00:00Z
n-1112-22,2026-07-22,1112,10,DE,SELLABLE,135,2026-07-22T06:00:00Z
n-1112-22-r,2026-07-22,1112,10,DE,RESERVED,8,2026-07-22T06:00:00Z
n-1112-23,2026-07-23,1112,10,DE,SELLABLE,133,2026-07-23T06:00:00Z
n-1112-24,2026-07-24,1112,10,DE,SELLABLE,132,2026-07-24T06:00:00Z
n-1112-25,2026-07-25,1112,10,DE,SELLABLE,131,2026-07-25T06:00:00Z
n-1112-26,2026-07-26,1112,10,DE,SELLABLE,130,2026-07-26T06:00:00Z
n-1112-27,2026-07-27,1112,10,DE,SELLABLE,3,2026-07-27T06:00:00Z
n-1112-27-d,2026-07-27,1112,10,DE,DEFECTIVE,6,2026-07-27T06:00:00Z
n-1112-28,2026-07-28,1112,10,DE,SELLABLE,10,2026-07-28T06:00:00Z
n-1112-28-r,2026-07-28,1112,10,DE,RESERVED,1,2026-07-28T06:00:00Z
n-1112-29,2026-07-29,1112,10,DE,SELLABLE,13,2026-07-29T06:00:00Z
n-1112-30,2026-07-30,1112,10,DE,SELLABLE,0,2026-07-30T06:00:00Z
n-1112-31,2026-07-31,1112,10,DE,SELLABLE,27,2026-07-31T06:00:00Z
n-1113-01,2026-07-01,1113,20,FR,SELLABLE,32,2026-07-01T06:00:00Z
n-1113-02,2026-07-02,1113,20,FR,SELLABLE,38,2026-07-02T06:00:00Z
n-1113-04,2026-07-04,1113,20,FR,SELLABLE,39,2026-07-04T06:00:00Z
n-1113-05,2026-07-05,1113,20,FR,SELLABLE,34,2026-07-05T06:00:00Z
n-1113-06,2026-07-06,1113,20,FR,SELLABLE,34,2026-07-06T06:00:00Z
n-1113-07,2026-07-07,1113,20,FR,SELLABLE,27,2026-07-07T06:00:00Z
n-1113-08,2026-07-08,1113,20,FR,SELLABLE,29,2026-07-08T06:00:00Z
n-1113-09,2026-07-09,1113,20,FR,SELLABLE,31,2026-07-09T06:00:00Z
n-1113-09-r,2026-07-09,1113,20,FR,RESERVED,11,2026-07-09T06:00:00Z
n-1113-09-d,2026-07-09,1113,20,FR,DEFECTIVE,8,2026-07-09T06:00:00Z
n-1113-10,2026-07-10,1113,20,FR,SELLABLE,34,2026-07-10T06:00:00Z
n-1113-11,2026-07-11,1113,20,FR,SELLABLE,31,2026-07-11T06:00:00Z
n-1113-12,2026-07-12,1113,20,FR,SELLABLE,27,2026-07-12T06:00:00Z
n-1113-13,2026-07-13,1113,20,FR,SELLABLE,32,2026-07-13T06:00:00Z
n-1113-14,2026-07-14,1113,20,FR,SELLABLE,27,2026-07-14T06:00:00Z
n-1113-15,2026-07-15,1113,20,FR,SELLABLE,30,2026-07-15T06:00:00Z
n-1113-15-r,2026-07-15,1113,20,FR,RESERVED,10,2026-07-15T06:00:00Z
n-1113-16,2026-07-16,1113,20,FR,SELLABLE,22,2026-07-16T06:00:00Z
n-1113-17,2026-07-17,1113,20,FR,SELLABLE,28,2026-07-17T06:00:00Z
n-1113-18,2026-07-18,1113,20,FR,SELLABLE,20,2026-07-18T06:00:00Z
n-1113-19,2026-07-19,1113,20,FR,SELLABLE,24,2026-07-19T06:00:00Z
n-1113-20,2026-07-20,1113,20,FR,SELLABLE,17,2026-07-20T06:00:00Z
n-1113-21,2026-07-21,1113,20,FR,SELLABLE,25,2026-07-21T06:00:00Z
n-1113-21-r,2026-07-21,1113,20,FR,RESERVED,11,2026-07-21T06:00:00Z
n-1113-22,2026-07-22,1113,20,FR,SELLABLE,27,2026-07-22T06:00:00Z
n-1113-23,2026-07-23,1113,20,FR,SELLABLE,17,2026-07-23T06:00:00Z
n-1113-24,2026-07-24,1113,20,FR,SELLABLE,35,2026-07-24T06:00:00Z
n-1113-25,2026-07-25,1113,20,FR,SELLABLE,25,2026-07-25T06:00:00Z
n-1113-26,2026-07-26,1113,20,FR,SELLABLE,23,2026-07-26T06:00:00Z
n-1113-26-d,2026-07-26,1113,20,FR,DEFECTIVE,6,2026-07-26T06:00:00Z
n-1113-27,2026-07-27,1113,20,FR,SELLABLE,8,2026-07-27T06:00:00Z
n-1113-27-r,2026-07-27,1113,20,FR,RESERVED,4,2026-07-27T06:00:00Z
n-1113-28,2026-07-28,1113,20,FR,SELLABLE,8,2026-07-28T06:00:00Z
n-1113-29,2026-07-29,1113,20,FR,SELLABLE,12,2026-07-29T06:00:00Z
n-1113-30,2026-07-30,1113,20,FR,SELLABLE,6,2026-07-30T06:00:00Z
n-1113-31,2026-07-31,1113,20,FR,SELLABLE,31,2026-07-31T06:00:00Z
n-1114-01,2026-07-01,1114,30,IT,SELLABLE,68,2026-07-01T06:00:00Z
n-1114-02,2026-07-02,1114,30,IT,SELLABLE,71,2026-07-02T06:00:00Z
n-1114-02-r,2026-07-02,1114,30,IT,RESERVED,4,2026-07-02T06:00:00Z
n-1114-04,2026-07-04,1114,30,IT,SELLABLE,70,2026-07-04T06:00:00Z
n-1114-05,2026-07-05,1114,30,IT,SELLABLE,74,2026-07-05T06:00:00Z
n-1114-06,2026-07-06,1114,30,IT,SELLABLE,71,2026-07-06T06:00:00Z
n-1114-07,2026-07-07,1114,30,IT,SELLABLE,74,2026-07-07T06:00:00Z
n-1114-08,2026-07-08,1114,30,IT,SELLABLE,71,2026-07-08T06:00:00Z
n-1114-08-r,2026-07-08,1114,30,IT,RESERVED,1,2026-07-08T06:00:00Z
n-1114-08-d,2026-07-08,1114,30,IT,DEFECTIVE,2,2026-07-08T06:00:00Z
n-1114-09,2026-07-09,1114,30,IT,SELLABLE,70,2026-07-09T06:00:00Z
n-1114-10,2026-07-10,1114,30,IT,SELLABLE,69,2026-07-10T06:00:00Z
n-1114-11,2026-07-11,1114,30,IT,SELLABLE,70,2026-07-11T06:00:00Z
n-1114-12,2026-07-12,1114,30,IT,SELLABLE,70,2026-07-12T06:00:00Z
n-1114-13,2026-07-13,1114,30,IT,SELLABLE,69,2026-07-13T06:00:00Z
n-1114-14,2026-07-14,1114,30,IT,SELLABLE,67,2026-07-14T06:00:00Z
n-1114-14-r,2026-07-14,1114,30,IT,RESERVED,1,2026-07-14T06:00:00Z
n-1114-15,2026-07-15,1114,30,IT,SELLABLE,69,2026-07-15T06:00:00Z
n-1114-16,2026-07-16,1114,30,IT,SELLABLE,54,2026-07-16T06:00:00Z
n-1114-17,2026-07-17,1114,30,IT,SELLABLE,63,2026-07-17T06:00:00Z
n-1114-18,2026-07-18,1114,30,IT,SELLABLE,58,2026-07-18T06:00:00Z
n-1114-19,2026-07-19,1114,30,IT,SELLABLE,64,2026-07-19T06:00:00Z
n-1114-20,2026-07-20,1114,30,IT,SELLABLE,59,2026-07-20T06:00:00Z
n-1114-20-r,2026-07-20,1114,30,IT,RESERVED,11,2026-07-20T06:00:00Z
n-1114-21,2026-07-21,1114,30,IT,SELLABLE,60,2026-07-21T06:00:00Z
n-1114-22,2026-07-22,1114,30,IT,SELLABLE,64,2026-07-22T06:00:00Z
n-1114-23,2026-07-23,1114,30,IT,SELLABLE,71,2026-07-23T06:00:00Z
n-1114-24,2026-07-24,1114,30,IT,SELLABLE,61,2026-07-24T06:00:00Z
n-1114-25,2026-07-25,1114,30,IT,SELLABLE,62,2026-07-25T06:00:00Z
n-1114-25-d,2026-07-25,1114,30,IT,DEFECTIVE,2,2026-07-25T06:00:00Z
n-1114-26,2026-07-26,1114,30,IT,SELLABLE,59,2026-07-26T06:00:00Z
n-1114-26-r,2026-07-26,1114,30,IT,RESERVED,9,2026-07-26T06:00:00Z
n-1114-27,2026-07-27,1114,30,IT,SELLABLE,61,2026-07-27T06:00:00Z
n-1114-28,2026-07-28,1114,30,IT,SELLABLE,42,2026-07-28T06:00:00Z
n-1114-29,2026-07-29,1114,30,IT,SELLABLE,51,2026-07-29T06:00:00Z
n-1114-30,2026-07-30,1114,30,IT,SELLABLE,64,2026-07-30T06:00:00Z
n-1114-31,2026-07-31,1114,30,IT,SELLABLE,41,2026-07-31T06:00:00Z
n-1115-01,2026-07-01,1115,40,ES,SELLABLE,66,2026-07-01T06:00:00Z
n-1115-01-r,2026-07-01,1115,40,ES,RESERVED,9,2026-07-01T06:00:00Z
n-1115-02,2026-07-02,1115,40,ES,SELLABLE,57,2026-07-02T06:00:00Z
n-1115-04,2026-07-04,1115,40,ES,SELLABLE,57,2026-07-04T06:00:00Z
n-1115-05,2026-07-05,1115,40,ES,SELLABLE,57,2026-07-05T06:00:00Z
n-1115-06,2026-07-06,1115,40,ES,SELLABLE,59,2026-07-06T06:00:00Z
n-1115-07,2026-07-07,1115,40,ES,SELLABLE,58,2026-07-07T06:00:00Z
n-1115-07-r,2026-07-07,1115,40,ES,RESERVED,12,2026-07-07T06:00:00Z
n-1115-07-d,2026-07-07,1115,40,ES,DEFECTIVE,6,2026-07-07T06:00:00Z
n-1115-08,2026-07-08,1115,40,ES,SELLABLE,52,2026-07-08T06:00:00Z
n-1115-09,2026-07-09,1115,40,ES,SELLABLE,53,2026-07-09T06:00:00Z
n-1115-10,2026-07-10,1115,40,ES,SELLABLE,61,2026-07-10T06:00:00Z
n-1115-11,2026-07-11,1115,40,ES,SELLABLE,47,2026-07-11T06:00:00Z
n-1115-12,2026-07-12,1115,40,ES,SELLABLE,50,2026-07-12T06:00:00Z
n-1115-13,2026-07-13,1115,40,ES,SELLABLE,50,2026-07-13T06:00:00Z
n-1115-13-r,2026-07-13,1115,40,ES,RESERVED,10,2026-07-13T06:00:00Z
n-1115-14,2026-07-14,1115,40,ES,SELLABLE,47,2026-07-14T06:00:00Z
n-1115-15,2026-07-15,1115,40,ES,SELLABLE,54,2026-07-15T06:00:00Z
n-1115-16,2026-07-16,1115,40,ES,SELLABLE,45,2026-07-16T06:00:00Z
n-1115-17,2026-07-17,1115,40,ES,SELLABLE,46,2026-07-17T06:00:00Z
n-1115-18,2026-07-18,1115,40,ES,SELLABLE,48,2026-07-18T06:00:00Z
n-1115-19,2026-07-19,1115,40,ES,SELLABLE,47,2026-07-19T06:00:00Z
n-1115-19-r,2026-07-19,1115,40,ES,RESERVED,11,2026-07-19T06:00:00Z
n-1115-20,2026-07-20,1115,40,ES,SELLABLE,51,2026-07-20T06:00:00Z
n-1115-21,2026-07-21,1115,40,ES,SELLABLE,42,2026-07-21T06:00:00Z
n-1115-22,2026-07-22,1115,40,ES,SELLABLE,53,2026-07-22T06:00:00Z
n-1115-23,2026-07-23,1115,40,ES,SELLABLE,52,2026-07-23T06:00:00Z
n-1115-24,2026-07-24,1115,40,ES,SELLABLE,37,2026-07-24T06:00:00Z
n-1115-24-d,2026-07-24,1115,40,ES,DEFECTIVE,7,2026-07-24T06:00:00Z
n-1115-25,2026-07-25,1115,40,ES,SELLABLE,45,2026-07-25T06:00:00Z
n-1115-25-r,2026-07-25,1115,40,ES,RESERVED,11,2026-07-25T06:00:00Z
n-1115-26,2026-07-26,1115,40,ES,SELLABLE,49,2026-07-26T06:00:00Z
n-1115-27,2026-07-27,1115,40,ES,SELLABLE,36,2026-07-27T06:00:00Z
n-1115-28,2026-07-28,1115,40,ES,SELLABLE,40,2026-07-28T06:00:00Z
n-1115-29,2026-07-29,1115,40,ES,SELLABLE,41,2026-07-29T06:00:00Z
n-1115-30,2026-07-30,1115,40,ES,SELLABLE,50,2026-07-30T06:00:00Z
n-1115-31,2026-07-31,1115,40,ES,SELLABLE,45,2026-07-31T06:00:00Z
n-1115-31-r,2026-07-31,1115,40,ES,RESERVED,3,2026-07-31T06:00:00Z
n-1116-01,2026-07-01,1116,10,DE,SELLABLE,42,2026-07-01T06:00:00Z
n-1116-02,2026-07-02,1116,10,DE,SELLABLE,44,2026-07-02T06:00:00Z
n-1116-04,2026-07-04,1116,10,DE,SELLABLE,45,2026-07-04T06:00:00Z
n-1116-05,2026-07-05,1116,10,DE,SELLABLE,41,2026-07-05T06:00:00Z
n-1116-06,2026-07-06,1116,10,DE,SELLABLE,35,2026-07-06T06:00:00Z
n-1116-06-r,2026-07-06,1116,10,DE,RESERVED,7,2026-07-06T06:00:00Z
n-1116-06-d,2026-07-06,1116,10,DE,DEFECTIVE,6,2026-07-06T06:00:00Z
n-1116-07,2026-07-07,1116,10,DE,SELLABLE,35,2026-07-07T06:00:00Z
n-1116-08,2026-07-08,1116,10,DE,SELLABLE,37,2026-07-08T06:00:00Z
n-1116-09,2026-07-09,1116,10,DE,SELLABLE,36,2026-07-09T06:00:00Z
n-1116-10,2026-07-10,1116,10,DE,SELLABLE,30,2026-07-10T06:00:00Z
n-1116-11,2026-07-11,1116,10,DE,SELLABLE,33,2026-07-11T06:00:00Z
n-1116-12,2026-07-12,1116,10,DE,SELLABLE,33,2026-07-12T06:00:00Z
n-1116-12-r,2026-07-12,1116,10,DE,RESERVED,6,2026-07-12T06:00:00Z
n-1116-13,2026-07-13,1116,10,DE,SELLABLE,32,2026-07-13T06:00:00Z
n-1116-14,2026-07-14,1116,10,DE,SELLABLE,37,2026-07-14T06:00:00Z
n-1116-15,2026-07-15,1116,10,DE,SELLABLE,39,2026-07-15T06:00:00Z
n-1116-16,2026-07-16,1116,10,DE,SELLABLE,36,2026-07-16T06:00:00Z
n-1116-17,2026-07-17,1116,10,DE,SELLABLE,36,2026-07-17T06:00:00Z
n-1116-18,2026-07-18,1116,10,DE,SELLABLE,35,2026-07-18T06:00:00Z
n-1116-18-r,2026-07-18,1116,10,DE,RESERVED,1,2026-07-18T06:00:00Z
n-1116-19,2026-07-19,1116,10,DE,SELLABLE,28,2026-07-19T06:00:00Z
n-1116-20,2026-07-20,1116,10,DE,SELLABLE,30,2026-07-20T06:00:00Z
n-1116-21,2026-07-21,1116,10,DE,SELLABLE,32,2026-07-21T06:00:00Z
n-1116-22,2026-07-22,1116,10,DE,SELLABLE,31,2026-07-22T06:00:00Z
n-1116-23,2026-07-23,1116,10,DE,SELLABLE,29,2026-07-23T06:00:00Z
n-1116-23-d,2026-07-23,1116,10,DE,DEFECTIVE,2,2026-07-23T06:00:00Z
n-1116-24,2026-07-24,1116,10,DE,SELLABLE,19,2026-07-24T06:00:00Z
n-1116-24-r,2026-07-24,1116,10,DE,RESERVED,11,2026-07-24T06:00:00Z
n-1116-25,2026-07-25,1116,10,DE,SELLABLE,16,2026-07-25T06:00:00Z
n-1116-26,2026-07-26,1116,10,DE,SELLABLE,24,2026-07-26T06:00:00Z
n-1116-27,2026-07-27,1116,10,DE,SELLABLE,24,2026-07-27T06:00:00Z
n-1116-28,2026-07-28,1116,10,DE,SELLABLE,18,2026-07-28T06:00:00Z
n-1116-29,2026-07-29,1116,10,DE,SELLABLE,12,2026-07-29T06:00:00Z
n-1116-30,2026-07-30,1116,10,DE,SELLABLE,36,2026-07-30T06:00:00Z
n-1116-30-r,2026-07-30,1116,10,DE,RESERVED,12,2026-07-30T06:00:00Z
n-1116-31,2026-07-31,1116,10,DE,SELLABLE,23,2026-07-31T06:00:00Z
n-1117-01,2026-07-01,1117,20,FR,SELLABLE,58,2026-07-01T06:00:00Z
n-1117-02,2026-07-02,1117,20,FR,SELLABLE,60,2026-07-02T06:00:00Z
n-1117-04,2026-07-04,1117,20,FR,SELLABLE,55,2026-07-04T06:00:00Z
n-1117-05,2026-07-05,1117,20,FR,SELLABLE,59,2026-07-05T06:00:00Z
n-1117-05-r,2026-07-05,1117,20,FR,RESERVED,7,2026-07-05T06:00:00Z
n-1117-05-d,2026-07-05,1117,20,FR,DEFECTIVE,2,2026-07-05T06:00:00Z
n-1117-06,2026-07-06,1117,20,FR,SELLABLE,61,2026-07-06T06:00:00Z
n-1117-07,2026-07-07,1117,20,FR,SELLABLE,56,2026-07-07T06:00:00Z
n-1117-08,2026-07-08,1117,20,FR,SELLABLE,54,2026-07-08T06:00:00Z
n-1117-09,2026-07-09,1117,20,FR,SELLABLE,59,2026-07-09T06:00:00Z
n-1117-10,2026-07-10,1117,20,FR,SELLABLE,53,2026-07-10T06:00:00Z
n-1117-11,2026-07-11,1117,20,FR,SELLABLE,57,2026-07-11T06:00:00Z
n-1117-11-r,2026-07-11,1117,20,FR,RESERVED,11,2026-07-11T06:00:00Z
n-1117-12,2026-07-12,1117,20,FR,SELLABLE,58,2026-07-12T06:00:00Z
n-1117-13,2026-07-13,1117,20,FR,SELLABLE,53,2026-07-13T06:00:00Z
n-1117-14,2026-07-14,1117,20,FR,SELLABLE,48,2026-07-14T06:00:00Z
n-1117-15,2026-07-15,1117,20,FR,SELLABLE,47,2026-07-15T06:00:00Z
n-1117-16,2026-07-16,1117,20,FR,SELLABLE,60,2026-07-16T06:00:00Z
n-1117-17,2026-07-17,1117,20,FR,SELLABLE,51,2026-07-17T06:00:00Z
n-1117-17-r,2026-07-17,1117,20,FR,RESERVED,8,2026-07-17T06:00:00Z
n-1117-18,2026-07-18,1117,20,FR,SELLABLE,60,2026-07-18T06:00:00Z
n-1117-19,2026-07-19,1117,20,FR,SELLABLE,47,2026-07-19T06:00:00Z
n-1117-20,2026-07-20,1117,20,FR,SELLABLE,45,2026-07-20T06:00:00Z
n-1117-21,2026-07-21,1117,20,FR,SELLABLE,62,2026-07-21T06:00:00Z
n-1117-22,2026-07-22,1117,20,FR,SELLABLE,39,2026-07-22T06:00:00Z
n-1117-22-d,2026-07-22,1117,20,FR,DEFECTIVE,8,2026-07-22T06:00:00Z
n-1117-23,2026-07-23,1117,20,FR,SELLABLE,49,2026-07-23T06:00:00Z
n-1117-23-r,2026-07-23,1117,20,FR,RESERVED,5,2026-07-23T06:00:00Z
n-1117-24,2026-07-24,1117,20,FR,SELLABLE,35,2026-07-24T06:00:00Z
n-1117-25,2026-07-25,1117,20,FR,SELLABLE,35,2026-07-25T06:00:00Z
n-1117-26,2026-07-26,1117,20,FR,SELLABLE,43,2026-07-26T06:00:00Z
n-1117-27,2026-07-27,1117,20,FR,SELLABLE,54,2026-07-27T06:00:00Z
n-1117-28,2026-07-28,1117,20,FR,SELLABLE,52,2026-07-28T06:00:00Z
n-1117-29,2026-07-29,1117,20,FR,SELLABLE,53,2026-07-29T06:00:00Z
n-1117-29-r,2026-07-29,1117,20,FR,RESERVED,1,2026-07-29T06:00:00Z
n-1117-30,2026-07-30,1117,20,FR,SELLABLE,55,2026-07-30T06:00:00Z
n-1117-31,2026-07-31,1117,20,FR,SELLABLE,24,2026-07-31T06:00:00Z
n-1118-01,2026-07-01,1118,30,IT,SELLABLE,45,2026-07-01T06:00:00Z
n-1118-02,2026-07-02,1118,30,IT,SELLABLE,45,2026-07-02T06:00:00Z
n-1118-04,2026-07-04,1118,30,IT,SELLABLE,53,2026-07-04T06:00:00Z
n-1118-04-r,2026-07-04,1118,30,IT,RESERVED,11,2026-07-04T06:00:00Z
n-1118-04-d,2026-07-04,1118,30,IT,DEFECTIVE,6,2026-07-04T06:00:00Z
n-1118-05,2026-07-05,1118,30,IT,SELLABLE,50,2026-07-05T06:00:00Z
n-1118-06,2026-07-06,1118,30,IT,SELLABLE,43,2026-07-06T06:00:00Z
n-1118-07,2026-07-07,1118,30,IT,SELLABLE,40,2026-07-07T06:00:00Z
n-1118-08,2026-07-08,1118,30,IT,SELLABLE,48,2026-07-08T06:00:00Z
n-1118-09,2026-07-09,1118,30,IT,SELLABLE,39,2026-07-09T06:00:00Z
n-1118-10,2026-07-10,1118,30,IT,SELLABLE,41,2026-07-10T06:00:00Z
n-1118-10-r,2026-07-10,1118,30,IT,RESERVED,7,2026-07-10T06:00:00Z
n-1118-11,2026-07-11,1118,30,IT,SELLABLE,38,2026-07-11T06:00:00Z
n-1118-12,2026-07-12,1118,30,IT,SELLABLE,41,2026-07-12T06:00:00Z
n-1118-13,2026-07-13,1118,30,IT,SELLABLE,50,2026-07-13T06:00:00Z
n-1118-14,2026-07-14,1118,30,IT,SELLABLE,37,2026-07-14T06:00:00Z
n-1118-15,2026-07-15,1118,30,IT,SELLABLE,46,2026-07-15T06:00:00Z
n-1118-16,2026-07-16,1118,30,IT,SELLABLE,43,2026-07-16T06:00:00Z
n-1118-16-r,2026-07-16,1118,30,IT,RESERVED,8,2026-07-16T06:00:00Z
n-1118-17,2026-07-17,1118,30,IT,SELLABLE,35,2026-07-17T06:00:00Z
n-1118-18,2026-07-18,1118,30,IT,SELLABLE,39,2026-07-18T06:00:00Z
n-1118-19,2026-07-19,1118,30,IT,SELLABLE,45,2026-07-19T06:00:00Z
n-1118-20,2026-07-20,1118,30,IT,SELLABLE,45,2026-07-20T06:00:00Z
n-1118-21,2026-07-21,1118,30,IT,SELLABLE,36,2026-07-21T06:00:00Z
n-1118-21-d,2026-07-21,1118,30,IT,DEFECTIVE,2,2026-07-21T06:00:00Z
n-1118-22,2026-07-22,1118,30,IT,SELLABLE,37,2026-07-22T06:00:00Z
n-1118-22-r,2026-07-22,1118,30,IT,RESERVED,5,2026-07-22T06:00:00Z
n-1118-23,2026-07-23,1118,30,IT,SELLABLE,30,2026-07-23T06:00:00Z
n-1118-24,2026-07-24,1118,30,IT,SELLABLE,38,2026-07-24T06:00:00Z
n-1118-25,2026-07-25,1118,30,IT,SELLABLE,37,2026-07-25T06:00:00Z
n-1118-26,2026-07-26,1118,30,IT,SELLABLE,28,2026-07-26T06:00:00Z
n-1118-27,2026-07-27,1118,30,IT,SELLABLE,26,2026-07-27T06:00:00Z
n-1118-28,2026-07-28,1118,30,IT,SELLABLE,23,2026-07-28T06:00:00Z
n-1118-28-r,2026-07-28,1118,30,IT,RESERVED,11,2026-07-28T06:00:00Z
n-1118-29,2026-07-29,1118,30,IT,SELLABLE,45,2026-07-29T06:00:00Z
n-1118-30,2026-07-30,1118,30,IT,SELLABLE,27,2026-07-30T06:00:00Z
n-1118-31,2026-07-31,1118,30,IT,SELLABLE,42,2026-07-31T06:00:00Z
n-1119-01,2026-07-01,1119,40,ES,SELLABLE,21,2026-07-01T06:00:00Z
n-1119-02,2026-07-02,1119,40,ES,SELLABLE,23,2026-07-02T06:00:00Z
n-1119-04,2026-07-04,1119,40,ES,SELLABLE,25,2026-07-04T06:00:00Z
n-1119-05,2026-07-05,1119,40,ES,SELLABLE,26,2026-07-05T06:00:00Z
n-1119-06,2026-07-06,1119,40,ES,SELLABLE,27,2026-07-06T06:00:00Z
n-1119-07,2026-07-07,1119,40,ES,SELLABLE,21,2026-07-07T06:00:00Z
n-1119-08,2026-07-08,1119,40,ES,SELLABLE,25,2026-07-08T06:00:00Z
n-1119-09,2026-07-09,1119,40,ES,SELLABLE,20,2026-07-09T06:00:00Z
n-1119-09-r,2026-07-09,1119,40,ES,RESERVED,9,2026-07-09T06:00:00Z
n-1119-10,2026-07-10,1119,40,ES,SELLABLE,19,2026-07-10T06:00:00Z
n-1119-11,2026-07-11,1119,40,ES,SELLABLE,18,2026-07-11T06:00:00Z
n-1119-12,2026-07-12,1119,40,ES,SELLABLE,23,2026-07-12T06:00:00Z
n-1119-13,2026-07-13,1119,40,ES,SELLABLE,15,2026-07-13T06:00:00Z
n-1119-14,2026-07-14,1119,40,ES,SELLABLE,14,2026-07-14T06:00:00Z
n-1119-15,2026-07-15,1119,40,ES,SELLABLE,9,2026-07-15T06:00:00Z
n-1119-15-r,2026-07-15,1119,40,ES,RESERVED,12,2026-07-15T06:00:00Z
n-1119-16,2026-07-16,1119,40,ES,SELLABLE,11,2026-07-16T06:00:00Z
n-1119-17,2026-07-17,1119,40,ES,SELLABLE,9,2026-07-17T06:00:00Z
n-1119-18,2026-07-18,1119,40,ES,SELLABLE,16,2026-07-18T06:00:00Z
n-1119-19,2026-07-19,1119,40,ES,SELLABLE,5,2026-07-19T06:00:00Z
n-1119-20,2026-07-20,1119,40,ES,SELLABLE,9,2026-07-20T06:00:00Z
n-1119-20-d,2026-07-20,1119,40,ES,DEFECTIVE,4,2026-07-20T06:00:00Z
n-1119-21,2026-07-21,1119,40,ES,SELLABLE,14,2026-07-21T06:00:00Z
n-1119-21-r,2026-07-21,1119,40,ES,RESERVED,6,2026-07-21T06:00:00Z
n-1119-22,2026-07-22,1119,40,ES,SELLABLE,14,2026-07-22T06:00:00Z
n-1119-23,2026-07-23,1119,40,ES,SELLABLE,14,2026-07-23T06:00:00Z
n-1119-24,2026-07-24,1119,40,ES,SELLABLE,4,2026-07-24T06:00:00Z
n-1119-25,2026-07-25,1119,40,ES,SELLABLE,5,2026-07-25T06:00:00Z
n-1119-26,2026-07-26,1119,40,ES,SELLABLE,4,2026-07-26T06:00:00Z
n-1119-27,2026-07-27,1119,40,ES,SELLABLE,2,2026-07-27T06:00:00Z
n-1119-27-r,2026-07-27,1119,40,ES,RESERVED,1,2026-07-27T06:00:00Z
n-1119-28,2026-07-28,1119,40,ES,SELLABLE,0,2026-07-28T06:00:00Z
n-1119-29,2026-07-29,1119,40,ES,SELLABLE,4,2026-07-29T06:00:00Z
n-1119-30,2026-07-30,1119,40,ES,SELLABLE,0,2026-07-30T06:00:00Z
n-1119-31,2026-07-31,1119,40,ES,SELLABLE,2,2026-07-31T06:00:00Z
n-1120-01,2026-07-01,1120,10,DE,SELLABLE,9,2026-07-01T06:00:00Z
n-1120-02,2026-07-02,1120,10,DE,SELLABLE,9,2026-07-02T06:00:00Z
n-1120-02-r,2026-07-02,1120,10,DE,RESERVED,8,2026-07-02T06:00:00Z
n-1120-02-d,2026-07-02,1120,10,DE,DEFECTIVE,6,2026-07-02T06:00:00Z
n-1120-04,2026-07-04,1120,10,DE,SELLABLE,9,2026-07-04T06:00:00Z
n-1120-05,2026-07-05,1120,10,DE,SELLABLE,6,2026-07-05T06:00:00Z
n-1120-06,2026-07-06,1120,10,DE,SELLABLE,9,2026-07-06T06:00:00Z
n-1120-07,2026-07-07,1120,10,DE,SELLABLE,7,2026-07-07T06:00:00Z
n-1120-08,2026-07-08,1120,10,DE,SELLABLE,6,2026-07-08T06:00:00Z
n-1120-08-r,2026-07-08,1120,10,DE,RESERVED,10,2026-07-08T06:00:00Z
n-1120-09,2026-07-09,1120,10,DE,SELLABLE,3,2026-07-09T06:00:00Z
n-1120-10,2026-07-10,1120,10,DE,SELLABLE,0,2026-07-10T06:00:00Z
n-1120-11,2026-07-11,1120,10,DE,SELLABLE,1,2026-07-11T06:00:00Z
n-1120-12,2026-07-12,1120,10,DE,SELLABLE,0,2026-07-12T06:00:00Z
n-1120-13,2026-07-13,1120,10,DE,SELLABLE,0,2026-07-13T06:00:00Z
n-1120-14,2026-07-14,1120,10,DE,SELLABLE,0,2026-07-14T06:00:00Z
n-1120-14-r,2026-07-14,1120,10,DE,RESERVED,8,2026-07-14T06:00:00Z
n-1120-15,2026-07-15,1120,10,DE,SELLABLE,2,2026-07-15T06:00:00Z
n-1120-16,2026-07-16,1120,10,DE,SELLABLE,1,2026-07-16T06:00:00Z
n-1120-17,2026-07-17,1120,10,DE,SELLABLE,4,2026-07-17T06:00:00Z
n-1120-18,2026-07-18,1120,10,DE,SELLABLE,0,2026-07-18T06:00:00Z
n-1120-19,2026-07-19,1120,10,DE,SELLABLE,0,2026-07-19T06:00:00Z
n-1120-19-d,2026-07-19,1120,10,DE,DEFECTIVE,1,2026-07-19T06:00:00Z
n-1120-20,2026-07-20,1120,10,DE,SELLABLE,0,2026-07-20T06:00:00Z
n-1120-20-r,2026-07-20,1120,10,DE,RESERVED,11,2026-07-20T06:00:00Z
n-1120-21,2026-07-21,1120,10,DE,SELLABLE,0,2026-07-21T06:00:00Z
n-1120-22,2026-07-22,1120,10,DE,SELLABLE,0,2026-07-22T06:00:00Z
n-1120-23,2026-07-23,1120,10,DE,SELLABLE,0,2026-07-23T06:00:00Z
n-1120-24,2026-07-24,1120,10,DE,SELLABLE,0,2026-07-24T06:00:00Z
n-1120-25,2026-07-25,1120,10,DE,SELLABLE,0,2026-07-25T06:00:00Z
n-1120-26,2026-07-26,1120,10,DE,SELLABLE,0,2026-07-26T06:00:00Z
n-1120-26-r,2026-07-26,1120,10,DE,RESERVED,7,2026-07-26T06:00:00Z
n-1120-27,2026-07-27,1120,10,DE,SELLABLE,0,2026-07-27T06:00:00Z
n-1120-28,2026-07-28,1120,10,DE,SELLABLE,6,2026-07-28T06:00:00Z
n-1120-29,2026-07-29,1120,10,DE,SELLABLE,0,2026-07-29T06:00:00Z
n-1120-30,2026-07-30,1120,10,DE,SELLABLE,0,2026-07-30T06:00:00Z
n-1120-31,2026-07-31,1120,10,DE,SELLABLE,0,2026-07-31T06:00:00Z
n-1121-01,2026-07-01,1121,20,FR,SELLABLE,13,2026-07-01T06:00:00Z
n-1121-01-r,2026-07-01,1121,20,FR,RESERVED,6,2026-07-01T06:00:00Z
n-1121-01-d,2026-07-01,1121,20,FR,DEFECTIVE,4,2026-07-01T06:00:00Z
n-1121-02,2026-07-02,1121,20,FR,SELLABLE,19,2026-07-02T06:00:00Z
n-1121-04,2026-07-04,1121,20,FR,SELLABLE,18,2026-07-04T06:00:00Z
n-1121-05,2026-07-05,1121,20,FR,SELLABLE,11,2026-07-05T06:00:00Z
n-1121-06,2026-07-06,1121,20,FR,SELLABLE,14,2026-07-06T06:00:00Z
n-1121-07,2026-07-07,1121,20,FR,SELLABLE,11,2026-07-07T06:00:00Z
n-1121-07-r,2026-07-07,1121,20,FR,RESERVED,10,2026-07-07T06:00:00Z
n-1121-08,2026-07-08,1121,20,FR,SELLABLE,8,2026-07-08T06:00:00Z
n-1121-09,2026-07-09,1121,20,FR,SELLABLE,17,2026-07-09T06:00:00Z
n-1121-10,2026-07-10,1121,20,FR,SELLABLE,10,2026-07-10T06:00:00Z
n-1121-11,2026-07-11,1121,20,FR,SELLABLE,15,2026-07-11T06:00:00Z
n-1121-12,2026-07-12,1121,20,FR,SELLABLE,15,2026-07-12T06:00:00Z
n-1121-13,2026-07-13,1121,20,FR,SELLABLE,7,2026-07-13T06:00:00Z
n-1121-13-r,2026-07-13,1121,20,FR,RESERVED,4,2026-07-13T06:00:00Z
n-1121-14,2026-07-14,1121,20,FR,SELLABLE,7,2026-07-14T06:00:00Z
n-1121-15,2026-07-15,1121,20,FR,SELLABLE,8,2026-07-15T06:00:00Z
n-1121-16,2026-07-16,1121,20,FR,SELLABLE,8,2026-07-16T06:00:00Z
n-1121-17,2026-07-17,1121,20,FR,SELLABLE,7,2026-07-17T06:00:00Z
n-1121-18,2026-07-18,1121,20,FR,SELLABLE,9,2026-07-18T06:00:00Z
n-1121-18-d,2026-07-18,1121,20,FR,DEFECTIVE,3,2026-07-18T06:00:00Z
n-1121-19,2026-07-19,1121,20,FR,SELLABLE,12,2026-07-19T06:00:00Z
n-1121-19-r,2026-07-19,1121,20,FR,RESERVED,2,2026-07-19T06:00:00Z
n-1121-20,2026-07-20,1121,20,FR,SELLABLE,8,2026-07-20T06:00:00Z
n-1121-21,2026-07-21,1121,20,FR,SELLABLE,7,2026-07-21T06:00:00Z
n-1121-22,2026-07-22,1121,20,FR,SELLABLE,0,2026-07-22T06:00:00Z
n-1121-23,2026-07-23,1121,20,FR,SELLABLE,11,2026-07-23T06:00:00Z
n-1121-24,2026-07-24,1121,20,FR,SELLABLE,7,2026-07-24T06:00:00Z
n-1121-25,2026-07-25,1121,20,FR,SELLABLE,0,2026-07-25T06:00:00Z
n-1121-25-r,2026-07-25,1121,20,FR,RESERVED,2,2026-07-25T06:00:00Z
n-1121-26,2026-07-26,1121,20,FR,SELLABLE,0,2026-07-26T06:00:00Z
n-1121-27,2026-07-27,1121,20,FR,SELLABLE,6,2026-07-27T06:00:00Z
n-1121-28,2026-07-28,1121,20,FR,SELLABLE,7,2026-07-28T06:00:00Z
n-1121-29,2026-07-29,1121,20,FR,SELLABLE,7,2026-07-29T06:00:00Z
n-1121-30,2026-07-30,1121,20,FR,SELLABLE,1,2026-07-30T06:00:00Z
n-1121-31,2026-07-31,1121,20,FR,SELLABLE,0,2026-07-31T06:00:00Z
n-1121-31-r,2026-07-31,1121,20,FR,RESERVED,12,2026-07-31T06:00:00Z
n-1122-01,2026-07-01,1122,30,IT,SELLABLE,33,2026-07-01T06:00:00Z
n-1122-02,2026-07-02,1122,30,IT,SELLABLE,29,2026-07-02T06:00:00Z
n-1122-04,2026-07-04,1122,30,IT,SELLABLE,28,2026-07-04T06:00:00Z
n-1122-05,2026-07-05,1122,30,IT,SELLABLE,34,2026-07-05T06:00:00Z
n-1122-06,2026-07-06,1122,30,IT,SELLABLE,29,2026-07-06T06:00:00Z
n-1122-06-r,2026-07-06,1122,30,IT,RESERVED,12,2026-07-06T06:00:00Z
n-1122-07,2026-07-07,1122,30,IT,SELLABLE,25,2026-07-07T06:00:00Z
n-1122-08,2026-07-08,1122,30,IT,SELLABLE,24,2026-07-08T06:00:00Z
n-1122-09,2026-07-09,1122,30,IT,SELLABLE,23,2026-07-09T06:00:00Z
n-1122-10,2026-07-10,1122,30,IT,SELLABLE,24,2026-07-10T06:00:00Z
n-1122-11,2026-07-11,1122,30,IT,SELLABLE,28,2026-07-11T06:00:00Z
n-1122-12,2026-07-12,1122,30,IT,SELLABLE,27,2026-07-12T06:00:00Z
n-1122-12-r,2026-07-12,1122,30,IT,RESERVED,6,2026-07-12T06:00:00Z
n-1122-13,2026-07-13,1122,30,IT,SELLABLE,25,2026-07-13T06:00:00Z
n-1122-14,2026-07-14,1122,30,IT,SELLABLE,22,2026-07-14T06:00:00Z
n-1122-15,2026-07-15,1122,30,IT,SELLABLE,27,2026-07-15T06:00:00Z
n-1122-16,2026-07-16,1122,30,IT,SELLABLE,27,2026-07-16T06:00:00Z
n-1122-17,2026-07-17,1122,30,IT,SELLABLE,19,2026-07-17T06:00:00Z
n-1122-17-d,2026-07-17,1122,30,IT,DEFECTIVE,2,2026-07-17T06:00:00Z
n-1122-18,2026-07-18,1122,30,IT,SELLABLE,21,2026-07-18T06:00:00Z
n-1122-18-r,2026-07-18,1122,30,IT,RESERVED,11,2026-07-18T06:00:00Z
n-1122-19,2026-07-19,1122,30,IT,SELLABLE,27,2026-07-19T06:00:00Z
n-1122-20,2026-07-20,1122,30,IT,SELLABLE,14,2026-07-20T06:00:00Z
n-1122-21,2026-07-21,1122,30,IT,SELLABLE,16,2026-07-21T06:00:00Z
n-1122-22,2026-07-22,1122,30,IT,SELLABLE,23,2026-07-22T06:00:00Z
n-1122-23,2026-07-23,1122,30,IT,SELLABLE,18,2026-07-23T06:00:00Z
n-1122-24,2026-07-24,1122,30,IT,SELLABLE,15,2026-07-24T06:00:00Z
n-1122-24-r,2026-07-24,1122,30,IT,RESERVED,1,2026-07-24T06:00:00Z
n-1122-25,2026-07-25,1122,30,IT,SELLABLE,23,2026-07-25T06:00:00Z
n-1122-26,2026-07-26,1122,30,IT,SELLABLE,16,2026-07-26T06:00:00Z
n-1122-27,2026-07-27,1122,30,IT,SELLABLE,5,2026-07-27T06:00:00Z
n-1122-28,2026-07-28,1122,30,IT,SELLABLE,15,2026-07-28T06:00:00Z
n-1122-29,2026-07-29,1122,30,IT,SELLABLE,9,2026-07-29T06:00:00Z
n-1122-30,2026-07-30,1122,30,IT,SELLABLE,11,2026-07-30T06:00:00Z
n-1122-30-r,2026-07-30,1122,30,IT,RESERVED,1,2026-07-30T06:00:00Z
n-1122-31,2026-07-31,1122,30,IT,SELLABLE,25,2026-07-31T06:00:00Z
n-1123-01,2026-07-01,1123,40,ES,SELLABLE,65,2026-07-01T06:00:00Z
n-1123-02,2026-07-02,1123,40,ES,SELLABLE,67,2026-07-02T06:00:00Z
n-1123-04,2026-07-04,1123,40,ES,SELLABLE,66,2026-07-04T06:00:00Z
n-1123-05,2026-07-05,1123,40,ES,SELLABLE,55,2026-07-05T06:00:00Z
n-1123-05-r,2026-07-05,1123,40,ES,RESERVED,9,2026-07-05T06:00:00Z
n-1123-06,2026-07-06,1123,40,ES,SELLABLE,65,2026-07-06T06:00:00Z
n-1123-07,2026-07-07,1123,40,ES,SELLABLE,66,2026-07-07T06:00:00Z
n-1123-08,2026-07-08,1123,40,ES,SELLABLE,59,2026-07-08T06:00:00Z
n-1123-09,2026-07-09,1123,40,ES,SELLABLE,63,2026-07-09T06:00:00Z
n-1123-10,2026-07-10,1123,40,ES,SELLABLE,58,2026-07-10T06:00:00Z
n-1123-11,2026-07-11,1123,40,ES,SELLABLE,53,2026-07-11T06:00:00Z
n-1123-11-r,2026-07-11,1123,40,ES,RESERVED,9,2026-07-11T06:00:00Z
n-1123-12,2026-07-12,1123,40,ES,SELLABLE,57,2026-07-12T06:00:00Z
n-1123-13,2026-07-13,1123,40,ES,SELLABLE,57,2026-07-13T06:00:00Z
n-1123-14,2026-07-14,1123,40,ES,SELLABLE,62,2026-07-14T06:00:00Z
n-1123-15,2026-07-15,1123,40,ES,SELLABLE,49,2026-07-15T06:00:00Z
n-1123-16,2026-07-16,1123,40,ES,SELLABLE,54,2026-07-16T06:00:00Z
n-1123-16-d,2026-07-16,1123,40,ES,DEFECTIVE,5,2026-07-16T06:00:00Z
n-1123-17,2026-07-17,1123,40,ES,SELLABLE,56,2026-07-17T06:00:00Z
n-1123-17-r,2026-07-17,1123,40,ES,RESERVED,5,2026-07-17T06:00:00Z
n-1123-18,2026-07-18,1123,40,ES,SELLABLE,56,2026-07-18T06:00:00Z
n-1123-19,2026-07-19,1123,40,ES,SELLABLE,50,2026-07-19T06:00:00Z
n-1123-20,2026-07-20,1123,40,ES,SELLABLE,57,2026-07-20T06:00:00Z
n-1123-21,2026-07-21,1123,40,ES,SELLABLE,49,2026-07-21T06:00:00Z
n-1123-22,2026-07-22,1123,40,ES,SELLABLE,41,2026-07-22T06:00:00Z
n-1123-23,2026-07-23,1123,40,ES,SELLABLE,45,2026-07-23T06:00:00Z
n-1123-23-r,2026-07-23,1123,40,ES,RESERVED,8,2026-07-23T06:00:00Z
n-1123-24,2026-07-24,1123,40,ES,SELLABLE,51,2026-07-24T06:00:00Z
n-1123-25,2026-07-25,1123,40,ES,SELLABLE,42,2026-07-25T06:00:00Z
n-1123-26,2026-07-26,1123,40,ES,SELLABLE,50,2026-07-26T06:00:00Z
n-1123-27,2026-07-27,1123,40,ES,SELLABLE,42,2026-07-27T06:00:00Z
n-1123-28,2026-07-28,1123,40,ES,SELLABLE,55,2026-07-28T06:00:00Z
n-1123-29,2026-07-29,1123,40,ES,SELLABLE,42,2026-07-29T06:00:00Z
n-1123-29-r,2026-07-29,1123,40,ES,RESERVED,6,2026-07-29T06:00:00Z
n-1123-30,2026-07-30,1123,40,ES,SELLABLE,42,2026-07-30T06:00:00Z
n-1123-31,2026-07-31,1123,40,ES,SELLABLE,33,2026-07-31T06:00:00Z
n-1124-01,2026-07-01,1124,10,DE,SELLABLE,75,2026-07-01T06:00:00Z
n-1124-02,2026-07-02,1124,10,DE,SELLABLE,72,2026-07-02T06:00:00Z
n-1124-04,2026-07-04,1124,10,DE,SELLABLE,73,2026-07-04T06:00:00Z
n-1124-04-r,2026-07-04,1124,10,DE,RESERVED,1,2026-07-04T06:00:00Z
n-1124-05,2026-07-05,1124,10,DE,SELLABLE,69,2026-07-05T06:00:00Z
n-1124-06,2026-07-06,1124,10,DE,SELLABLE,65,2026-07-06T06:00:00Z
n-1124-07,2026-07-07,1124,10,DE,SELLABLE,68,2026-07-07T06:00:00Z
n-1124-08,2026-07-08,1124,10,DE,SELLABLE,71,2026-07-08T06:00:00Z
n-1124-09,2026-07-09,1124,10,DE,SELLABLE,72,2026-07-09T06:00:00Z
n-1124-10,2026-07-10,1124,10,DE,SELLABLE,72,2026-07-10T06:00:00Z
n-1124-10-r,2026-07-10,1124,10,DE,RESERVED,5,2026-07-10T06:00:00Z
n-1124-11,2026-07-11,1124,10,DE,SELLABLE,64,2026-07-11T06:00:00Z
n-1124-12,2026-07-12,1124,10,DE,SELLABLE,62,2026-07-12T06:00:00Z
n-1124-13,2026-07-13,1124,10,DE,SELLABLE,65,2026-07-13T06:00:00Z
n-1124-14,2026-07-14,1124,10,DE,SELLABLE,56,2026-07-14T06:00:00Z
n-1124-15,2026-07-15,1124,10,DE,SELLABLE,53,2026-07-15T06:00:00Z
n-1124-15-d,2026-07-15,1124,10,DE,DEFECTIVE,7,2026-07-15T06:00:00Z
n-1124-16,2026-07-16,1124,10,DE,SELLABLE,72,2026-07-16T06:00:00Z
n-1124-16-r,2026-07-16,1124,10,DE,RESERVED,11,2026-07-16T06:00:00Z
n-1124-17,2026-07-17,1124,10,DE,SELLABLE,53,2026-07-17T06:00:00Z
n-1124-18,2026-07-18,1124,10,DE,SELLABLE,55,2026-07-18T06:00:00Z
n-1124-19,2026-07-19,1124,10,DE,SELLABLE,56,2026-07-19T06:00:00Z
n-1124-20,2026-07-20,1124,10,DE,SELLABLE,49,2026-07-20T06:00:00Z
n-1124-21,2026-07-21,1124,10,DE,SELLABLE,60,2026-07-21T06:00:00Z
n-1124-22,2026-07-22,1124,10,DE,SELLABLE,68,2026-07-22T06:00:00Z
n-1124-22-r,2026-07-22,1124,10,DE,RESERVED,11,2026-07-22T06:00:00Z
n-1124-23,2026-07-23,1124,10,DE,SELLABLE,53,2026-07-23T06:00:00Z
n-1124-24,2026-07-24,1124,10,DE,SELLABLE,45,2026-07-24T06:00:00Z
n-1124-25,2026-07-25,1124,10,DE,SELLABLE,50,2026-07-25T06:00:00Z
n-1124-26,2026-07-26,1124,10,DE,SELLABLE,60,2026-07-26T06:00:00Z
n-1124-27,2026-07-27,1124,10,DE,SELLABLE,46,2026-07-27T06:00:00Z
n-1124-28,2026-07-28,1124,10,DE,SELLABLE,55,2026-07-28T06:00:00Z
n-1124-28-r,2026-07-28,1124,10,DE,RESERVED,5,2026-07-28T06:00:00Z
n-1124-29,2026-07-29,1124,10,DE,SELLABLE,39,2026-07-29T06:00:00Z
n-1124-30,2026-07-30,1124,10,DE,SELLABLE,41,2026-07-30T06:00:00Z
n-1124-31,2026-07-31,1124,10,DE,SELLABLE,40,2026-07-31T06:00:00Z
n-1125-01,2026-07-01,1125,20,FR,SELLABLE,18,2026-07-01T06:00:00Z
n-1125-02,2026-07-02,1125,20,FR,SELLABLE,15,2026-07-02T06:00:00Z
n-1125-04,2026-07-04,1125,20,FR,SELLABLE,19,2026-07-04T06:00:00Z
n-1125-05,2026-07-05,1125,20,FR,SELLABLE,15,2026-07-05T06:00:00Z
n-1125-06,2026-07-06,1125,20,FR,SELLABLE,9,2026-07-06T06:00:00Z
n-1125-07,2026-07-07,1125,20,FR,SELLABLE,6,2026-07-07T06:00:00Z
n-1125-08,2026-07-08,1125,20,FR,SELLABLE,9,2026-07-08T06:00:00Z
n-1125-09,2026-07-09,1125,20,FR,SELLABLE,7,2026-07-09T06:00:00Z
n-1125-09-r,2026-07-09,1125,20,FR,RESERVED,9,2026-07-09T06:00:00Z
n-1125-10,2026-07-10,1125,20,FR,SELLABLE,13,2026-07-10T06:00:00Z
n-1125-11,2026-07-11,1125,20,FR,SELLABLE,11,2026-07-11T06:00:00Z
n-1125-12,2026-07-12,1125,20,FR,SELLABLE,8,2026-07-12T06:00:00Z
n-1125-13,2026-07-13,1125,20,FR,SELLABLE,3,2026-07-13T06:00:00Z
n-1125-14,2026-07-14,1125,20,FR,SELLABLE,3,2026-07-14T06:00:00Z
n-1125-14-d,2026-07-14,1125,20,FR,DEFECTIVE,2,2026-07-14T06:00:00Z
n-1125-15,2026-07-15,1125,20,FR,SELLABLE,9,2026-07-15T06:00:00Z
n-1125-15-r,2026-07-15,1125,20,FR,RESERVED,8,2026-07-15T06:00:00Z
n-1125-16,2026-07-16,1125,20,FR,SELLABLE,13,2026-07-16T06:00:00Z
n-1125-17,2026-07-17,1125,20,FR,SELLABLE,7,2026-07-17T06:00:00Z
n-1125-18,2026-07-18,1125,20,FR,SELLABLE,8,2026-07-18T06:00:00Z
n-1125-19,2026-07-19,1125,20,FR,SELLABLE,7,2026-07-19T06:00:00Z
n-1125-20,2026-07-20,1125,20,FR,SELLABLE,8,2026-07-20T06:00:00Z
n-1125-21,2026-07-21,1125,20,FR,SELLABLE,11,2026-07-21T06:00:00Z
n-1125-21-r,2026-07-21,1125,20,FR,RESERVED,10,2026-07-21T06:00:00Z
n-1125-22,2026-07-22,1125,20,FR,SELLABLE,0,2026-07-22T06:00:00Z
n-1125-23,2026-07-23,1125,20,FR,SELLABLE,0,2026-07-23T06:00:00Z
n-1125-24,2026-07-24,1125,20,FR,SELLABLE,0,2026-07-24T06:00:00Z
n-1125-25,2026-07-25,1125,20,FR,SELLABLE,0,2026-07-25T06:00:00Z
n-1125-26,2026-07-26,1125,20,FR,SELLABLE,0,2026-07-26T06:00:00Z
n-1125-27,2026-07-27,1125,20,FR,SELLABLE,0,2026-07-27T06:00:00Z
n-1125-27-r,2026-07-27,1125,20,FR,RESERVED,5,2026-07-27T06:00:00Z
n-1125-28,2026-07-28,1125,20,FR,SELLABLE,4,2026-07-28T06:00:00Z
n-1125-29,2026-07-29,1125,20,FR,SELLABLE,0,2026-07-29T06:00:00Z
n-1125-30,2026-07-30,1125,20,FR,SELLABLE,6,2026-07-30T06:00:00Z
n-1125-31,2026-07-31,1125,20,FR,SELLABLE,0,2026-07-31T06:00:00Z
n-1125-31-d,2026-07-31,1125,20,FR,DEFECTIVE,8,2026-07-31T06:00:00Z
n-1126-01,2026-07-01,1126,30,IT,SELLABLE,27,2026-07-01T06:00:00Z
n-1126-02,2026-07-02,1126,30,IT,SELLABLE,28,2026-07-02T06:00:00Z
n-1126-02-r,2026-07-02,1126,30,IT,RESERVED,9,2026-07-02T06:00:00Z
n-1126-04,2026-07-04,1126,30,IT,SELLABLE,25,2026-07-04T06:00:00Z
n-1126-05,2026-07-05,1126,30,IT,SELLABLE,24,2026-07-05T06:00:00Z
n-1126-06,2026-07-06,1126,30,IT,SELLABLE,24,2026-07-06T06:00:00Z
n-1126-07,2026-07-07,1126,30,IT,SELLABLE,22,2026-07-07T06:00:00Z
n-1126-08,2026-07-08,1126,30,IT,SELLABLE,25,2026-07-08T06:00:00Z
n-1126-08-r,2026-07-08,1126,30,IT,RESERVED,6,2026-07-08T06:00:00Z
n-1126-09,2026-07-09,1126,30,IT,SELLABLE,24,2026-07-09T06:00:00Z
n-1126-10,2026-07-10,1126,30,IT,SELLABLE,26,2026-07-10T06:00:00Z
n-1126-11,2026-07-11,1126,30,IT,SELLABLE,28,2026-07-11T06:00:00Z
n-1126-12,2026-07-12,1126,30,IT,SELLABLE,24,2026-07-12T06:00:00Z
n-1126-13,2026-07-13,1126,30,IT,SELLABLE,19,2026-07-13T06:00:00Z
n-1126-13-d,2026-07-13,1126,30,IT,DEFECTIVE,1,2026-07-13T06:00:00Z
n-1126-14,2026-07-14,1126,30,IT,SELLABLE,24,2026-07-14T06:00:00Z
n-1126-14-r,2026-07-14,1126,30,IT,RESERVED,10,2026-07-14T06:00:00Z
n-1126-15,2026-07-15,1126,30,IT,SELLABLE,21,2026-07-15T06:00:00Z
n-1126-16,2026-07-16,1126,30,IT,SELLABLE,23,2026-07-16T06:00:00Z
n-1126-17,2026-07-17,1126,30,IT,SELLABLE,21,2026-07-17T06:00:00Z
n-1126-18,2026-07-18,1126,30,IT,SELLABLE,30,2026-07-18T06:00:00Z
n-1126-19,2026-07-19,1126,30,IT,SELLABLE,9,2026-07-19T06:00:00Z
n-1126-20,2026-07-20,1126,30,IT,SELLABLE,7,2026-07-20T06:00:00Z
n-1126-20-r,2026-07-20,1126,30,IT,RESERVED,2,2026-07-20T06:00:00Z
n-1126-21,2026-07-21,1126,30,IT,SELLABLE,13,2026-07-21T06:00:00Z
n-1126-22,2026-07-22,1126,30,IT,SELLABLE,13,2026-07-22T06:00:00Z
n-1126-23,2026-07-23,1126,30,IT,SELLABLE,23,2026-07-23T06:00:00Z
n-1126-24,2026-07-24,1126,30,IT,SELLABLE,16,2026-07-24T06:00:00Z
n-1126-25,2026-07-25,1126,30,IT,SELLABLE,7,2026-07-25T06:00:00Z
n-1126-26,2026-07-26,1126,30,IT,SELLABLE,21,2026-07-26T06:00:00Z
n-1126-26-r,2026-07-26,1126,30,IT,RESERVED,5,2026-07-26T06:00:00Z
n-1126-27,2026-07-27,1126,30,IT,SELLABLE,25,2026-07-27T06:00:00Z
n-1126-28,2026-07-28,1126,30,IT,SELLABLE,16,2026-07-28T06:00:00Z
n-1126-29,2026-07-29,1126,30,IT,SELLABLE,9,2026-07-29T06:00:00Z
n-1126-30,2026-07-30,1126,30,IT,SELLABLE,3,2026-07-30T06:00:00Z
n-1126-30-d,2026-07-30,1126,30,IT,DEFECTIVE,7,2026-07-30T06:00:00Z
n-1126-31,2026-07-31,1126,30,IT,SELLABLE,6,2026-07-31T06:00:00Z
n-1127-01,2026-07-01,1127,40,ES,SELLABLE,57,2026-07-01T06:00:00Z
n-1127-01-r,2026-07-01,1127,40,ES,RESERVED,10,2026-07-01T06:00:00Z
n-1127-02,2026-07-02,1127,40,ES,SELLABLE,61,2026-07-02T06:00:00Z
n-1127-04,2026-07-04,1127,40,ES,SELLABLE,59,2026-07-04T06:00:00Z
n-1127-05,2026-07-05,1127,40,ES,SELLABLE,53,2026-07-05T06:00:00Z
n-1127-06,2026-07-06,1127,40,ES,SELLABLE,53,2026-07-06T06:00:00Z
n-1127-07,2026-07-07,1127,40,ES,SELLABLE,52,2026-07-07T06:00:00Z
n-1127-07-r,2026-07-07,1127,40,ES,RESERVED,10,2026-07-07T06:00:00Z
n-1127-08,2026-07-08,1127,40,ES,SELLABLE,52,2026-07-08T06:00:00Z
n-1127-09,2026-07-09,1127,40,ES,SELLABLE,56,2026-07-09T06:00:00Z
n-1127-10,2026-07-10,1127,40,ES,SELLABLE,57,2026-07-10T06:00:00Z
n-1127-11,2026-07-11,1127,40,ES,SELLABLE,58,2026-07-11T06:00:00Z
n-1127-12,2026-07-12,1127,40,ES,SELLABLE,49,2026-07-12T06:00:00Z
n-1127-12-d,2026-07-12,1127,40,ES,DEFECTIVE,8,2026-07-12T06:00:00Z
n-1127-13,2026-07-13,1127,40,ES,SELLABLE,53,2026-07-13T06:00:00Z
n-1127-13-r,2026-07-13,1127,40,ES,RESERVED,12,2026-07-13T06:00:00Z
n-1127-14,2026-07-14,1127,40,ES,SELLABLE,45,2026-07-14T06:00:00Z
n-1127-15,2026-07-15,1127,40,ES,SELLABLE,58,2026-07-15T06:00:00Z
n-1127-16,2026-07-16,1127,40,ES,SELLABLE,52,2026-07-16T06:00:00Z
n-1127-17,2026-07-17,1127,40,ES,SELLABLE,55,2026-07-17T06:00:00Z
n-1127-18,2026-07-18,1127,40,ES,SELLABLE,49,2026-07-18T06:00:00Z
n-1127-19,2026-07-19,1127,40,ES,SELLABLE,53,2026-07-19T06:00:00Z
n-1127-19-r,2026-07-19,1127,40,ES,RESERVED,8,2026-07-19T06:00:00Z
n-1127-20,2026-07-20,1127,40,ES,SELLABLE,53,2026-07-20T06:00:00Z
n-1127-21,2026-07-21,1127,40,ES,SELLABLE,36,2026-07-21T06:00:00Z
n-1127-22,2026-07-22,1127,40,ES,SELLABLE,52,2026-07-22T06:00:00Z
n-1127-23,2026-07-23,1127,40,ES,SELLABLE,40,2026-07-23T06:00:00Z
n-1127-24,2026-07-24,1127,40,ES,SELLABLE,46,2026-07-24T06:00:00Z
n-1127-25,2026-07-25,1127,40,ES,SELLABLE,54,2026-07-25T06:00:00Z
n-1127-25-r,2026-07-25,1127,40,ES,RESERVED,12,2026-07-25T06:00:00Z
n-1127-26,2026-07-26,1127,40,ES,SELLABLE,31,2026-07-26T06:00:00Z
n-1127-27,2026-07-27,1127,40,ES,SELLABLE,36,2026-07-27T06:00:00Z
n-1127-28,2026-07-28,1127,40,ES,SELLABLE,33,2026-07-28T06:00:00Z
n-1127-29,2026-07-29,1127,40,ES,SELLABLE,42,2026-07-29T06:00:00Z
n-1127-29-d,2026-07-29,1127,40,ES,DEFECTIVE,8,2026-07-29T06:00:00Z
n-1127-30,2026-07-30,1127,40,ES,SELLABLE,29,2026-07-30T06:00:00Z
n-1127-31,2026-07-31,1127,40,ES,SELLABLE,39,2026-07-31T06:00:00Z
n-1127-31-r,2026-07-31,1127,40,ES,RESERVED,10,2026-07-31T06:00:00Z
n-1128-01,2026-07-01,1128,10,DE,SELLABLE,72,2026-07-01T06:00:00Z
n-1128-02,2026-07-02,1128,10,DE,SELLABLE,67,2026-07-02T06:00:00Z
n-1128-04,2026-07-04,1128,10,DE,SELLABLE,70,2026-07-04T06:00:00Z
n-1128-05,2026-07-05,1128,10,DE,SELLABLE,67,2026-07-05T06:00:00Z
n-1128-06,2026-07-06,1128,10,DE,SELLABLE,61,2026-07-06T06:00:00Z
n-1128-06-r,2026-07-06,1128,10,DE,RESERVED,1,2026-07-06T06:00:00Z
n-1128-07,2026-07-07,1128,10,DE,SELLABLE,61,2026-07-07T06:00:00Z
n-1128-08,2026-07-08,1128,10,DE,SELLABLE,70,2026-07-08T06:00:00Z
n-1128-09,2026-07-09,1128,10,DE,SELLABLE,69,2026-07-09T06:00:00Z
n-1128-10,2026-07-10,1128,10,DE,SELLABLE,65,2026-07-10T06:00:00Z
n-1128-11,2026-07-11,1128,10,DE,SELLABLE,57,2026-07-11T06:00:00Z
n-1128-11-d,2026-07-11,1128,10,DE,DEFECTIVE,7,2026-07-11T06:00:00Z
n-1128-12,2026-07-12,1128,10,DE,SELLABLE,60,2026-07-12T06:00:00Z
n-1128-12-r,2026-07-12,1128,10,DE,RESERVED,5,2026-07-12T06:00:00Z
n-1128-13,2026-07-13,1128,10,DE,SELLABLE,58,2026-07-13T06:00:00Z
n-1128-14,2026-07-14,1128,10,DE,SELLABLE,54,2026-07-14T06:00:00Z
n-1128-15,2026-07-15,1128,10,DE,SELLABLE,66,2026-07-15T06:00:00Z
n-1128-16,2026-07-16,1128,10,DE,SELLABLE,61,2026-07-16T06:00:00Z
n-1128-17,2026-07-17,1128,10,DE,SELLABLE,56,2026-07-17T06:00:00Z
n-1128-18,2026-07-18,1128,10,DE,SELLABLE,63,2026-07-18T06:00:00Z
n-1128-18-r,2026-07-18,1128,10,DE,RESERVED,1,2026-07-18T06:00:00Z
n-1128-19,2026-07-19,1128,10,DE,SELLABLE,54,2026-07-19T06:00:00Z
n-1128-20,2026-07-20,1128,10,DE,SELLABLE,56,2026-07-20T06:00:00Z
n-1128-21,2026-07-21,1128,10,DE,SELLABLE,44,2026-07-21T06:00:00Z
n-1128-22,2026-07-22,1128,10,DE,SELLABLE,42,2026-07-22T06:00:00Z
n-1128-23,2026-07-23,1128,10,DE,SELLABLE,61,2026-07-23T06:00:00Z
n-1128-24,2026-07-24,1128,10,DE,SELLABLE,51,2026-07-24T06:00:00Z
n-1128-24-r,2026-07-24,1128,10,DE,RESERVED,2,2026-07-24T06:00:00Z
n-1128-25,2026-07-25,1128,10,DE,SELLABLE,49,2026-07-25T06:00:00Z
n-1128-26,2026-07-26,1128,10,DE,SELLABLE,49,2026-07-26T06:00:00Z
n-1128-27,2026-07-27,1128,10,DE,SELLABLE,51,2026-07-27T06:00:00Z
n-1128-28,2026-07-28,1128,10,DE,SELLABLE,61,2026-07-28T06:00:00Z
n-1128-28-d,2026-07-28,1128,10,DE,DEFECTIVE,8,2026-07-28T06:00:00Z
n-1128-29,2026-07-29,1128,10,DE,SELLABLE,49,2026-07-29T06:00:00Z
n-1128-30,2026-07-30,1128,10,DE,SELLABLE,48,2026-07-30T06:00:00Z
n-1128-30-r,2026-07-30,1128,10,DE,RESERVED,5,2026-07-30T06:00:00Z
n-1128-31,2026-07-31,1128,10,DE,SELLABLE,46,2026-07-31T06:00:00Z
n-1129-01,2026-07-01,1129,20,FR,SELLABLE,24,2026-07-01T06:00:00Z
n-1129-02,2026-07-02,1129,20,FR,SELLABLE,23,2026-07-02T06:00:00Z
n-1129-04,2026-07-04,1129,20,FR,SELLABLE,22,2026-07-04T06:00:00Z
n-1129-05,2026-07-05,1129,20,FR,SELLABLE,18,2026-07-05T06:00:00Z
n-1129-05-r,2026-07-05,1129,20,FR,RESERVED,3,2026-07-05T06:00:00Z
n-1129-06,2026-07-06,1129,20,FR,SELLABLE,26,2026-07-06T06:00:00Z
n-1129-07,2026-07-07,1129,20,FR,SELLABLE,22,2026-07-07T06:00:00Z
n-1129-08,2026-07-08,1129,20,FR,SELLABLE,17,2026-07-08T06:00:00Z
n-1129-09,2026-07-09,1129,20,FR,SELLABLE,11,2026-07-09T06:00:00Z
n-1129-10,2026-07-10,1129,20,FR,SELLABLE,13,2026-07-10T06:00:00Z
n-1129-10-d,2026-07-10,1129,20,FR,DEFECTIVE,7,2026-07-10T06:00:00Z
n-1129-11,2026-07-11,1129,20,FR,SELLABLE,20,2026-07-11T06:00:00Z
n-1129-11-r,2026-07-11,1129,20,FR,RESERVED,3,2026-07-11T06:00:00Z
n-1129-12,2026-07-12,1129,20,FR,SELLABLE,19,2026-07-12T06:00:00Z
n-1129-13,2026-07-13,1129,20,FR,SELLABLE,20,2026-07-13T06:00:00Z
n-1129-14,2026-07-14,1129,20,FR,SELLABLE,8,2026-07-14T06:00:00Z
n-1129-15,2026-07-15,1129,20,FR,SELLABLE,7,2026-07-15T06:00:00Z
n-1129-16,2026-07-16,1129,20,FR,SELLABLE,12,2026-07-16T06:00:00Z
n-1129-17,2026-07-17,1129,20,FR,SELLABLE,12,2026-07-17T06:00:00Z
n-1129-17-r,2026-07-17,1129,20,FR,RESERVED,3,2026-07-17T06:00:00Z
n-1129-18,2026-07-18,1129,20,FR,SELLABLE,15,2026-07-18T06:00:00Z
n-1129-19,2026-07-19,1129,20,FR,SELLABLE,11,2026-07-19T06:00:00Z
n-1129-20,2026-07-20,1129,20,FR,SELLABLE,10,2026-07-20T06:00:00Z
n-1129-21,2026-07-21,1129,20,FR,SELLABLE,11,2026-07-21T06:00:00Z
n-1129-22,2026-07-22,1129,20,FR,SELLABLE,9,2026-07-22T06:00:00Z
n-1129-23,2026-07-23,1129,20,FR,SELLABLE,0,2026-07-23T06:00:00Z
n-1129-23-r,2026-07-23,1129,20,FR,RESERVED,7,2026-07-23T06:00:00Z
n-1129-24,2026-07-24,1129,20,FR,SELLABLE,0,2026-07-24T06:00:00Z
n-1129-25,2026-07-25,1129,20,FR,SELLABLE,8,2026-07-25T06:00:00Z
n-1129-26,2026-07-26,1129,20,FR,SELLABLE,9,2026-07-26T06:00:00Z
n-1129-27,2026-07-27,1129,20,FR,SELLABLE,10,2026-07-27T06:00:00Z
n-1129-27-d,2026-07-27,1129,20,FR,DEFECTIVE,6,2026-07-27T06:00:00Z
n-1129-28,2026-07-28,1129,20,FR,SELLABLE,0,2026-07-28T06:00:00Z
n-1129-29,2026-07-29,1129,20,FR,SELLABLE,0,2026-07-29T06:00:00Z
n-1129-29-r,2026-07-29,1129,20,FR,RESERVED,12,2026-07-29T06:00:00Z
n-1129-30,2026-07-30,1129,20,FR,SELLABLE,13,2026-07-30T06:00:00Z
n-1129-31,2026-07-31,1129,20,FR,SELLABLE,0,2026-07-31T06:00:00Z
n-1130-01,2026-07-01,1130,30,IT,SELLABLE,71,2026-07-01T06:00:00Z
n-1130-02,2026-07-02,1130,30,IT,SELLABLE,64,2026-07-02T06:00:00Z
n-1130-04,2026-07-04,1130,30,IT,SELLABLE,68,2026-07-04T06:00:00Z
n-1130-04-r,2026-07-04,1130,30,IT,RESERVED,5,2026-07-04T06:00:00Z
n-1130-05,2026-07-05,1130,30,IT,SELLABLE,71,2026-07-05T06:00:00Z
n-1130-06,2026-07-06,1130,30,IT,SELLABLE,63,2026-07-06T06:00:00Z
n-1130-07,2026-07-07,1130,30,IT,SELLABLE,59,2026-07-07T06:00:00Z
n-1130-08,2026-07-08,1130,30,IT,SELLABLE,64,2026-07-08T06:00:00Z
n-1130-09,2026-07-09,1130,30,IT,SELLABLE,70,2026-07-09T06:00:00Z
n-1130-09-d,2026-07-09,1130,30,IT,DEFECTIVE,6,2026-07-09T06:00:00Z
n-1130-10,2026-07-10,1130,30,IT,SELLABLE,67,2026-07-10T06:00:00Z
n-1130-10-r,2026-07-10,1130,30,IT,RESERVED,7,2026-07-10T06:00:00Z
n-1130-11,2026-07-11,1130,30,IT,SELLABLE,58,2026-07-11T06:00:00Z
n-1130-12,2026-07-12,1130,30,IT,SELLABLE,54,2026-07-12T06:00:00Z
n-1130-13,2026-07-13,1130,30,IT,SELLABLE,69,2026-07-13T06:00:00Z
n-1130-14,2026-07-14,1130,30,IT,SELLABLE,58,2026-07-14T06:00:00Z
n-1130-15,2026-07-15,1130,30,IT,SELLABLE,63,2026-07-15T06:00:00Z
n-1130-16,2026-07-16,1130,30,IT,SELLABLE,56,2026-07-16T06:00:00Z
n-1130-16-r,2026-07-16,1130,30,IT,RESERVED,1,2026-07-16T06:00:00Z
n-1130-17,2026-07-17,1130,30,IT,SELLABLE,64,2026-07-17T06:00:00Z
n-1130-18,2026-07-18,1130,30,IT,SELLABLE,54,2026-07-18T06:00:00Z
n-1130-19,2026-07-19,1130,30,IT,SELLABLE,54,2026-07-19T06:00:00Z
n-1130-20,2026-07-20,1130,30,IT,SELLABLE,60,2026-07-20T06:00:00Z
n-1130-21,2026-07-21,1130,30,IT,SELLABLE,62,2026-07-21T06:00:00Z
n-1130-22,2026-07-22,1130,30,IT,SELLABLE,59,2026-07-22T06:00:00Z
n-1130-22-r,2026-07-22,1130,30,IT,RESERVED,9,2026-07-22T06:00:00Z
n-1130-23,2026-07-23,1130,30,IT,SELLABLE,62,2026-07-23T06:00:00Z
n-1130-24,2026-07-24,1130,30,IT,SELLABLE,58,2026-07-24T06:00:00Z
n-1130-25,2026-07-25,1130,30,IT,SELLABLE,53,2026-07-25T06:00:00Z
n-1130-26,2026-07-26,1130,30,IT,SELLABLE,46,2026-07-26T06:00:00Z
n-1130-26-d,2026-07-26,1130,30,IT,DEFECTIVE,3,2026-07-26T06:00:00Z
n-1130-27,2026-07-27,1130,30,IT,SELLABLE,61,2026-07-27T06:00:00Z
n-1130-28,2026-07-28,1130,30,IT,SELLABLE,47,2026-07-28T06:00:00Z
n-1130-28-r,2026-07-28,1130,30,IT,RESERVED,1,2026-07-28T06:00:00Z
n-1130-29,2026-07-29,1130,30,IT,SELLABLE,36,2026-07-29T06:00:00Z
n-1130-30,2026-07-30,1130,30,IT,SELLABLE,55,2026-07-30T06:00:00Z
n-1130-31,2026-07-31,1130,30,IT,SELLABLE,61,2026-07-31T06:00:00Z
n-1131-01,2026-07-01,1131,40,ES,SELLABLE,74,2026-07-01T06:00:00Z
n-1131-02,2026-07-02,1131,40,ES,SELLABLE,71,2026-07-02T06:00:00Z
n-1131-04,2026-07-04,1131,40,ES,SELLABLE,67,2026-07-04T06:00:00Z
n-1131-05,2026-07-05,1131,40,ES,SELLABLE,67,2026-07-05T06:00:00Z
n-1131-06,2026-07-06,1131,40,ES,SELLABLE,75,2026-07-06T06:00:00Z
n-1131-07,2026-07-07,1131,40,ES,SELLABLE,68,2026-07-07T06:00:00Z
n-1131-08,2026-07-08,1131,40,ES,SELLABLE,70,2026-07-08T06:00:00Z
n-1131-08-d,2026-07-08,1131,40,ES,DEFECTIVE,2,2026-07-08T06:00:00Z
n-1131-09,2026-07-09,1131,40,ES,SELLABLE,66,2026-07-09T06:00:00Z
n-1131-09-r,2026-07-09,1131,40,ES,RESERVED,9,2026-07-09T06:00:00Z
n-1131-10,2026-07-10,1131,40,ES,SELLABLE,66,2026-07-10T06:00:00Z
n-1131-11,2026-07-11,1131,40,ES,SELLABLE,59,2026-07-11T06:00:00Z
n-1131-12,2026-07-12,1131,40,ES,SELLABLE,61,2026-07-12T06:00:00Z
n-1131-13,2026-07-13,1131,40,ES,SELLABLE,72,2026-07-13T06:00:00Z
n-1131-14,2026-07-14,1131,40,ES,SELLABLE,59,2026-07-14T06:00:00Z
n-1131-15,2026-07-15,1131,40,ES,SELLABLE,65,2026-07-15T06:00:00Z
n-1131-15-r,2026-07-15,1131,40,ES,RESERVED,12,2026-07-15T06:00:00Z
n-1131-16,2026-07-16,1131,40,ES,SELLABLE,61,2026-07-16T06:00:00Z
n-1131-17,2026-07-17,1131,40,ES,SELLABLE,65,2026-07-17T06:00:00Z
n-1131-18,2026-07-18,1131,40,ES,SELLABLE,53,2026-07-18T06:00:00Z
n-1131-19,2026-07-19,1131,40,ES,SELLABLE,62,2026-07-19T06:00:00Z
n-1131-20,2026-07-20,1131,40,ES,SELLABLE,53,2026-07-20T06:00:00Z
n-1131-21,2026-07-21,1131,40,ES,SELLABLE,60,2026-07-21T06:00:00Z
n-1131-21-r,2026-07-21,1131,40,ES,RESERVED,8,2026-07-21T06:00:00Z
n-1131-22,2026-07-22,1131,40,ES,SELLABLE,46,2026-07-22T06:00:00Z
n-1131-23,2026-07-23,1131,40,ES,SELLABLE,56,2026-07-23T06:00:00Z
n-1131-24,2026-07-24,1131,40,ES,SELLABLE,57,2026-07-24T06:00:00Z
n-1131-25,2026-07-25,1131,40,ES,SELLABLE,69,2026-07-25T06:00:00Z
n-1131-25-d,2026-07-25,1131,40,ES,DEFECTIVE,4,2026-07-25T06:00:00Z
n-1131-26,2026-07-26,1131,40,ES,SELLABLE,56,2026-07-26T06:00:00Z
n-1131-27,2026-07-27,1131,40,ES,SELLABLE,57,2026-07-27T06:00:00Z
n-1131-27-r,2026-07-27,1131,40,ES,RESERVED,9,2026-07-27T06:00:00Z
n-1131-28,2026-07-28,1131,40,ES,SELLABLE,55,2026-07-28T06:00:00Z
n-1131-29,2026-07-29,1131,40,ES,SELLABLE,54,2026-07-29T06:00:00Z
n-1131-30,2026-07-30,1131,40,ES,SELLABLE,56,2026-07-30T06:00:00Z
n-1131-31,2026-07-31,1131,40,ES,SELLABLE,59,2026-07-31T06:00:00Z
n-1132-01,2026-07-01,1132,10,DE,SELLABLE,53,2026-07-01T06:00:00Z
n-1132-02,2026-07-02,1132,10,DE,SELLABLE,57,2026-07-02T06:00:00Z
n-1132-02-r,2026-07-02,1132,10,DE,RESERVED,11,2026-07-02T06:00:00Z
n-1132-04,2026-07-04,1132,10,DE,SELLABLE,53,2026-07-04T06:00:00Z
n-1132-05,2026-07-05,1132,10,DE,SELLABLE,47,2026-07-05T06:00:00Z
n-1132-06,2026-07-06,1132,10,DE,SELLABLE,47,2026-07-06T06:00:00Z
n-1132-07,2026-07-07,1132,10,DE,SELLABLE,56,2026-07-07T06:00:00Z
n-1132-07-d,2026-07-07,1132,10,DE,DEFECTIVE,5,2026-07-07T06:00:00Z
n-1132-08,2026-07-08,1132,10,DE,SELLABLE,49,2026-07-08T06:00:00Z
n-1132-08-r,2026-07-08,1132,10,DE,RESERVED,8,2026-07-08T06:00:00Z
n-1132-09,2026-07-09,1132,10,DE,SELLABLE,42,2026-07-09T06:00:00Z
n-1132-10,2026-07-10,1132,10,DE,SELLABLE,46,2026-07-10T06:00:00Z
n-1132-11,2026-07-11,1132,10,DE,SELLABLE,46,2026-07-11T06:00:00Z
n-1132-12,2026-07-12,1132,10,DE,SELLABLE,40,2026-07-12T06:00:00Z
n-1132-13,2026-07-13,1132,10,DE,SELLABLE,46,2026-07-13T06:00:00Z
n-1132-14,2026-07-14,1132,10,DE,SELLABLE,50,2026-07-14T06:00:00Z
n-1132-14-r,2026-07-14,1132,10,DE,RESERVED,3,2026-07-14T06:00:00Z
n-1132-15,2026-07-15,1132,10,DE,SELLABLE,39,2026-07-15T06:00:00Z
n-1132-16,2026-07-16,1132,10,DE,SELLABLE,46,2026-07-16T06:00:00Z
n-1132-17,2026-07-17,1132,10,DE,SELLABLE,44,2026-07-17T06:00:00Z
n-1132-18,2026-07-18,1132,10,DE,SELLABLE,35,2026-07-18T06:00:00Z
n-1132-19,2026-07-19,1132,10,DE,SELLABLE,36,2026-07-19T06:00:00Z
n-1132-20,2026-07-20,1132,10,DE,SELLABLE,33,2026-07-20T06:00:00Z
n-1132-20-r,2026-07-20,1132,10,DE,RESERVED,9,2026-07-20T06:00:00Z
n-1132-21,2026-07-21,1132,10,DE,SELLABLE,29,2026-07-21T06:00:00Z
n-1132-22,2026-07-22,1132,10,DE,SELLABLE,32,2026-07-22T06:00:00Z
n-1132-23,2026-07-23,1132,10,DE,SELLABLE,46,2026-07-23T06:00:00Z
n-1132-24,2026-07-24,1132,10,DE,SELLABLE,41,2026-07-24T06:00:00Z
n-1132-24-d,2026-07-24,1132,10,DE,DEFECTIVE,4,2026-07-24T06:00:00Z
n-1132-25,2026-07-25,1132,10,DE,SELLABLE,38,2026-07-25T06:00:00Z
n-1132-26,2026-07-26,1132,10,DE,SELLABLE,34,2026-07-26T06:00:00Z
n-1132-26-r,2026-07-26,1132,10,DE,RESERVED,12,2026-07-26T06:00:00Z
n-1132-27,2026-07-27,1132,10,DE,SELLABLE,34,2026-07-27T06:00:00Z
n-1132-28,2026-07-28,1132,10,DE,SELLABLE,21,2026-07-28T06:00:00Z
n-1132-29,2026-07-29,1132,10,DE,SELLABLE,41,2026-07-29T06:00:00Z
n-1132-30,2026-07-30,1132,10,DE,SELLABLE,44,2026-07-30T06:00:00Z
n-1132-31,2026-07-31,1132,10,DE,SELLABLE,42,2026-07-31T06:00:00Z
n-1133-01,2026-07-01,1133,20,FR,SELLABLE,54,2026-07-01T06:00:00Z
n-1133-01-r,2026-07-01,1133,20,FR,RESERVED,10,2026-07-01T06:00:00Z
n-1133-02,2026-07-02,1133,20,FR,SELLABLE,55,2026-07-02T06:00:00Z
n-1133-04,2026-07-04,1133,20,FR,SELLABLE,47,2026-07-04T06:00:00Z
n-1133-05,2026-07-05,1133,20,FR,SELLABLE,54,2026-07-05T06:00:00Z
n-1133-06,2026-07-06,1133,20,FR,SELLABLE,49,2026-07-06T06:00:00Z
n-1133-06-d,2026-07-06,1133,20,FR,DEFECTIVE,8,2026-07-06T06:00:00Z
n-1133-07,2026-07-07,1133,20,FR,SELLABLE,54,2026-07-07T06:00:00Z
n-1133-07-r,2026-07-07,1133,20,FR,RESERVED,6,2026-07-07T06:00:00Z
n-1133-08,2026-07-08,1133,20,FR,SELLABLE,47,2026-07-08T06:00:00Z
n-1133-09,2026-07-09,1133,20,FR,SELLABLE,44,2026-07-09T06:00:00Z
n-1133-10,2026-07-10,1133,20,FR,SELLABLE,47,2026-07-10T06:00:00Z
n-1133-11,2026-07-11,1133,20,FR,SELLABLE,47,2026-07-11T06:00:00Z
n-1133-12,2026-07-12,1133,20,FR,SELLABLE,48,2026-07-12T06:00:00Z
n-1133-13,2026-07-13,1133,20,FR,SELLABLE,39,2026-07-13T06:00:00Z
n-1133-13-r,2026-07-13,1133,20,FR,RESERVED,3,2026-07-13T06:00:00Z
n-1133-14,2026-07-14,1133,20,FR,SELLABLE,47,2026-07-14T06:00:00Z
n-1133-15,2026-07-15,1133,20,FR,SELLABLE,37,2026-07-15T06:00:00Z
n-1133-16,2026-07-16,1133,20,FR,SELLABLE,42,2026-07-16T06:00:00Z
n-1133-17,2026-07-17,1133,20,FR,SELLABLE,38,2026-07-17T06:00:00Z
n-1133-18,2026-07-18,1133,20,FR,SELLABLE,49,2026-07-18T06:00:00Z
n-1133-19,2026-07-19,1133,20,FR,SELLABLE,41,2026-07-19T06:00:00Z
n-1133-19-r,2026-07-19,1133,20,FR,RESERVED,8,2026-07-19T06:00:00Z
n-1133-20,2026-07-20,1133,20,FR,SELLABLE,31,2026-07-20T06:00:00Z
n-1133-21,2026-07-21,1133,20,FR,SELLABLE,49,2026-07-21T06:00:00Z
n-1133-22,2026-07-22,1133,20,FR,SELLABLE,34,2026-07-22T06:00:00Z
n-1133-23,2026-07-23,1133,20,FR,SELLABLE,44,2026-07-23T06:00:00Z
n-1133-23-d,2026-07-23,1133,20,FR,DEFECTIVE,6,2026-07-23T06:00:00Z
n-1133-24,2026-07-24,1133,20,FR,SELLABLE,37,2026-07-24T06:00:00Z
n-1133-25,2026-07-25,1133,20,FR,SELLABLE,33,2026-07-25T06:00:00Z
n-1133-25-r,2026-07-25,1133,20,FR,RESERVED,8,2026-07-25T06:00:00Z
n-1133-26,2026-07-26,1133,20,FR,SELLABLE,37,2026-07-26T06:00:00Z
n-1133-27,2026-07-27,1133,20,FR,SELLABLE,46,2026-07-27T06:00:00Z
n-1133-28,2026-07-28,1133,20,FR,SELLABLE,43,2026-07-28T06:00:00Z
n-1133-29,2026-07-29,1133,20,FR,SELLABLE,27,2026-07-29T06:00:00Z
n-1133-30,2026-07-30,1133,20,FR,SELLABLE,36,2026-07-30T06:00:00Z
n-1133-31,2026-07-31,1133,20,FR,SELLABLE,40,2026-07-31T06:00:00Z
n-1133-31-r,2026-07-31,1133,20,FR,RESERVED,10,2026-07-31T06:00:00Z
n-1134-01,2026-07-01,1134,30,IT,SELLABLE,27,2026-07-01T06:00:00Z
n-1134-02,2026-07-02,1134,30,IT,SELLABLE,28,2026-07-02T06:00:00Z
n-1134-04,2026-07-04,1134,30,IT,SELLABLE,32,2026-07-04T06:00:00Z
n-1134-05,2026-07-05,1134,30,IT,SELLABLE,27,2026-07-05T06:00:00Z
n-1134-05-d,2026-07-05,1134,30,IT,DEFECTIVE,2,2026-07-05T06:00:00Z
n-1134-06,2026-07-06,1134,30,IT,SELLABLE,22,2026-07-06T06:00:00Z
n-1134-06-r,2026-07-06,1134,30,IT,RESERVED,12,2026-07-06T06:00:00Z
n-1134-07,2026-07-07,1134,30,IT,SELLABLE,29,2026-07-07T06:00:00Z
n-1134-08,2026-07-08,1134,30,IT,SELLABLE,27,2026-07-08T06:00:00Z
n-1134-09,2026-07-09,1134,30,IT,SELLABLE,26,2026-07-09T06:00:00Z
n-1134-10,2026-07-10,1134,30,IT,SELLABLE,31,2026-07-10T06:00:00Z
n-1134-11,2026-07-11,1134,30,IT,SELLABLE,24,2026-07-11T06:00:00Z
n-1134-12,2026-07-12,1134,30,IT,SELLABLE,16,2026-07-12T06:00:00Z
n-1134-12-r,2026-07-12,1134,30,IT,RESERVED,5,2026-07-12T06:00:00Z
n-1134-13,2026-07-13,1134,30,IT,SELLABLE,18,2026-07-13T06:00:00Z
n-1134-14,2026-07-14,1134,30,IT,SELLABLE,16,2026-07-14T06:00:00Z
n-1134-15,2026-07-15,1134,30,IT,SELLABLE,20,2026-07-15T06:00:00Z
n-1134-16,2026-07-16,1134,30,IT,SELLABLE,14,2026-07-16T06:00:00Z
n-1134-17,2026-07-17,1134,30,IT,SELLABLE,23,2026-07-17T06:00:00Z
n-1134-18,2026-07-18,1134,30,IT,SELLABLE,17,2026-07-18T06:00:00Z
n-1134-18-r,2026-07-18,1134,30,IT,RESERVED,4,2026-07-18T06:00:00Z
n-1134-19,2026-07-19,1134,30,IT,SELLABLE,14,2026-07-19T06:00:00Z
n-1134-20,2026-07-20,1134,30,IT,SELLABLE,8,2026-07-20T06:00:00Z
n-1134-21,2026-07-21,1134,30,IT,SELLABLE,6,2026-07-21T06:00:00Z
n-1134-22,2026-07-22,1134,30,IT,SELLABLE,17,2026-07-22T06:00:00Z
n-1134-22-d,2026-07-22,1134,30,IT,DEFECTIVE,2,2026-07-22T06:00:00Z
n-1134-23,2026-07-23,1134,30,IT,SELLABLE,20,2026-07-23T06:00:00Z
n-1134-24,2026-07-24,1134,30,IT,SELLABLE,12,2026-07-24T06:00:00Z
n-1134-24-r,2026-07-24,1134,30,IT,RESERVED,5,2026-07-24T06:00:00Z
n-1134-25,2026-07-25,1134,30,IT,SELLABLE,12,2026-07-25T06:00:00Z
n-1134-26,2026-07-26,1134,30,IT,SELLABLE,9,2026-07-26T06:00:00Z
n-1134-27,2026-07-27,1134,30,IT,SELLABLE,19,2026-07-27T06:00:00Z
n-1134-28,2026-07-28,1134,30,IT,SELLABLE,21,2026-07-28T06:00:00Z
n-1134-29,2026-07-29,1134,30,IT,SELLABLE,10,2026-07-29T06:00:00Z
n-1134-30,2026-07-30,1134,30,IT,SELLABLE,25,2026-07-30T06:00:00Z
n-1134-30-r,2026-07-30,1134,30,IT,RESERVED,1,2026-07-30T06:00:00Z
n-1134-31,2026-07-31,1134,30,IT,SELLABLE,1,2026-07-31T06:00:00Z
n-1135-01,2026-07-01,1135,40,ES,SELLABLE,26,2026-07-01T06:00:00Z
n-1135-02,2026-07-02,1135,40,ES,SELLABLE,25,2026-07-02T06:00:00Z
n-1135-04,2026-07-04,1135,40,ES,SELLABLE,26,2026-07-04T06:00:00Z
n-1135-04-d,2026-07-04,1135,40,ES,DEFECTIVE,2,2026-07-04T06:00:00Z
n-1135-05,2026-07-05,1135,40,ES,SELLABLE,19,2026-07-05T06:00:00Z
n-1135-05-r,2026-07-05,1135,40,ES,RESERVED,5,2026-07-05T06:00:00Z
n-1135-06,2026-07-06,1135,40,ES,SELLABLE,18,2026-07-06T06:00:00Z
n-1135-07,2026-07-07,1135,40,ES,SELLABLE,23,2026-07-07T06:00:00Z
n-1135-08,2026-07-08,1135,40,ES,SELLABLE,19,2026-07-08T06:00:00Z
n-1135-09,2026-07-09,1135,40,ES,SELLABLE,19,2026-07-09T06:00:00Z
n-1135-10,2026-07-10,1135,40,ES,SELLABLE,14,2026-07-10T06:00:00Z
n-1135-11,2026-07-11,1135,40,ES,SELLABLE,17,2026-07-11T06:00:00Z
n-1135-11-r,2026-07-11,1135,40,ES,RESERVED,6,2026-07-11T06:00:00Z
n-1135-12,2026-07-12,1135,40,ES,SELLABLE,23,2026-07-12T06:00:00Z
n-1135-13,2026-07-13,1135,40,ES,SELLABLE,14,2026-07-13T06:00:00Z
n-1135-14,2026-07-14,1135,40,ES,SELLABLE,19,2026-07-14T06:00:00Z
n-1135-15,2026-07-15,1135,40,ES,SELLABLE,6,2026-07-15T06:00:00Z
n-1135-16,2026-07-16,1135,40,ES,SELLABLE,20,2026-07-16T06:00:00Z
n-1135-17,2026-07-17,1135,40,ES,SELLABLE,23,2026-07-17T06:00:00Z
n-1135-17-r,2026-07-17,1135,40,ES,RESERVED,12,2026-07-17T06:00:00Z
n-1135-18,2026-07-18,1135,40,ES,SELLABLE,16,2026-07-18T06:00:00Z
n-1135-19,2026-07-19,1135,40,ES,SELLABLE,15,2026-07-19T06:00:00Z
n-1135-20,2026-07-20,1135,40,ES,SELLABLE,12,2026-07-20T06:00:00Z
n-1135-21,2026-07-21,1135,40,ES,SELLABLE,0,2026-07-21T06:00:00Z
n-1135-21-d,2026-07-21,1135,40,ES,DEFECTIVE,2,2026-07-21T06:00:00Z
n-1135-22,2026-07-22,1135,40,ES,SELLABLE,2,2026-07-22T06:00:00Z
n-1135-23,2026-07-23,1135,40,ES,SELLABLE,3,2026-07-23T06:00:00Z
n-1135-23-r,2026-07-23,1135,40,ES,RESERVED,11,2026-07-23T06:00:00Z
n-1135-24,2026-07-24,1135,40,ES,SELLABLE,9,2026-07-24T06:00:00Z
n-1135-25,2026-07-25,1135,40,ES,SELLABLE,8,2026-07-25T06:00:00Z
n-1135-26,2026-07-26,1135,40,ES,SELLABLE,0,2026-07-26T06:00:00Z
n-1135-27,2026-07-27,1135,40,ES,SELLABLE,5,2026-07-27T06:00:00Z
n-1135-28,2026-07-28,1135,40,ES,SELLABLE,9,2026-07-28T06:00:00Z
n-1135-29,2026-07-29,1135,40,ES,SELLABLE,1,2026-07-29T06:00:00Z
n-1135-29-r,2026-07-29,1135,40,ES,RESERVED,7,2026-07-29T06:00:00Z
n-1135-30,2026-07-30,1135,40,ES,SELLABLE,0,2026-07-30T06:00:00Z
n-1135-31,2026-07-31,1135,40,ES,SELLABLE,0,2026-07-31T06:00:00Z
n-1136-01,2026-07-01,1136,10,DE,SELLABLE,11,2026-07-01T06:00:00Z
n-1136-02,2026-07-02,1136,10,DE,SELLABLE,10,2026-07-02T06:00:00Z
n-1136-04,2026-07-04,1136,10,DE,SELLABLE,12,2026-07-04T06:00:00Z
n-1136-04-r,2026-07-04,1136,10,DE,RESERVED,6,2026-07-04T06:00:00Z
n-1136-05,2026-07-05,1136,10,DE,SELLABLE,12,2026-07-05T06:00:00Z
n-1136-06,2026-07-06,1136,10,DE,SELLABLE,13,2026-07-06T06:00:00Z
n-1136-07,2026-07-07,1136,10,DE,SELLABLE,11,2026-07-07T06:00:00Z
n-1136-08,2026-07-08,1136,10,DE,SELLABLE,10,2026-07-08T06:00:00Z
n-1136-09,2026-07-09,1136,10,DE,SELLABLE,2,2026-07-09T06:00:00Z
n-1136-10,2026-07-10,1136,10,DE,SELLABLE,7,2026-07-10T06:00:00Z
n-1136-10-r,2026-07-10,1136,10,DE,RESERVED,7,2026-07-10T06:00:00Z
n-1136-11,2026-07-11,1136,10,DE,SELLABLE,10,2026-07-11T06:00:00Z
n-1136-12,2026-07-12,1136,10,DE,SELLABLE,4,2026-07-12T06:00:00Z
n-1136-13,2026-07-13,1136,10,DE,SELLABLE,0,2026-07-13T06:00:00Z
n-1136-14,2026-07-14,1136,10,DE,SELLABLE,2,2026-07-14T06:00:00Z
n-1136-15,2026-07-15,1136,10,DE,SELLABLE,5,2026-07-15T06:00:00Z
n-1136-16,2026-07-16,1136,10,DE,SELLABLE,7,2026-07-16T06:00:00Z
n-1136-16-r,2026-07-16,1136,10,DE,RESERVED,7,2026-07-16T06:00:00Z
n-1136-17,2026-07-17,1136,10,DE,SELLABLE,2,2026-07-17T06:00:00Z
n-1136-18,2026-07-18,1136,10,DE,SELLABLE,5,2026-07-18T06:00:00Z
n-1136-19,2026-07-19,1136,10,DE,SELLABLE,0,2026-07-19T06:00:00Z
n-1136-20,2026-07-20,1136,10,DE,SELLABLE,6,2026-07-20T06:00:00Z
n-1136-20-d,2026-07-20,1136,10,DE,DEFECTIVE,7,2026-07-20T06:00:00Z
n-1136-21,2026-07-21,1136,10,DE,SELLABLE,0,2026-07-21T06:00:00Z
n-1136-22,2026-07-22,1136,10,DE,SELLABLE,0,2026-07-22T06:00:00Z
n-1136-22-r,2026-07-22,1136,10,DE,RESERVED,1,2026-07-22T06:00:00Z
n-1136-23,2026-07-23,1136,10,DE,SELLABLE,5,2026-07-23T06:00:00Z
n-1136-24,2026-07-24,1136,10,DE,SELLABLE,0,2026-07-24T06:00:00Z
n-1136-25,2026-07-25,1136,10,DE,SELLABLE,0,2026-07-25T06:00:00Z
n-1136-26,2026-07-26,1136,10,DE,SELLABLE,2,2026-07-26T06:00:00Z
n-1136-27,2026-07-27,1136,10,DE,SELLABLE,0,2026-07-27T06:00:00Z
n-1136-28,2026-07-28,1136,10,DE,SELLABLE,5,2026-07-28T06:00:00Z
n-1136-28-r,2026-07-28,1136,10,DE,RESERVED,12,2026-07-28T06:00:00Z
n-1136-29,2026-07-29,1136,10,DE,SELLABLE,3,2026-07-29T06:00:00Z
n-1136-30,2026-07-30,1136,10,DE,SELLABLE,0,2026-07-30T06:00:00Z
n-1136-31,2026-07-31,1136,10,DE,SELLABLE,0,2026-07-31T06:00:00Z
n-1137-01,2026-07-01,1137,20,FR,SELLABLE,72,2026-07-01T06:00:00Z
n-1137-02,2026-07-02,1137,20,FR,SELLABLE,71,2026-07-02T06:00:00Z
n-1137-02-d,2026-07-02,1137,20,FR,DEFECTIVE,7,2026-07-02T06:00:00Z
n-1137-04,2026-07-04,1137,20,FR,SELLABLE,65,2026-07-04T06:00:00Z
n-1137-05,2026-07-05,1137,20,FR,SELLABLE,65,2026-07-05T06:00:00Z
n-1137-06,2026-07-06,1137,20,FR,SELLABLE,63,2026-07-06T06:00:00Z
n-1137-07,2026-07-07,1137,20,FR,SELLABLE,64,2026-07-07T06:00:00Z
n-1137-08,2026-07-08,1137,20,FR,SELLABLE,68,2026-07-08T06:00:00Z
n-1137-09,2026-07-09,1137,20,FR,SELLABLE,61,2026-07-09T06:00:00Z
n-1137-09-r,2026-07-09,1137,20,FR,RESERVED,8,2026-07-09T06:00:00Z
n-1137-10,2026-07-10,1137,20,FR,SELLABLE,68,2026-07-10T06:00:00Z
n-1137-11,2026-07-11,1137,20,FR,SELLABLE,58,2026-07-11T06:00:00Z
n-1137-12,2026-07-12,1137,20,FR,SELLABLE,60,2026-07-12T06:00:00Z
n-1137-13,2026-07-13,1137,20,FR,SELLABLE,57,2026-07-13T06:00:00Z
n-1137-14,2026-07-14,1137,20,FR,SELLABLE,52,2026-07-14T06:00:00Z
n-1137-15,2026-07-15,1137,20,FR,SELLABLE,62,2026-07-15T06:00:00Z
n-1137-15-r,2026-07-15,1137,20,FR,RESERVED,4,2026-07-15T06:00:00Z
n-1137-16,2026-07-16,1137,20,FR,SELLABLE,65,2026-07-16T06:00:00Z
n-1137-17,2026-07-17,1137,20,FR,SELLABLE,60,2026-07-17T06:00:00Z
n-1137-18,2026-07-18,1137,20,FR,SELLABLE,62,2026-07-18T06:00:00Z
n-1137-19,2026-07-19,1137,20,FR,SELLABLE,56,2026-07-19T06:00:00Z
n-1137-19-d,2026-07-19,1137,20,FR,DEFECTIVE,6,2026-07-19T06:00:00Z
n-1137-20,2026-07-20,1137,20,FR,SELLABLE,67,2026-07-20T06:00:00Z
n-1137-21,2026-07-21,1137,20,FR,SELLABLE,64,2026-07-21T06:00:00Z
n-1137-21-r,2026-07-21,1137,20,FR,RESERVED,4,2026-07-21T06:00:00Z
n-1137-22,2026-07-22,1137,20,FR,SELLABLE,60,2026-07-22T06:00:00Z
n-1137-23,2026-07-23,1137,20,FR,SELLABLE,60,2026-07-23T06:00:00Z
n-1137-24,2026-07-24,1137,20,FR,SELLABLE,55,2026-07-24T06:00:00Z
n-1137-25,2026-07-25,1137,20,FR,SELLABLE,64,2026-07-25T06:00:00Z
n-1137-26,2026-07-26,1137,20,FR,SELLABLE,49,2026-07-26T06:00:00Z
n-1137-27,2026-07-27,1137,20,FR,SELLABLE,43,2026-07-27T06:00:00Z
n-1137-27-r,2026-07-27,1137,20,FR,RESERVED,2,2026-07-27T06:00:00Z
n-1137-28,2026-07-28,1137,20,FR,SELLABLE,41,2026-07-28T06:00:00Z
n-1137-29,2026-07-29,1137,20,FR,SELLABLE,51,2026-07-29T06:00:00Z
n-1137-30,2026-07-30,1137,20,FR,SELLABLE,38,2026-07-30T06:00:00Z
n-1137-31,2026-07-31,1137,20,FR,SELLABLE,60,2026-07-31T06:00:00Z
n-1138-01,2026-07-01,1138,30,IT,SELLABLE,14,2026-07-01T06:00:00Z
n-1138-01-d,2026-07-01,1138,30,IT,DEFECTIVE,3,2026-07-01T06:00:00Z
n-1138-02,2026-07-02,1138,30,IT,SELLABLE,12,2026-07-02T06:00:00Z
n-1138-02-r,2026-07-02,1138,30,IT,RESERVED,10,2026-07-02T06:00:00Z
n-1138-04,2026-07-04,1138,30,IT,SELLABLE,11,2026-07-04T06:00:00Z
n-1138-05,2026-07-05,1138,30,IT,SELLABLE,10,2026-07-05T06:00:00Z
n-1138-06,2026-07-06,1138,30,IT,SELLABLE,6,2026-07-06T06:00:00Z
n-1138-07,2026-07-07,1138,30,IT,SELLABLE,6,2026-07-07T06:00:00Z
n-1138-08,2026-07-08,1138,30,IT,SELLABLE,14,2026-07-08T06:00:00Z
n-1138-08-r,2026-07-08,1138,30,IT,RESERVED,4,2026-07-08T06:00:00Z
n-1138-09,2026-07-09,1138,30,IT,SELLABLE,4,2026-07-09T06:00:00Z
n-1138-10,2026-07-10,1138,30,IT,SELLABLE,6,2026-07-10T06:00:00Z
n-1138-11,2026-07-11,1138,30,IT,SELLABLE,6,2026-07-11T06:00:00Z
n-1138-12,2026-07-12,1138,30,IT,SELLABLE,11,2026-07-12T06:00:00Z
n-1138-13,2026-07-13,1138,30,IT,SELLABLE,3,2026-07-13T06:00:00Z
n-1138-14,2026-07-14,1138,30,IT,SELLABLE,6,2026-07-14T06:00:00Z
n-1138-14-r,2026-07-14,1138,30,IT,RESERVED,9,2026-07-14T06:00:00Z
n-1138-15,2026-07-15,1138,30,IT,SELLABLE,3,2026-07-15T06:00:00Z
n-1138-16,2026-07-16,1138,30,IT,SELLABLE,5,2026-07-16T06:00:00Z
n-1138-17,2026-07-17,1138,30,IT,SELLABLE,11,2026-07-17T06:00:00Z
n-1138-18,2026-07-18,1138,30,IT,SELLABLE,8,2026-07-18T06:00:00Z
n-1138-18-d,2026-07-18,1138,30,IT,DEFECTIVE,8,2026-07-18T06:00:00Z
n-1138-19,2026-07-19,1138,30,IT,SELLABLE,5,2026-07-19T06:00:00Z
n-1138-20,2026-07-20,1138,30,IT,SELLABLE,5,2026-07-20T06:00:00Z
n-1138-20-r,2026-07-20,1138,30,IT,RESERVED,2,2026-07-20T06:00:00Z
n-1138-21,2026-07-21,1138,30,IT,SELLABLE,4,2026-07-21T06:00:00Z
n-1138-22,2026-07-22,1138,30,IT,SELLABLE,0,2026-07-22T06:00:00Z
n-1138-23,2026-07-23,1138,30,IT,SELLABLE,0,2026-07-23T06:00:00Z
n-1138-24,2026-07-24,1138,30,IT,SELLABLE,10,2026-07-24T06:00:00Z
n-1138-25,2026-07-25,1138,30,IT,SELLABLE,0,2026-07-25T06:00:00Z
n-1138-26,2026-07-26,1138,30,IT,SELLABLE,0,2026-07-26T06:00:00Z
n-1138-26-r,2026-07-26,1138,30,IT,RESERVED,10,2026-07-26T06:00:00Z
n-1138-27,2026-07-27,1138,30,IT,SELLABLE,0,2026-07-27T06:00:00Z
n-1138-28,2026-07-28,1138,30,IT,SELLABLE,0,2026-07-28T06:00:00Z
n-1138-29,2026-07-29,1138,30,IT,SELLABLE,0,2026-07-29T06:00:00Z
n-1138-30,2026-07-30,1138,30,IT,SELLABLE,0,2026-07-30T06:00:00Z
n-1138-31,2026-07-31,1138,30,IT,SELLABLE,0,2026-07-31T06:00:00Z
n-1139-01,2026-07-01,1139,40,ES,SELLABLE,72,2026-07-01T06:00:00Z
n-1139-01-r,2026-07-01,1139,40,ES,RESERVED,11,2026-07-01T06:00:00Z
n-1139-02,2026-07-02,1139,40,ES,SELLABLE,68,2026-07-02T06:00:00Z
n-1139-04,2026-07-04,1139,40,ES,SELLABLE,63,2026-07-04T06:00:00Z
n-1139-05,2026-07-05,1139,40,ES,SELLABLE,63,2026-07-05T06:00:00Z
n-1139-06,2026-07-06,1139,40,ES,SELLABLE,59,2026-07-06T06:00:00Z
n-1139-07,2026-07-07,1139,40,ES,SELLABLE,67,2026-07-07T06:00:00Z
n-1139-07-r,2026-07-07,1139,40,ES,RESERVED,2,2026-07-07T06:00:00Z
n-1139-08,2026-07-08,1139,40,ES,SELLABLE,63,2026-07-08T06:00:00Z
n-1139-09,2026-07-09,1139,40,ES,SELLABLE,63,2026-07-09T06:00:00Z
n-1139-10,2026-07-10,1139,40,ES,SELLABLE,60,2026-07-10T06:00:00Z
n-1139-11,2026-07-11,1139,40,ES,SELLABLE,58,2026-07-11T06:00:00Z
n-1139-12,2026-07-12,1139,40,ES,SELLABLE,65,2026-07-12T06:00:00Z
n-1139-13,2026-07-13,1139,40,ES,SELLABLE,55,2026-07-13T06:00:00Z
n-1139-13-r,2026-07-13,1139,40,ES,RESERVED,3,2026-07-13T06:00:00Z
n-1139-14,2026-07-14,1139,40,ES,SELLABLE,62,2026-07-14T06:00:00Z
n-1139-15,2026-07-15,1139,40,ES,SELLABLE,51,2026-07-15T06:00:00Z
n-1139-16,2026-07-16,1139,40,ES,SELLABLE,60,2026-07-16T06:00:00Z
n-1139-17,2026-07-17,1139,40,ES,SELLABLE,54,2026-07-17T06:00:00Z
n-1139-17-d,2026-07-17,1139,40,ES,DEFECTIVE,3,2026-07-17T06:00:00Z
n-1139-18,2026-07-18,1139,40,ES,SELLABLE,50,2026-07-18T06:00:00Z
n-1139-19,2026-07-19,1139,40,ES,SELLABLE,57,2026-07-19T06:00:00Z
n-1139-19-r,2026-07-19,1139,40,ES,RESERVED,10,2026-07-19T06:00:00Z
n-1139-20,2026-07-20,1139,40,ES,SELLABLE,58,2026-07-20T06:00:00Z
n-1139-21,2026-07-21,1139,40,ES,SELLABLE,58,2026-07-21T06:00:00Z
n-1139-22,2026-07-22,1139,40,ES,SELLABLE,56,2026-07-22T06:00:00Z
n-1139-23,2026-07-23,1139,40,ES,SELLABLE,58,2026-07-23T06:00:00Z
n-1139-24,2026-07-24,1139,40,ES,SELLABLE,47,2026-07-24T06:00:00Z
n-1139-25,2026-07-25,1139,40,ES,SELLABLE,49,2026-07-25T06:00:00Z
n-1139-25-r,2026-07-25,1139,40,ES,RESERVED,10,2026-07-25T06:00:00Z
n-1139-26,2026-07-26,1139,40,ES,SELLABLE,56,2026-07-26T06:00:00Z
n-1139-27,2026-07-27,1139,40,ES,SELLABLE,58,2026-07-27T06:00:00Z
n-1139-28,2026-07-28,1139,40,ES,SELLABLE,38,2026-07-28T06:00:00Z
n-1139-29,2026-07-29,1139,40,ES,SELLABLE,45,2026-07-29T06:00:00Z
n-1139-30,2026-07-30,1139,40,ES,SELLABLE,48,2026-07-30T06:00:00Z
n-1139-31,2026-07-31,1139,40,ES,SELLABLE,60,2026-07-31T06:00:00Z
n-1139-31-r,2026-07-31,1139,40,ES,RESERVED,2,2026-07-31T06:00:00Z
n-1140-01,2026-07-01,1140,10,DE,SELLABLE,47,2026-07-01T06:00:00Z
n-1140-02,2026-07-02,1140,10,DE,SELLABLE,44,2026-07-02T06:00:00Z
n-1140-04,2026-07-04,1140,10,DE,SELLABLE,45,2026-07-04T06:00:00Z
n-1140-05,2026-07-05,1140,10,DE,SELLABLE,39,2026-07-05T06:00:00Z
n-1140-06,2026-07-06,1140,10,DE,SELLABLE,42,2026-07-06T06:00:00Z
n-1140-06-r,2026-07-06,1140,10,DE,RESERVED,6,2026-07-06T06:00:00Z
n-1140-07,2026-07-07,1140,10,DE,SELLABLE,37,2026-07-07T06:00:00Z
n-1140-08,2026-07-08,1140,10,DE,SELLABLE,36,2026-07-08T06:00:00Z
n-1140-09,2026-07-09,1140,10,DE,SELLABLE,45,2026-07-09T06:00:00Z
n-1140-10,2026-07-10,1140,10,DE,SELLABLE,72,2026-07-10T06:00:00Z
n-1140-11,2026-07-11,1140,10,DE,SELLABLE,71,2026-07-11T06:00:00Z
n-1140-12,2026-07-12,1140,10,DE,SELLABLE,70,2026-07-12T06:00:00Z
n-1140-12-r,2026-07-12,1140,10,DE,RESERVED,9,2026-07-12T06:00:00Z
n-1140-13,2026-07-13,1140,10,DE,SELLABLE,68,2026-07-13T06:00:00Z
n-1140-14,2026-07-14,1140,10,DE,SELLABLE,66,2026-07-14T06:00:00Z
n-1140-15,2026-07-15,1140,10,DE,SELLABLE,33,2026-07-15T06:00:00Z
n-1140-16,2026-07-16,1140,10,DE,SELLABLE,27,2026-07-16T06:00:00Z
n-1140-16-d,2026-07-16,1140,10,DE,DEFECTIVE,8,2026-07-16T06:00:00Z
n-1140-17,2026-07-17,1140,10,DE,SELLABLE,33,2026-07-17T06:00:00Z
n-1140-18,2026-07-18,1140,10,DE,SELLABLE,28,2026-07-18T06:00:00Z
n-1140-18-r,2026-07-18,1140,10,DE,RESERVED,3,2026-07-18T06:00:00Z
n-1140-19,2026-07-19,1140,10,DE,SELLABLE,34,2026-07-19T06:00:00Z
n-1140-20,2026-07-20,1140,10,DE,SELLABLE,22,2026-07-20T06:00:00Z
n-1140-21,2026-07-21,1140,10,DE,SELLABLE,22,2026-07-21T06:00:00Z
n-1140-22,2026-07-22,1140,10,DE,SELLABLE,23,2026-07-22T06:00:00Z
n-1140-23,2026-07-23,1140,10,DE,SELLABLE,30,2026-07-23T06:00:00Z
n-1140-24,2026-07-24,1140,10,DE,SELLABLE,35,2026-07-24T06:00:00Z
n-1140-24-r,2026-07-24,1140,10,DE,RESERVED,3,2026-07-24T06:00:00Z
n-1140-25,2026-07-25,1140,10,DE,SELLABLE,28,2026-07-25T06:00:00Z
n-1140-26,2026-07-26,1140,10,DE,SELLABLE,33,2026-07-26T06:00:00Z
n-1140-27,2026-07-27,1140,10,DE,SELLABLE,28,2026-07-27T06:00:00Z
n-1140-28,2026-07-28,1140,10,DE,SELLABLE,16,2026-07-28T06:00:00Z
n-1140-29,2026-07-29,1140,10,DE,SELLABLE,35,2026-07-29T06:00:00Z
n-1140-30,2026-07-30,1140,10,DE,SELLABLE,31,2026-07-30T06:00:00Z
n-1140-30-r,2026-07-30,1140,10,DE,RESERVED,4,2026-07-30T06:00:00Z
n-1140-31,2026-07-31,1140,10,DE,SELLABLE,12,2026-07-31T06:00:00Z
n-1141-01,2026-07-01,1141,20,FR,SELLABLE,58,2026-07-01T06:00:00Z
n-1141-02,2026-07-02,1141,20,FR,SELLABLE,54,2026-07-02T06:00:00Z
n-1141-04,2026-07-04,1141,20,FR,SELLABLE,54,2026-07-04T06:00:00Z
n-1141-05,2026-07-05,1141,20,FR,SELLABLE,51,2026-07-05T06:00:00Z
n-1141-05-r,2026-07-05,1141,20,FR,RESERVED,9,2026-07-05T06:00:00Z
n-1141-06,2026-07-06,1141,20,FR,SELLABLE,49,2026-07-06T06:00:00Z
n-1141-07,2026-07-07,1141,20,FR,SELLABLE,48,2026-07-07T06:00:00Z
n-1141-08,2026-07-08,1141,20,FR,SELLABLE,57,2026-07-08T06:00:00Z
n-1141-09,2026-07-09,1141,20,FR,SELLABLE,50,2026-07-09T06:00:00Z
n-1141-10,2026-07-10,1141,20,FR,SELLABLE,48,2026-07-10T06:00:00Z
n-1141-11,2026-07-11,1141,20,FR,SELLABLE,54,2026-07-11T06:00:00Z
n-1141-11-r,2026-07-11,1141,20,FR,RESERVED,8,2026-07-11T06:00:00Z
n-1141-12,2026-07-12,1141,20,FR,SELLABLE,52,2026-07-12T06:00:00Z
n-1141-13,2026-07-13,1141,20,FR,SELLABLE,56,2026-07-13T06:00:00Z
n-1141-14,2026-07-14,1141,20,FR,SELLABLE,38,2026-07-14T06:00:00Z
n-1141-15,2026-07-15,1141,20,FR,SELLABLE,43,2026-07-15T06:00:00Z
n-1141-15-d,2026-07-15,1141,20,FR,DEFECTIVE,8,2026-07-15T06:00:00Z
n-1141-16,2026-07-16,1141,20,FR,SELLABLE,53,2026-07-16T06:00:00Z
n-1141-17,2026-07-17,1141,20,FR,SELLABLE,40,2026-07-17T06:00:00Z
n-1141-17-r,2026-07-17,1141,20,FR,RESERVED,11,2026-07-17T06:00:00Z
n-1141-18,2026-07-18,1141,20,FR,SELLABLE,37,2026-07-18T06:00:00Z
n-1141-19,2026-07-19,1141,20,FR,SELLABLE,42,2026-07-19T06:00:00Z
n-1141-20,2026-07-20,1141,20,FR,SELLABLE,53,2026-07-20T06:00:00Z
n-1141-21,2026-07-21,1141,20,FR,SELLABLE,45,2026-07-21T06:00:00Z
n-1141-22,2026-07-22,1141,20,FR,SELLABLE,55,2026-07-22T06:00:00Z
n-1141-23,2026-07-23,1141,20,FR,SELLABLE,48,2026-07-23T06:00:00Z
n-1141-23-r,2026-07-23,1141,20,FR,RESERVED,7,2026-07-23T06:00:00Z
n-1141-24,2026-07-24,1141,20,FR,SELLABLE,49,2026-07-24T06:00:00Z
n-1141-25,2026-07-25,1141,20,FR,SELLABLE,170,2026-07-25T06:00:00Z
n-1141-26,2026-07-26,1141,20,FR,SELLABLE,168,2026-07-26T06:00:00Z
n-1141-27,2026-07-27,1141,20,FR,SELLABLE,166,2026-07-27T06:00:00Z
n-1141-28,2026-07-28,1141,20,FR,SELLABLE,164,2026-07-28T06:00:00Z
n-1141-29,2026-07-29,1141,20,FR,SELLABLE,162,2026-07-29T06:00:00Z
n-1141-29-r,2026-07-29,1141,20,FR,RESERVED,2,2026-07-29T06:00:00Z
n-1141-30,2026-07-30,1141,20,FR,SELLABLE,41,2026-07-30T06:00:00Z
n-1141-31,2026-07-31,1141,20,FR,SELLABLE,46,2026-07-31T06:00:00Z
n-1142-01,2026-07-01,1142,30,IT,SELLABLE,15,2026-07-01T06:00:00Z
n-1142-02,2026-07-02,1142,30,IT,SELLABLE,16,2026-07-02T06:00:00Z
n-1142-04,2026-07-04,1142,30,IT,SELLABLE,14,2026-07-04T06:00:00Z
n-1142-04-r,2026-07-04,1142,30,IT,RESERVED,6,2026-07-04T06:00:00Z
n-1142-05,2026-07-05,1142,30,IT,SELLABLE,9,2026-07-05T06:00:00Z
n-1142-06,2026-07-06,1142,30,IT,SELLABLE,7,2026-07-06T06:00:00Z
n-1142-07,2026-07-07,1142,30,IT,SELLABLE,7,2026-07-07T06:00:00Z
n-1142-08,2026-07-08,1142,30,IT,SELLABLE,10,2026-07-08T06:00:00Z
n-1142-09,2026-07-09,1142,30,IT,SELLABLE,3,2026-07-09T06:00:00Z
n-1142-10,2026-07-10,1142,30,IT,SELLABLE,3,2026-07-10T06:00:00Z
n-1142-10-r,2026-07-10,1142,30,IT,RESERVED,9,2026-07-10T06:00:00Z
n-1142-11,2026-07-11,1142,30,IT,SELLABLE,9,2026-07-11T06:00:00Z
n-1142-12,2026-07-12,1142,30,IT,SELLABLE,8,2026-07-12T06:00:00Z
n-1142-13,2026-07-13,1142,30,IT,SELLABLE,12,2026-07-13T06:00:00Z
n-1142-14,2026-07-14,1142,30,IT,SELLABLE,0,2026-07-14T06:00:00Z
n-1142-14-d,2026-07-14,1142,30,IT,DEFECTIVE,2,2026-07-14T06:00:00Z
n-1142-15,2026-07-15,1142,30,IT,SELLABLE,10,2026-07-15T06:00:00Z
n-1142-16,2026-07-16,1142,30,IT,SELLABLE,15,2026-07-16T06:00:00Z
n-1142-16-r,2026-07-16,1142,30,IT,RESERVED,5,2026-07-16T06:00:00Z
n-1142-17,2026-07-17,1142,30,IT,SELLABLE,13,2026-07-17T06:00:00Z
n-1142-18,2026-07-18,1142,30,IT,SELLABLE,8,2026-07-18T06:00:00Z
n-1142-19,2026-07-19,1142,30,IT,SELLABLE,9,2026-07-19T06:00:00Z
n-1142-20,2026-07-20,1142,30,IT,SELLABLE,7,2026-07-20T06:00:00Z
n-1142-21,2026-07-21,1142,30,IT,SELLABLE,1,2026-07-21T06:00:00Z
n-1142-22,2026-07-22,1142,30,IT,SELLABLE,0,2026-07-22T06:00:00Z
n-1142-22-r,2026-07-22,1142,30,IT,RESERVED,3,2026-07-22T06:00:00Z
n-1142-23,2026-07-23,1142,30,IT,SELLABLE,2,2026-07-23T06:00:00Z
n-1142-24,2026-07-24,1142,30,IT,SELLABLE,7,2026-07-24T06:00:00Z
n-1142-25,2026-07-25,1142,30,IT,SELLABLE,0,2026-07-25T06:00:00Z
n-1142-26,2026-07-26,1142,30,IT,SELLABLE,5,2026-07-26T06:00:00Z
n-1142-27,2026-07-27,1142,30,IT,SELLABLE,0,2026-07-27T06:00:00Z
n-1142-28,2026-07-28,1142,30,IT,SELLABLE,6,2026-07-28T06:00:00Z
n-1142-28-r,2026-07-28,1142,30,IT,RESERVED,11,2026-07-28T06:00:00Z
n-1142-29,2026-07-29,1142,30,IT,SELLABLE,0,2026-07-29T06:00:00Z
n-1142-30,2026-07-30,1142,30,IT,SELLABLE,0,2026-07-30T06:00:00Z
n-1142-31,2026-07-31,1142,30,IT,SELLABLE,0,2026-07-31T06:00:00Z
n-1142-31-d,2026-07-31,1142,30,IT,DEFECTIVE,1,2026-07-31T06:00:00Z
n-1143-01,2026-07-01,1143,40,ES,SELLABLE,59,2026-07-01T06:00:00Z
n-1143-02,2026-07-02,1143,40,ES,SELLABLE,62,2026-07-02T06:00:00Z
n-1143-04,2026-07-04,1143,40,ES,SELLABLE,54,2026-07-04T06:00:00Z
n-1143-05,2026-07-05,1143,40,ES,SELLABLE,56,2026-07-05T06:00:00Z
n-1143-06,2026-07-06,1143,40,ES,SELLABLE,56,2026-07-06T06:00:00Z
n-1143-07,2026-07-07,1143,40,ES,SELLABLE,50,2026-07-07T06:00:00Z
n-1143-08,2026-07-08,1143,40,ES,SELLABLE,54,2026-07-08T06:00:00Z
n-1143-09,2026-07-09,1143,40,ES,SELLABLE,59,2026-07-09T06:00:00Z
n-1143-09-r,2026-07-09,1143,40,ES,RESERVED,5,2026-07-09T06:00:00Z
n-1143-10,2026-07-10,1143,40,ES,SELLABLE,58,2026-07-10T06:00:00Z
n-1143-11,2026-07-11,1143,40,ES,SELLABLE,55,2026-07-11T06:00:00Z
n-1143-12,2026-07-12,1143,40,ES,SELLABLE,48,2026-07-12T06:00:00Z
n-1143-13,2026-07-13,1143,40,ES,SELLABLE,56,2026-07-13T06:00:00Z
n-1143-13-d,2026-07-13,1143,40,ES,DEFECTIVE,8,2026-07-13T06:00:00Z
n-1143-14,2026-07-14,1143,40,ES,SELLABLE,56,2026-07-14T06:00:00Z
n-1143-15,2026-07-15,1143,40,ES,SELLABLE,47,2026-07-15T06:00:00Z
n-1143-15-r,2026-07-15,1143,40,ES,RESERVED,5,2026-07-15T06:00:00Z
n-1143-16,2026-07-16,1143,40,ES,SELLABLE,50,2026-07-16T06:00:00Z
n-1143-17,2026-07-17,1143,40,ES,SELLABLE,49,2026-07-17T06:00:00Z
n-1143-18,2026-07-18,1143,40,ES,SELLABLE,51,2026-07-18T06:00:00Z
n-1143-19,2026-07-19,1143,40,ES,SELLABLE,38,2026-07-19T06:00:00Z
n-1143-20,2026-07-20,1143,40,ES,SELLABLE,39,2026-07-20T06:00:00Z
n-1143-21,2026-07-21,1143,40,ES,SELLABLE,40,2026-07-21T06:00:00Z
n-1143-21-r,2026-07-21,1143,40,ES,RESERVED,10,2026-07-21T06:00:00Z
n-1143-22,2026-07-22,1143,40,ES,SELLABLE,48,2026-07-22T06:00:00Z
n-1143-23,2026-07-23,1143,40,ES,SELLABLE,44,2026-07-23T06:00:00Z
n-1143-24,2026-07-24,1143,40,ES,SELLABLE,48,2026-07-24T06:00:00Z
n-1143-25,2026-07-25,1143,40,ES,SELLABLE,48,2026-07-25T06:00:00Z
n-1143-26,2026-07-26,1143,40,ES,SELLABLE,54,2026-07-26T06:00:00Z
n-1143-27,2026-07-27,1143,40,ES,SELLABLE,38,2026-07-27T06:00:00Z
n-1143-27-r,2026-07-27,1143,40,ES,RESERVED,7,2026-07-27T06:00:00Z
n-1143-28,2026-07-28,1143,40,ES,SELLABLE,46,2026-07-28T06:00:00Z
n-1143-29,2026-07-29,1143,40,ES,SELLABLE,36,2026-07-29T06:00:00Z
n-1143-30,2026-07-30,1143,40,ES,SELLABLE,40,2026-07-30T06:00:00Z
n-1143-30-d,2026-07-30,1143,40,ES,DEFECTIVE,8,2026-07-30T06:00:00Z
n-1143-31,2026-07-31,1143,40,ES,SELLABLE,41,2026-07-31T06:00:00Z
n-1144-01,2026-07-01,1144,10,DE,SELLABLE,56,2026-07-01T06:00:00Z
n-1144-02,2026-07-02,1144,10,DE,SELLABLE,60,2026-07-02T06:00:00Z
n-1144-02-r,2026-07-02,1144,10,DE,RESERVED,6,2026-07-02T06:00:00Z
n-1144-04,2026-07-04,1144,10,DE,SELLABLE,52,2026-07-04T06:00:00Z
n-1144-05,2026-07-05,1144,10,DE,SELLABLE,51,2026-07-05T06:00:00Z
n-1144-06,2026-07-06,1144,10,DE,SELLABLE,55,2026-07-06T06:00:00Z
n-1144-07,2026-07-07,1144,10,DE,SELLABLE,61,2026-07-07T06:00:00Z
n-1144-08,2026-07-08,1144,10,DE,SELLABLE,61,2026-07-08T06:00:00Z
n-1144-08-r,2026-07-08,1144,10,DE,RESERVED,7,2026-07-08T06:00:00Z
n-1144-09,2026-07-09,1144,10,DE,SELLABLE,59,2026-07-09T06:00:00Z
n-1144-10,2026-07-10,1144,10,DE,SELLABLE,56,2026-07-10T06:00:00Z
n-1144-11,2026-07-11,1144,10,DE,SELLABLE,52,2026-07-11T06:00:00Z
n-1144-12,2026-07-12,1144,10,DE,SELLABLE,55,2026-07-12T06:00:00Z
n-1144-12-d,2026-07-12,1144,10,DE,DEFECTIVE,5,2026-07-12T06:00:00Z
n-1144-13,2026-07-13,1144,10,DE,SELLABLE,46,2026-07-13T06:00:00Z
n-1144-14,2026-07-14,1144,10,DE,SELLABLE,56,2026-07-14T06:00:00Z
n-1144-14-r,2026-07-14,1144,10,DE,RESERVED,11,2026-07-14T06:00:00Z
n-1144-15,2026-07-15,1144,10,DE,SELLABLE,52,2026-07-15T06:00:00Z
n-1144-16,2026-07-16,1144,10,DE,SELLABLE,47,2026-07-16T06:00:00Z
n-1144-17,2026-07-17,1144,10,DE,SELLABLE,53,2026-07-17T06:00:00Z
n-1144-18,2026-07-18,1144,10,DE,SELLABLE,51,2026-07-18T06:00:00Z
n-1144-19,2026-07-19,1144,10,DE,SELLABLE,44,2026-07-19T06:00:00Z
n-1144-20,2026-07-20,1144,10,DE,SELLABLE,54,2026-07-20T06:00:00Z
n-1144-20-r,2026-07-20,1144,10,DE,RESERVED,10,2026-07-20T06:00:00Z
n-1144-21,2026-07-21,1144,10,DE,SELLABLE,41,2026-07-21T06:00:00Z
n-1144-22,2026-07-22,1144,10,DE,SELLABLE,51,2026-07-22T06:00:00Z
n-1144-23,2026-07-23,1144,10,DE,SELLABLE,55,2026-07-23T06:00:00Z
n-1144-24,2026-07-24,1144,10,DE,SELLABLE,35,2026-07-24T06:00:00Z
n-1144-25,2026-07-25,1144,10,DE,SELLABLE,36,2026-07-25T06:00:00Z
n-1144-26,2026-07-26,1144,10,DE,SELLABLE,48,2026-07-26T06:00:00Z
n-1144-26-r,2026-07-26,1144,10,DE,RESERVED,10,2026-07-26T06:00:00Z
n-1144-27,2026-07-27,1144,10,DE,SELLABLE,52,2026-07-27T06:00:00Z
n-1144-28,2026-07-28,1144,10,DE,SELLABLE,30,2026-07-28T06:00:00Z
n-1144-29,2026-07-29,1144,10,DE,SELLABLE,27,2026-07-29T06:00:00Z
n-1144-29-d,2026-07-29,1144,10,DE,DEFECTIVE,3,2026-07-29T06:00:00Z
n-1144-30,2026-07-30,1144,10,DE,SELLABLE,38,2026-07-30T06:00:00Z
n-1144-31,2026-07-31,1144,10,DE,SELLABLE,50,2026-07-31T06:00:00Z
n-1145-01,2026-07-01,1145,20,FR,SELLABLE,51,2026-07-01T06:00:00Z
n-1145-01-r,2026-07-01,1145,20,FR,RESERVED,5,2026-07-01T06:00:00Z
n-1145-02,2026-07-02,1145,20,FR,SELLABLE,56,2026-07-02T06:00:00Z
n-1145-04,2026-07-04,1145,20,FR,SELLABLE,54,2026-07-04T06:00:00Z
n-1145-05,2026-07-05,1145,20,FR,SELLABLE,50,2026-07-05T06:00:00Z
n-1145-06,2026-07-06,1145,20,FR,SELLABLE,50,2026-07-06T06:00:00Z
n-1145-07,2026-07-07,1145,20,FR,SELLABLE,49,2026-07-07T06:00:00Z
n-1145-07-r,2026-07-07,1145,20,FR,RESERVED,5,2026-07-07T06:00:00Z
n-1145-08,2026-07-08,1145,20,FR,SELLABLE,50,2026-07-08T06:00:00Z
n-1145-09,2026-07-09,1145,20,FR,SELLABLE,52,2026-07-09T06:00:00Z
n-1145-10,2026-07-10,1145,20,FR,SELLABLE,50,2026-07-10T06:00:00Z
n-1145-11,2026-07-11,1145,20,FR,SELLABLE,42,2026-07-11T06:00:00Z
n-1145-11-d,2026-07-11,1145,20,FR,DEFECTIVE,5,2026-07-11T06:00:00Z
n-1145-12,2026-07-12,1145,20,FR,SELLABLE,47,2026-07-12T06:00:00Z
n-1145-13,2026-07-13,1145,20,FR,SELLABLE,40,2026-07-13T06:00:00Z
n-1145-13-r,2026-07-13,1145,20,FR,RESERVED,12,2026-07-13T06:00:00Z
n-1145-14,2026-07-14,1145,20,FR,SELLABLE,44,2026-07-14T06:00:00Z
n-1145-15,2026-07-15,1145,20,FR,SELLABLE,52,2026-07-15T06:00:00Z
n-1145-16,2026-07-16,1145,20,FR,SELLABLE,38,2026-07-16T06:00:00Z
n-1145-17,2026-07-17,1145,20,FR,SELLABLE,48,2026-07-17T06:00:00Z
n-1145-18,2026-07-18,1145,20,FR,SELLABLE,40,2026-07-18T06:00:00Z
n-1145-19,2026-07-19,1145,20,FR,SELLABLE,44,2026-07-19T06:00:00Z
n-1145-19-r,2026-07-19,1145,20,FR,RESERVED,1,2026-07-19T06:00:00Z
n-1145-20,2026-07-20,1145,20,FR,SELLABLE,43,2026-07-20T06:00:00Z
n-1145-21,2026-07-21,1145,20,FR,SELLABLE,37,2026-07-21T06:00:00Z
n-1145-22,2026-07-22,1145,20,FR,SELLABLE,40,2026-07-22T06:00:00Z
n-1145-23,2026-07-23,1145,20,FR,SELLABLE,36,2026-07-23T06:00:00Z
n-1145-24,2026-07-24,1145,20,FR,SELLABLE,32,2026-07-24T06:00:00Z
n-1145-25,2026-07-25,1145,20,FR,SELLABLE,45,2026-07-25T06:00:00Z
n-1145-25-r,2026-07-25,1145,20,FR,RESERVED,2,2026-07-25T06:00:00Z
n-1145-26,2026-07-26,1145,20,FR,SELLABLE,44,2026-07-26T06:00:00Z
n-1145-27,2026-07-27,1145,20,FR,SELLABLE,30,2026-07-27T06:00:00Z
n-1145-28,2026-07-28,1145,20,FR,SELLABLE,36,2026-07-28T06:00:00Z
n-1145-28-d,2026-07-28,1145,20,FR,DEFECTIVE,3,2026-07-28T06:00:00Z
n-1145-29,2026-07-29,1145,20,FR,SELLABLE,27,2026-07-29T06:00:00Z
n-1145-30,2026-07-30,1145,20,FR,SELLABLE,38,2026-07-30T06:00:00Z
n-1145-31,2026-07-31,1145,20,FR,SELLABLE,42,2026-07-31T06:00:00Z
n-1145-31-r,2026-07-31,1145,20,FR,RESERVED,8,2026-07-31T06:00:00Z
n-1146-01,2026-07-01,1146,30,IT,SELLABLE,40,2026-07-01T06:00:00Z
n-1146-02,2026-07-02,1146,30,IT,SELLABLE,39,2026-07-02T06:00:00Z
n-1146-04,2026-07-04,1146,30,IT,SELLABLE,39,2026-07-04T06:00:00Z
n-1146-05,2026-07-05,1146,30,IT,SELLABLE,40,2026-07-05T06:00:00Z
n-1146-06,2026-07-06,1146,30,IT,SELLABLE,38,2026-07-06T06:00:00Z
n-1146-06-r,2026-07-06,1146,30,IT,RESERVED,3,2026-07-06T06:00:00Z
n-1146-07,2026-07-07,1146,30,IT,SELLABLE,41,2026-07-07T06:00:00Z
n-1146-08,2026-07-08,1146,30,IT,SELLABLE,41,2026-07-08T06:00:00Z
n-1146-09,2026-07-09,1146,30,IT,SELLABLE,34,2026-07-09T06:00:00Z
n-1146-10,2026-07-10,1146,30,IT,SELLABLE,37,2026-07-10T06:00:00Z
n-1146-10-d,2026-07-10,1146,30,IT,DEFECTIVE,8,2026-07-10T06:00:00Z
n-1146-11,2026-07-11,1146,30,IT,SELLABLE,43,2026-07-11T06:00:00Z
n-1146-12,2026-07-12,1146,30,IT,SELLABLE,33,2026-07-12T06:00:00Z
n-1146-12-r,2026-07-12,1146,30,IT,RESERVED,6,2026-07-12T06:00:00Z
n-1146-13,2026-07-13,1146,30,IT,SELLABLE,35,2026-07-13T06:00:00Z
n-1146-14,2026-07-14,1146,30,IT,SELLABLE,40,2026-07-14T06:00:00Z
n-1146-15,2026-07-15,1146,30,IT,SELLABLE,40,2026-07-15T06:00:00Z
n-1146-16,2026-07-16,1146,30,IT,SELLABLE,32,2026-07-16T06:00:00Z
n-1146-17,2026-07-17,1146,30,IT,SELLABLE,24,2026-07-17T06:00:00Z
n-1146-18,2026-07-18,1146,30,IT,SELLABLE,28,2026-07-18T06:00:00Z
n-1146-18-r,2026-07-18,1146,30,IT,RESERVED,4,2026-07-18T06:00:00Z
n-1146-19,2026-07-19,1146,30,IT,SELLABLE,41,2026-07-19T06:00:00Z
n-1146-20,2026-07-20,1146,30,IT,SELLABLE,42,2026-07-20T06:00:00Z
n-1146-21,2026-07-21,1146,30,IT,SELLABLE,31,2026-07-21T06:00:00Z
n-1146-22,2026-07-22,1146,30,IT,SELLABLE,21,2026-07-22T06:00:00Z
n-1146-23,2026-07-23,1146,30,IT,SELLABLE,19,2026-07-23T06:00:00Z
n-1146-24,2026-07-24,1146,30,IT,SELLABLE,13,2026-07-24T06:00:00Z
n-1146-24-r,2026-07-24,1146,30,IT,RESERVED,10,2026-07-24T06:00:00Z
n-1146-25,2026-07-25,1146,30,IT,SELLABLE,16,2026-07-25T06:00:00Z
n-1146-26,2026-07-26,1146,30,IT,SELLABLE,19,2026-07-26T06:00:00Z
n-1146-27,2026-07-27,1146,30,IT,SELLABLE,33,2026-07-27T06:00:00Z
n-1146-27-d,2026-07-27,1146,30,IT,DEFECTIVE,1,2026-07-27T06:00:00Z
n-1146-28,2026-07-28,1146,30,IT,SELLABLE,28,2026-07-28T06:00:00Z
n-1146-29,2026-07-29,1146,30,IT,SELLABLE,17,2026-07-29T06:00:00Z
n-1146-30,2026-07-30,1146,30,IT,SELLABLE,23,2026-07-30T06:00:00Z
n-1146-30-r,2026-07-30,1146,30,IT,RESERVED,1,2026-07-30T06:00:00Z
n-1146-31,2026-07-31,1146,30,IT,SELLABLE,30,2026-07-31T06:00:00Z
n-1147-01,2026-07-01,1147,40,ES,SELLABLE,61,2026-07-01T06:00:00Z
n-1147-02,2026-07-02,1147,40,ES,SELLABLE,52,2026-07-02T06:00:00Z
n-1147-04,2026-07-04,1147,40,ES,SELLABLE,56,2026-07-04T06:00:00Z
n-1147-05,2026-07-05,1147,40,ES,SELLABLE,57,2026-07-05T06:00:00Z
n-1147-05-r,2026-07-05,1147,40,ES,RESERVED,2,2026-07-05T06:00:00Z
n-1147-06,2026-07-06,1147,40,ES,SELLABLE,53,2026-07-06T06:00:00Z
n-1147-07,2026-07-07,1147,40,ES,SELLABLE,58,2026-07-07T06:00:00Z
n-1147-08,2026-07-08,1147,40,ES,SELLABLE,54,2026-07-08T06:00:00Z
n-1147-09,2026-07-09,1147,40,ES,SELLABLE,55,2026-07-09T06:00:00Z
n-1147-09-d,2026-07-09,1147,40,ES,DEFECTIVE,1,2026-07-09T06:00:00Z
n-1147-10,2026-07-10,1147,40,ES,SELLABLE,53,2026-07-10T06:00:00Z
n-1147-11,2026-07-11,1147,40,ES,SELLABLE,53,2026-07-11T06:00:00Z
n-1147-11-r,2026-07-11,1147,40,ES,RESERVED,4,2026-07-11T06:00:00Z
n-1147-12,2026-07-12,1147,40,ES,SELLABLE,51,2026-07-12T06:00:00Z
n-1147-13,2026-07-13,1147,40,ES,SELLABLE,49,2026-07-13T06:00:00Z
n-1147-14,2026-07-14,1147,40,ES,SELLABLE,42,2026-07-14T06:00:00Z
n-1147-15,2026-07-15,1147,40,ES,SELLABLE,54,2026-07-15T06:00:00Z
n-1147-16,2026-07-16,1147,40,ES,SELLABLE,50,2026-07-16T06:00:00Z
n-1147-17,2026-07-17,1147,40,ES,SELLABLE,50,2026-07-17T06:00:00Z
n-1147-17-r,2026-07-17,1147,40,ES,RESERVED,11,2026-07-17T06:00:00Z
n-1147-18,2026-07-18,1147,40,ES,SELLABLE,51,2026-07-18T06:00:00Z
n-1147-19,2026-07-19,1147,40,ES,SELLABLE,34,2026-07-19T06:00:00Z
n-1147-20,2026-07-20,1147,40,ES,SELLABLE,54,2026-07-20T06:00:00Z
n-1147-21,2026-07-21,1147,40,ES,SELLABLE,51,2026-07-21T06:00:00Z
n-1147-22,2026-07-22,1147,40,ES,SELLABLE,55,2026-07-22T06:00:00Z
n-1147-23,2026-07-23,1147,40,ES,SELLABLE,54,2026-07-23T06:00:00Z
n-1147-23-r,2026-07-23,1147,40,ES,RESERVED,6,2026-07-23T06:00:00Z
n-1147-24,2026-07-24,1147,40,ES,SELLABLE,44,2026-07-24T06:00:00Z
n-1147-25,2026-07-25,1147,40,ES,SELLABLE,40,2026-07-25T06:00:00Z
n-1147-26,2026-07-26,1147,40,ES,SELLABLE,39,2026-07-26T06:00:00Z
n-1147-26-d,2026-07-26,1147,40,ES,DEFECTIVE,4,2026-07-26T06:00:00Z
n-1147-27,2026-07-27,1147,40,ES,SELLABLE,52,2026-07-27T06:00:00Z
n-1147-28,2026-07-28,1147,40,ES,SELLABLE,35,2026-07-28T06:00:00Z
n-1147-29,2026-07-29,1147,40,ES,SELLABLE,27,2026-07-29T06:00:00Z
n-1147-29-r,2026-07-29,1147,40,ES,RESERVED,4,2026-07-29T06:00:00Z
n-1147-30,2026-07-30,1147,40,ES,SELLABLE,29,2026-07-30T06:00:00Z
n-1147-31,2026-07-31,1147,40,ES,SELLABLE,43,2026-07-31T06:00:00Z
n-1148-01,2026-07-01,1148,10,DE,SELLABLE,71,2026-07-01T06:00:00Z
n-1148-02,2026-07-02,1148,10,DE,SELLABLE,73,2026-07-02T06:00:00Z
n-1148-04,2026-07-04,1148,10,DE,SELLABLE,70,2026-07-04T06:00:00Z
n-1148-04-r,2026-07-04,1148,10,DE,RESERVED,2,2026-07-04T06:00:00Z
n-1148-05,2026-07-05,1148,10,DE,SELLABLE,66,2026-07-05T06:00:00Z
n-1148-06,2026-07-06,1148,10,DE,SELLABLE,66,2026-07-06T06:00:00Z
n-1148-07,2026-07-07,1148,10,DE,SELLABLE,64,2026-07-07T06:00:00Z
n-1148-08,2026-07-08,1148,10,DE,SELLABLE,66,2026-07-08T06:00:00Z
n-1148-08-d,2026-07-08,1148,10,DE,DEFECTIVE,8,2026-07-08T06:00:00Z
n-1148-09,2026-07-09,1148,10,DE,SELLABLE,70,2026-07-09T06:00:00Z
n-1148-10,2026-07-10,1148,10,DE,SELLABLE,62,2026-07-10T06:00:00Z
n-1148-10-r,2026-07-10,1148,10,DE,RESERVED,6,2026-07-10T06:00:00Z
n-1148-11,2026-07-11,1148,10,DE,SELLABLE,58,2026-07-11T06:00:00Z
n-1148-12,2026-07-12,1148,10,DE,SELLABLE,66,2026-07-12T06:00:00Z
n-1148-13,2026-07-13,1148,10,DE,SELLABLE,69,2026-07-13T06:00:00Z
n-1148-14,2026-07-14,1148,10,DE,SELLABLE,62,2026-07-14T06:00:00Z
n-1148-15,2026-07-15,1148,10,DE,SELLABLE,58,2026-07-15T06:00:00Z
n-1148-16,2026-07-16,1148,10,DE,SELLABLE,56,2026-07-16T06:00:00Z
n-1148-16-r,2026-07-16,1148,10,DE,RESERVED,10,2026-07-16T06:00:00Z
n-1148-17,2026-07-17,1148,10,DE,SELLABLE,57,2026-07-17T06:00:00Z
n-1148-18,2026-07-18,1148,10,DE,SELLABLE,53,2026-07-18T06:00:00Z
n-1148-19,2026-07-19,1148,10,DE,SELLABLE,57,2026-07-19T06:00:00Z
n-1148-20,2026-07-20,1148,10,DE,SELLABLE,59,2026-07-20T06:00:00Z
n-1148-21,2026-07-21,1148,10,DE,SELLABLE,49,2026-07-21T06:00:00Z
n-1148-22,2026-07-22,1148,10,DE,SELLABLE,49,2026-07-22T06:00:00Z
n-1148-22-r,2026-07-22,1148,10,DE,RESERVED,3,2026-07-22T06:00:00Z
n-1148-23,2026-07-23,1148,10,DE,SELLABLE,54,2026-07-23T06:00:00Z
n-1148-24,2026-07-24,1148,10,DE,SELLABLE,50,2026-07-24T06:00:00Z
n-1148-25,2026-07-25,1148,10,DE,SELLABLE,61,2026-07-25T06:00:00Z
n-1148-25-d,2026-07-25,1148,10,DE,DEFECTIVE,1,2026-07-25T06:00:00Z
n-1148-26,2026-07-26,1148,10,DE,SELLABLE,56,2026-07-26T06:00:00Z
n-1148-27,2026-07-27,1148,10,DE,SELLABLE,41,2026-07-27T06:00:00Z
n-1148-28,2026-07-28,1148,10,DE,SELLABLE,56,2026-07-28T06:00:00Z
n-1148-28-r,2026-07-28,1148,10,DE,RESERVED,2,2026-07-28T06:00:00Z
n-1148-29,2026-07-29,1148,10,DE,SELLABLE,48,2026-07-29T06:00:00Z
n-1148-30,2026-07-30,1148,10,DE,SELLABLE,65,2026-07-30T06:00:00Z
n-1148-31,2026-07-31,1148,10,DE,SELLABLE,42,2026-07-31T06:00:00Z
n-1149-01,2026-07-01,1149,20,FR,SELLABLE,11,2026-07-01T06:00:00Z
n-1149-02,2026-07-02,1149,20,FR,SELLABLE,8,2026-07-02T06:00:00Z
n-1149-04,2026-07-04,1149,20,FR,SELLABLE,10,2026-07-04T06:00:00Z
n-1149-05,2026-07-05,1149,20,FR,SELLABLE,16,2026-07-05T06:00:00Z
n-1149-06,2026-07-06,1149,20,FR,SELLABLE,9,2026-07-06T06:00:00Z
n-1149-07,2026-07-07,1149,20,FR,SELLABLE,13,2026-07-07T06:00:00Z
n-1149-07-d,2026-07-07,1149,20,FR,DEFECTIVE,8,2026-07-07T06:00:00Z
n-1149-08,2026-07-08,1149,20,FR,SELLABLE,6,2026-07-08T06:00:00Z
n-1149-09,2026-07-09,1149,20,FR,SELLABLE,10,2026-07-09T06:00:00Z
n-1149-09-r,2026-07-09,1149,20,FR,RESERVED,10,2026-07-09T06:00:00Z
n-1149-10,2026-07-10,1149,20,FR,SELLABLE,8,2026-07-10T06:00:00Z
n-1149-11,2026-07-11,1149,20,FR,SELLABLE,8,2026-07-11T06:00:00Z
n-1149-12,2026-07-12,1149,20,FR,SELLABLE,9,2026-07-12T06:00:00Z
n-1149-13,2026-07-13,1149,20,FR,SELLABLE,1,2026-07-13T06:00:00Z
n-1149-14,2026-07-14,1149,20,FR,SELLABLE,6,2026-07-14T06:00:00Z
n-1149-15,2026-07-15,1149,20,FR,SELLABLE,3,2026-07-15T06:00:00Z
n-1149-15-r,2026-07-15,1149,20,FR,RESERVED,6,2026-07-15T06:00:00Z
n-1149-16,2026-07-16,1149,20,FR,SELLABLE,1,2026-07-16T06:00:00Z
n-1149-17,2026-07-17,1149,20,FR,SELLABLE,2,2026-07-17T06:00:00Z
n-1149-18,2026-07-18,1149,20,FR,SELLABLE,5,2026-07-18T06:00:00Z
n-1149-19,2026-07-19,1149,20,FR,SELLABLE,3,2026-07-19T06:00:00Z
n-1149-20,2026-07-20,1149,20,FR,SELLABLE,2,2026-07-20T06:00:00Z
n-1149-21,2026-07-21,1149,20,FR,SELLABLE,3,2026-07-21T06:00:00Z
n-1149-21-r,2026-07-21,1149,20,FR,RESERVED,1,2026-07-21T06:00:00Z
n-1149-22,2026-07-22,1149,20,FR,SELLABLE,0,2026-07-22T06:00:00Z
n-1149-23,2026-07-23,1149,20,FR,SELLABLE,4,2026-07-23T06:00:00Z
n-1149-24,2026-07-24,1149,20,FR,SELLABLE,7,2026-07-24T06:00:00Z
n-1149-24-d,2026-07-24,1149,20,FR,DEFECTIVE,5,2026-07-24T06:00:00Z
n-1149-25,2026-07-25,1149,20,FR,SELLABLE,0,2026-07-25T06:00:00Z
n-1149-26,2026-07-26,1149,20,FR,SELLABLE,0,2026-07-26T06:00:00Z
n-1149-27,2026-07-27,1149,20,FR,SELLABLE,2,2026-07-27T06:00:00Z
n-1149-27-r,2026-07-27,1149,20,FR,RESERVED,3,2026-07-27T06:00:00Z
n-1149-28,2026-07-28,1149,20,FR,SELLABLE,0,2026-07-28T06:00:00Z
n-1149-29,2026-07-29,1149,20,FR,SELLABLE,2,2026-07-29T06:00:00Z
n-1149-30,2026-07-30,1149,20,FR,SELLABLE,4,2026-07-30T06:00:00Z
n-1149-31,2026-07-31,1149,20,FR,SELLABLE,0,2026-07-31T06:00:00Z
n-1150-01,2026-07-01,1150,30,IT,SELLABLE,20,2026-07-01T06:00:00Z
n-1150-02,2026-07-02,1150,30,IT,SELLABLE,26,2026-07-02T06:00:00Z
n-1150-02-r,2026-07-02,1150,30,IT,RESERVED,5,2026-07-02T06:00:00Z
n-1150-04,2026-07-04,1150,30,IT,SELLABLE,21,2026-07-04T06:00:00Z
n-1150-05,2026-07-05,1150,30,IT,SELLABLE,19,2026-07-05T06:00:00Z
n-1150-06,2026-07-06,1150,30,IT,SELLABLE,19,2026-07-06T06:00:00Z
n-1150-06-d,2026-07-06,1150,30,IT,DEFECTIVE,2,2026-07-06T06:00:00Z
n-1150-07,2026-07-07,1150,30,IT,SELLABLE,21,2026-07-07T06:00:00Z
n-1150-08,2026-07-08,1150,30,IT,SELLABLE,20,2026-07-08T06:00:00Z
n-1150-08-r,2026-07-08,1150,30,IT,RESERVED,10,2026-07-08T06:00:00Z
n-1150-09,2026-07-09,1150,30,IT,SELLABLE,19,2026-07-09T06:00:00Z
n-1150-10,2026-07-10,1150,30,IT,SELLABLE,14,2026-07-10T06:00:00Z
n-1150-11,2026-07-11,1150,30,IT,SELLABLE,21,2026-07-11T06:00:00Z
n-1150-12,2026-07-12,1150,30,IT,SELLABLE,9,2026-07-12T06:00:00Z
n-1150-13,2026-07-13,1150,30,IT,SELLABLE,14,2026-07-13T06:00:00Z
n-1150-14,2026-07-14,1150,30,IT,SELLABLE,16,2026-07-14T06:00:00Z
n-1150-14-r,2026-07-14,1150,30,IT,RESERVED,6,2026-07-14T06:00:00Z
n-1150-15,2026-07-15,1150,30,IT,SELLABLE,9,2026-07-15T06:00:00Z
n-1150-16,2026-07-16,1150,30,IT,SELLABLE,8,2026-07-16T06:00:00Z
n-1150-17,2026-07-17,1150,30,IT,SELLABLE,12,2026-07-17T06:00:00Z
n-1150-18,2026-07-18,1150,30,IT,SELLABLE,2,2026-07-18T06:00:00Z
n-1150-19,2026-07-19,1150,30,IT,SELLABLE,5,2026-07-19T06:00:00Z
n-1150-20,2026-07-20,1150,30,IT,SELLABLE,2,2026-07-20T06:00:00Z
n-1150-20-r,2026-07-20,1150,30,IT,RESERVED,7,2026-07-20T06:00:00Z
n-1150-21,2026-07-21,1150,30,IT,SELLABLE,0,2026-07-21T06:00:00Z
n-1150-22,2026-07-22,1150,30,IT,SELLABLE,5,2026-07-22T06:00:00Z
n-1150-23,2026-07-23,1150,30,IT,SELLABLE,17,2026-07-23T06:00:00Z
n-1150-23-d,2026-07-23,1150,30,IT,DEFECTIVE,2,2026-07-23T06:00:00Z
n-1150-24,2026-07-24,1150,30,IT,SELLABLE,10,2026-07-24T06:00:00Z
n-1150-25,2026-07-25,1150,30,IT,SELLABLE,15,2026-07-25T06:00:00Z
n-1150-26,2026-07-26,1150,30,IT,SELLABLE,20,2026-07-26T06:00:00Z
n-1150-26-r,2026-07-26,1150,30,IT,RESERVED,9,2026-07-26T06:00:00Z
n-1150-27,2026-07-27,1150,30,IT,SELLABLE,0,2026-07-27T06:00:00Z
n-1150-28,2026-07-28,1150,30,IT,SELLABLE,19,2026-07-28T06:00:00Z
n-1150-29,2026-07-29,1150,30,IT,SELLABLE,0,2026-07-29T06:00:00Z
n-1150-30,2026-07-30,1150,30,IT,SELLABLE,2,2026-07-30T06:00:00Z
n-1150-31,2026-07-31,1150,30,IT,SELLABLE,0,2026-07-31T06:00:00Z
n-1151-01,2026-07-01,1151,40,ES,SELLABLE,69,2026-07-01T06:00:00Z
n-1151-01-r,2026-07-01,1151,40,ES,RESERVED,12,2026-07-01T06:00:00Z
n-1151-02,2026-07-02,1151,40,ES,SELLABLE,71,2026-07-02T06:00:00Z
n-1151-04,2026-07-04,1151,40,ES,SELLABLE,61,2026-07-04T06:00:00Z
n-1151-05,2026-07-05,1151,40,ES,SELLABLE,65,2026-07-05T06:00:00Z
n-1151-05-d,2026-07-05,1151,40,ES,DEFECTIVE,6,2026-07-05T06:00:00Z
n-1151-06,2026-07-06,1151,40,ES,SELLABLE,65,2026-07-06T06:00:00Z
n-1151-07,2026-07-07,1151,40,ES,SELLABLE,65,2026-07-07T06:00:00Z
n-1151-07-r,2026-07-07,1151,40,ES,RESERVED,7,2026-07-07T06:00:00Z
n-1151-08,2026-07-08,1151,40,ES,SELLABLE,63,2026-07-08T06:00:00Z
n-1151-09,2026-07-09,1151,40,ES,SELLABLE,67,2026-07-09T06:00:00Z
n-1151-10,2026-07-10,1151,40,ES,SELLABLE,62,2026-07-10T06:00:00Z
n-1151-11,2026-07-11,1151,40,ES,SELLABLE,63,2026-07-11T06:00:00Z
n-1151-12,2026-07-12,1151,40,ES,SELLABLE,70,2026-07-12T06:00:00Z
n-1151-13,2026-07-13,1151,40,ES,SELLABLE,58,2026-07-13T06:00:00Z
n-1151-13-r,2026-07-13,1151,40,ES,RESERVED,11,2026-07-13T06:00:00Z
n-1151-14,2026-07-14,1151,40,ES,SELLABLE,63,2026-07-14T06:00:00Z
n-1151-15,2026-07-15,1151,40,ES,SELLABLE,60,2026-07-15T06:00:00Z
n-1151-16,2026-07-16,1151,40,ES,SELLABLE,63,2026-07-16T06:00:00Z
n-1151-17,2026-07-17,1151,40,ES,SELLABLE,54,2026-07-17T06:00:00Z
n-1151-18,2026-07-18,1151,40,ES,SELLABLE,51,2026-07-18T06:00:00Z
n-1151-19,2026-07-19,1151,40,ES,SELLABLE,54,2026-07-19T06:00:00Z
n-1151-19-r,2026-07-19,1151,40,ES,RESERVED,12,2026-07-19T06:00:00Z
n-1151-20,2026-07-20,1151,40,ES,SELLABLE,53,2026-07-20T06:00:00Z
n-1151-21,2026-07-21,1151,40,ES,SELLABLE,60,2026-07-21T06:00:00Z
n-1151-22,2026-07-22,1151,40,ES,SELLABLE,59,2026-07-22T06:00:00Z
n-1151-22-d,2026-07-22,1151,40,ES,DEFECTIVE,8,2026-07-22T06:00:00Z
n-1151-23,2026-07-23,1151,40,ES,SELLABLE,46,2026-07-23T06:00:00Z
n-1151-24,2026-07-24,1151,40,ES,SELLABLE,55,2026-07-24T06:00:00Z
n-1151-25,2026-07-25,1151,40,ES,SELLABLE,60,2026-07-25T06:00:00Z
n-1151-25-r,2026-07-25,1151,40,ES,RESERVED,2,2026-07-25T06:00:00Z
n-1151-26,2026-07-26,1151,40,ES,SELLABLE,58,2026-07-26T06:00:00Z
n-1151-27,2026-07-27,1151,40,ES,SELLABLE,57,2026-07-27T06:00:00Z
n-1151-28,2026-07-28,1151,40,ES,SELLABLE,43,2026-07-28T06:00:00Z
n-1151-29,2026-07-29,1151,40,ES,SELLABLE,51,2026-07-29T06:00:00Z
n-1151-30,2026-07-30,1151,40,ES,SELLABLE,63,2026-07-30T06:00:00Z
n-1151-31,2026-07-31,1151,40,ES,SELLABLE,37,2026-07-31T06:00:00Z
n-1151-31-r,2026-07-31,1151,40,ES,RESERVED,10,2026-07-31T06:00:00Z
n-1152-01,2026-07-01,1152,10,DE,SELLABLE,55,2026-07-01T06:00:00Z
n-1152-02,2026-07-02,1152,10,DE,SELLABLE,59,2026-07-02T06:00:00Z
n-1152-04,2026-07-04,1152,10,DE,SELLABLE,56,2026-07-04T06:00:00Z
n-1152-04-d,2026-07-04,1152,10,DE,DEFECTIVE,5,2026-07-04T06:00:00Z
n-1152-05,2026-07-05,1152,10,DE,SELLABLE,56,2026-07-05T06:00:00Z
n-1152-06,2026-07-06,1152,10,DE,SELLABLE,59,2026-07-06T06:00:00Z
n-1152-06-r,2026-07-06,1152,10,DE,RESERVED,12,2026-07-06T06:00:00Z
n-1152-07,2026-07-07,1152,10,DE,SELLABLE,56,2026-07-07T06:00:00Z
n-1152-08,2026-07-08,1152,10,DE,SELLABLE,53,2026-07-08T06:00:00Z
n-1152-09,2026-07-09,1152,10,DE,SELLABLE,49,2026-07-09T06:00:00Z
n-1152-10,2026-07-10,1152,10,DE,SELLABLE,53,2026-07-10T06:00:00Z
n-1152-11,2026-07-11,1152,10,DE,SELLABLE,48,2026-07-11T06:00:00Z
n-1152-12,2026-07-12,1152,10,DE,SELLABLE,55,2026-07-12T06:00:00Z
n-1152-12-r,2026-07-12,1152,10,DE,RESERVED,3,2026-07-12T06:00:00Z
n-1152-13,2026-07-13,1152,10,DE,SELLABLE,52,2026-07-13T06:00:00Z
n-1152-14,2026-07-14,1152,10,DE,SELLABLE,45,2026-07-14T06:00:00Z
n-1152-15,2026-07-15,1152,10,DE,SELLABLE,50,2026-07-15T06:00:00Z
n-1152-16,2026-07-16,1152,10,DE,SELLABLE,47,2026-07-16T06:00:00Z
n-1152-17,2026-07-17,1152,10,DE,SELLABLE,44,2026-07-17T06:00:00Z
n-1152-18,2026-07-18,1152,10,DE,SELLABLE,59,2026-07-18T06:00:00Z
n-1152-18-r,2026-07-18,1152,10,DE,RESERVED,5,2026-07-18T06:00:00Z
n-1152-19,2026-07-19,1152,10,DE,SELLABLE,51,2026-07-19T06:00:00Z
n-1152-20,2026-07-20,1152,10,DE,SELLABLE,38,2026-07-20T06:00:00Z
n-1152-21,2026-07-21,1152,10,DE,SELLABLE,41,2026-07-21T06:00:00Z
n-1152-21-d,2026-07-21,1152,10,DE,DEFECTIVE,1,2026-07-21T06:00:00Z
n-1152-22,2026-07-22,1152,10,DE,SELLABLE,33,2026-07-22T06:00:00Z
n-1152-23,2026-07-23,1152,10,DE,SELLABLE,33,2026-07-23T06:00:00Z
n-1152-24,2026-07-24,1152,10,DE,SELLABLE,52,2026-07-24T06:00:00Z
n-1152-24-r,2026-07-24,1152,10,DE,RESERVED,4,2026-07-24T06:00:00Z
n-1152-25,2026-07-25,1152,10,DE,SELLABLE,41,2026-07-25T06:00:00Z
n-1152-26,2026-07-26,1152,10,DE,SELLABLE,43,2026-07-26T06:00:00Z
n-1152-27,2026-07-27,1152,10,DE,SELLABLE,32,2026-07-27T06:00:00Z
n-1152-28,2026-07-28,1152,10,DE,SELLABLE,37,2026-07-28T06:00:00Z
n-1152-29,2026-07-29,1152,10,DE,SELLABLE,46,2026-07-29T06:00:00Z
n-1152-30,2026-07-30,1152,10,DE,SELLABLE,54,2026-07-30T06:00:00Z
n-1152-30-r,2026-07-30,1152,10,DE,RESERVED,4,2026-07-30T06:00:00Z
n-1152-31,2026-07-31,1152,10,DE,SELLABLE,49,2026-07-31T06:00:00Z
n-1153-01,2026-07-01,1153,20,FR,SELLABLE,44,2026-07-01T06:00:00Z
n-1153-02,2026-07-02,1153,20,FR,SELLABLE,43,2026-07-02T06:00:00Z
n-1153-04,2026-07-04,1153,20,FR,SELLABLE,41,2026-07-04T06:00:00Z
n-1153-05,2026-07-05,1153,20,FR,SELLABLE,50,2026-07-05T06:00:00Z
n-1153-05-r,2026-07-05,1153,20,FR,RESERVED,3,2026-07-05T06:00:00Z
n-1153-06,2026-07-06,1153,20,FR,SELLABLE,50,2026-07-06T06:00:00Z
n-1153-07,2026-07-07,1153,20,FR,SELLABLE,43,2026-07-07T06:00:00Z
n-1153-08,2026-07-08,1153,20,FR,SELLABLE,43,2026-07-08T06:00:00Z
n-1153-09,2026-07-09,1153,20,FR,SELLABLE,37,2026-07-09T06:00:00Z
n-1153-10,2026-07-10,1153,20,FR,SELLABLE,37,2026-07-10T06:00:00Z
n-1153-11,2026-07-11,1153,20,FR,SELLABLE,44,2026-07-11T06:00:00Z
n-1153-11-r,2026-07-11,1153,20,FR,RESERVED,11,2026-07-11T06:00:00Z
n-1153-12,2026-07-12,1153,20,FR,SELLABLE,48,2026-07-12T06:00:00Z
n-1153-13,2026-07-13,1153,20,FR,SELLABLE,50,2026-07-13T06:00:00Z
n-1153-14,2026-07-14,1153,20,FR,SELLABLE,43,2026-07-14T06:00:00Z
n-1153-15,2026-07-15,1153,20,FR,SELLABLE,37,2026-07-15T06:00:00Z
n-1153-16,2026-07-16,1153,20,FR,SELLABLE,37,2026-07-16T06:00:00Z
n-1153-17,2026-07-17,1153,20,FR,SELLABLE,43,2026-07-17T06:00:00Z
n-1153-17-r,2026-07-17,1153,20,FR,RESERVED,12,2026-07-17T06:00:00Z
n-1153-18,2026-07-18,1153,20,FR,SELLABLE,36,2026-07-18T06:00:00Z
n-1153-19,2026-07-19,1153,20,FR,SELLABLE,33,2026-07-19T06:00:00Z
n-1153-20,2026-07-20,1153,20,FR,SELLABLE,43,2026-07-20T06:00:00Z
n-1153-20-d,2026-07-20,1153,20,FR,DEFECTIVE,6,2026-07-20T06:00:00Z
n-1153-21,2026-07-21,1153,20,FR,SELLABLE,39,2026-07-21T06:00:00Z
n-1153-22,2026-07-22,1153,20,FR,SELLABLE,37,2026-07-22T06:00:00Z
n-1153-23,2026-07-23,1153,20,FR,SELLABLE,35,2026-07-23T06:00:00Z
n-1153-23-r,2026-07-23,1153,20,FR,RESERVED,11,2026-07-23T06:00:00Z
n-1153-24,2026-07-24,1153,20,FR,SELLABLE,32,2026-07-24T06:00:00Z
n-1153-25,2026-07-25,1153,20,FR,SELLABLE,38,2026-07-25T06:00:00Z
n-1153-26,2026-07-26,1153,20,FR,SELLABLE,31,2026-07-26T06:00:00Z
n-1153-27,2026-07-27,1153,20,FR,SELLABLE,29,2026-07-27T06:00:00Z
n-1153-28,2026-07-28,1153,20,FR,SELLABLE,28,2026-07-28T06:00:00Z
n-1153-29,2026-07-29,1153,20,FR,SELLABLE,43,2026-07-29T06:00:00Z
n-1153-29-r,2026-07-29,1153,20,FR,RESERVED,9,2026-07-29T06:00:00Z
n-1153-30,2026-07-30,1153,20,FR,SELLABLE,35,2026-07-30T06:00:00Z
n-1153-31,2026-07-31,1153,20,FR,SELLABLE,15,2026-07-31T06:00:00Z
n-1154-01,2026-07-01,1154,30,IT,SELLABLE,41,2026-07-01T06:00:00Z
n-1154-02,2026-07-02,1154,30,IT,SELLABLE,39,2026-07-02T06:00:00Z
n-1154-02-d,2026-07-02,1154,30,IT,DEFECTIVE,6,2026-07-02T06:00:00Z
n-1154-04,2026-07-04,1154,30,IT,SELLABLE,38,2026-07-04T06:00:00Z
n-1154-04-r,2026-07-04,1154,30,IT,RESERVED,3,2026-07-04T06:00:00Z
n-1154-05,2026-07-05,1154,30,IT,SELLABLE,32,2026-07-05T06:00:00Z
n-1154-06,2026-07-06,1154,30,IT,SELLABLE,39,2026-07-06T06:00:00Z
n-1154-07,2026-07-07,1154,30,IT,SELLABLE,34,2026-07-07T06:00:00Z
n-1154-08,2026-07-08,1154,30,IT,SELLABLE,35,2026-07-08T06:00:00Z
n-1154-09,2026-07-09,1154,30,IT,SELLABLE,33,2026-07-09T06:00:00Z
n-1154-10,2026-07-10,1154,30,IT,SELLABLE,28,2026-07-10T06:00:00Z
n-1154-10-r,2026-07-10,1154,30,IT,RESERVED,11,2026-07-10T06:00:00Z
n-1154-11,2026-07-11,1154,30,IT,SELLABLE,37,2026-07-11T06:00:00Z
n-1154-12,2026-07-12,1154,30,IT,SELLABLE,31,2026-07-12T06:00:00Z
n-1154-13,2026-07-13,1154,30,IT,SELLABLE,31,2026-07-13T06:00:00Z
n-1154-14,2026-07-14,1154,30,IT,SELLABLE,25,2026-07-14T06:00:00Z
n-1154-15,2026-07-15,1154,30,IT,SELLABLE,24,2026-07-15T06:00:00Z
n-1154-16,2026-07-16,1154,30,IT,SELLABLE,33,2026-07-16T06:00:00Z
n-1154-16-r,2026-07-16,1154,30,IT,RESERVED,9,2026-07-16T06:00:00Z
n-1154-17,2026-07-17,1154,30,IT,SELLABLE,27,2026-07-17T06:00:00Z
n-1154-18,2026-07-18,1154,30,IT,SELLABLE,33,2026-07-18T06:00:00Z
n-1154-19,2026-07-19,1154,30,IT,SELLABLE,23,2026-07-19T06:00:00Z
n-1154-19-d,2026-07-19,1154,30,IT,DEFECTIVE,3,2026-07-19T06:00:00Z
n-1154-20,2026-07-20,1154,30,IT,SELLABLE,21,2026-07-20T06:00:00Z
n-1154-21,2026-07-21,1154,30,IT,SELLABLE,31,2026-07-21T06:00:00Z
n-1154-22,2026-07-22,1154,30,IT,SELLABLE,29,2026-07-22T06:00:00Z
n-1154-22-r,2026-07-22,1154,30,IT,RESERVED,1,2026-07-22T06:00:00Z
n-1154-23,2026-07-23,1154,30,IT,SELLABLE,18,2026-07-23T06:00:00Z
n-1154-24,2026-07-24,1154,30,IT,SELLABLE,32,2026-07-24T06:00:00Z
n-1154-25,2026-07-25,1154,30,IT,SELLABLE,24,2026-07-25T06:00:00Z
n-1154-26,2026-07-26,1154,30,IT,SELLABLE,15,2026-07-26T06:00:00Z
n-1154-27,2026-07-27,1154,30,IT,SELLABLE,20,2026-07-27T06:00:00Z
n-1154-28,2026-07-28,1154,30,IT,SELLABLE,36,2026-07-28T06:00:00Z
n-1154-28-r,2026-07-28,1154,30,IT,RESERVED,8,2026-07-28T06:00:00Z
n-1154-29,2026-07-29,1154,30,IT,SELLABLE,8,2026-07-29T06:00:00Z
n-1154-30,2026-07-30,1154,30,IT,SELLABLE,20,2026-07-30T06:00:00Z
n-1154-31,2026-07-31,1154,30,IT,SELLABLE,14,2026-07-31T06:00:00Z
n-1155-01,2026-07-01,1155,40,ES,SELLABLE,32,2026-07-01T06:00:00Z
n-1155-01-d,2026-07-01,1155,40,ES,DEFECTIVE,6,2026-07-01T06:00:00Z
n-1155-02,2026-07-02,1155,40,ES,SELLABLE,31,2026-07-02T06:00:00Z
n-1155-04,2026-07-04,1155,40,ES,SELLABLE,26,2026-07-04T06:00:00Z
n-1155-05,2026-07-05,1155,40,ES,SELLABLE,25,2026-07-05T06:00:00Z
n-1155-06,2026-07-06,1155,40,ES,SELLABLE,25,2026-07-06T06:00:00Z
n-1155-07,2026-07-07,1155,40,ES,SELLABLE,31,2026-07-07T06:00:00Z
n-1155-08,2026-07-08,1155,40,ES,SELLABLE,23,2026-07-08T06:00:00Z
n-1155-09,2026-07-09,1155,40,ES,SELLABLE,23,2026-07-09T06:00:00Z
n-1155-09-r,2026-07-09,1155,40,ES,RESERVED,1,2026-07-09T06:00:00Z
n-1155-10,2026-07-10,1155,40,ES,SELLABLE,22,2026-07-10T06:00:00Z
n-1155-11,2026-07-11,1155,40,ES,SELLABLE,25,2026-07-11T06:00:00Z
n-1155-12,2026-07-12,1155,40,ES,SELLABLE,23,2026-07-12T06:00:00Z
n-1155-13,2026-07-13,1155,40,ES,SELLABLE,22,2026-07-13T06:00:00Z
n-1155-14,2026-07-14,1155,40,ES,SELLABLE,24,2026-07-14T06:00:00Z
n-1155-15,2026-07-15,1155,40,ES,SELLABLE,19,2026-07-15T06:00:00Z
n-1155-15-r,2026-07-15,1155,40,ES,RESERVED,6,2026-07-15T06:00:00Z
n-1155-16,2026-07-16,1155,40,ES,SELLABLE,27,2026-07-16T06:00:00Z
n-1155-17,2026-07-17,1155,40,ES,SELLABLE,22,2026-07-17T06:00:00Z
n-1155-18,2026-07-18,1155,40,ES,SELLABLE,13,2026-07-18T06:00:00Z
n-1155-18-d,2026-07-18,1155,40,ES,DEFECTIVE,2,2026-07-18T06:00:00Z
n-1155-19,2026-07-19,1155,40,ES,SELLABLE,20,2026-07-19T06:00:00Z
n-1155-20,2026-07-20,1155,40,ES,SELLABLE,21,2026-07-20T06:00:00Z
n-1155-21,2026-07-21,1155,40,ES,SELLABLE,22,2026-07-21T06:00:00Z
n-1155-21-r,2026-07-21,1155,40,ES,RESERVED,1,2026-07-21T06:00:00Z
n-1155-22,2026-07-22,1155,40,ES,SELLABLE,22,2026-07-22T06:00:00Z
n-1155-23,2026-07-23,1155,40,ES,SELLABLE,11,2026-07-23T06:00:00Z
n-1155-24,2026-07-24,1155,40,ES,SELLABLE,7,2026-07-24T06:00:00Z
n-1155-25,2026-07-25,1155,40,ES,SELLABLE,6,2026-07-25T06:00:00Z
n-1155-26,2026-07-26,1155,40,ES,SELLABLE,10,2026-07-26T06:00:00Z
n-1155-27,2026-07-27,1155,40,ES,SELLABLE,23,2026-07-27T06:00:00Z
n-1155-27-r,2026-07-27,1155,40,ES,RESERVED,4,2026-07-27T06:00:00Z
n-1155-28,2026-07-28,1155,40,ES,SELLABLE,7,2026-07-28T06:00:00Z
n-1155-29,2026-07-29,1155,40,ES,SELLABLE,15,2026-07-29T06:00:00Z
n-1155-30,2026-07-30,1155,40,ES,SELLABLE,5,2026-07-30T06:00:00Z
n-1155-31,2026-07-31,1155,40,ES,SELLABLE,18,2026-07-31T06:00:00Z
n-1156-01,2026-07-01,1156,10,DE,SELLABLE,74,2026-07-01T06:00:00Z
n-1156-02,2026-07-02,1156,10,DE,SELLABLE,69,2026-07-02T06:00:00Z
n-1156-02-r,2026-07-02,1156,10,DE,RESERVED,8,2026-07-02T06:00:00Z
n-1156-04,2026-07-04,1156,10,DE,SELLABLE,76,2026-07-04T06:00:00Z
n-1156-05,2026-07-05,1156,10,DE,SELLABLE,75,2026-07-05T06:00:00Z
n-1156-06,2026-07-06,1156,10,DE,SELLABLE,69,2026-07-06T06:00:00Z
n-1156-07,2026-07-07,1156,10,DE,SELLABLE,71,2026-07-07T06:00:00Z
n-1156-08,2026-07-08,1156,10,DE,SELLABLE,73,2026-07-08T06:00:00Z
n-1156-08-r,2026-07-08,1156,10,DE,RESERVED,12,2026-07-08T06:00:00Z
n-1156-09,2026-07-09,1156,10,DE,SELLABLE,65,2026-07-09T06:00:00Z
n-1156-10,2026-07-10,1156,10,DE,SELLABLE,68,2026-07-10T06:00:00Z
n-1156-11,2026-07-11,1156,10,DE,SELLABLE,64,2026-07-11T06:00:00Z
n-1156-12,2026-07-12,1156,10,DE,SELLABLE,67,2026-07-12T06:00:00Z
n-1156-13,2026-07-13,1156,10,DE,SELLABLE,64,2026-07-13T06:00:00Z
n-1156-14,2026-07-14,1156,10,DE,SELLABLE,59,2026-07-14T06:00:00Z
n-1156-14-r,2026-07-14,1156,10,DE,RESERVED,8,2026-07-14T06:00:00Z
n-1156-15,2026-07-15,1156,10,DE,SELLABLE,72,2026-07-15T06:00:00Z
n-1156-16,2026-07-16,1156,10,DE,SELLABLE,59,2026-07-16T06:00:00Z
n-1156-17,2026-07-17,1156,10,DE,SELLABLE,62,2026-07-17T06:00:00Z
n-1156-17-d,2026-07-17,1156,10,DE,DEFECTIVE,8,2026-07-17T06:00:00Z
n-1156-18,2026-07-18,1156,10,DE,SELLABLE,63,2026-07-18T06:00:00Z
n-1156-19,2026-07-19,1156,10,DE,SELLABLE,59,2026-07-19T06:00:00Z
n-1156-20,2026-07-20,1156,10,DE,SELLABLE,59,2026-07-20T06:00:00Z
n-1156-20-r,2026-07-20,1156,10,DE,RESERVED,1,2026-07-20T06:00:00Z
n-1156-21,2026-07-21,1156,10,DE,SELLABLE,55,2026-07-21T06:00:00Z
n-1156-22,2026-07-22,1156,10,DE,SELLABLE,54,2026-07-22T06:00:00Z
n-1156-23,2026-07-23,1156,10,DE,SELLABLE,67,2026-07-23T06:00:00Z
n-1156-24,2026-07-24,1156,10,DE,SELLABLE,66,2026-07-24T06:00:00Z
n-1156-25,2026-07-25,1156,10,DE,SELLABLE,58,2026-07-25T06:00:00Z
n-1156-26,2026-07-26,1156,10,DE,SELLABLE,64,2026-07-26T06:00:00Z
n-1156-26-r,2026-07-26,1156,10,DE,RESERVED,8,2026-07-26T06:00:00Z
n-1156-27,2026-07-27,1156,10,DE,SELLABLE,69,2026-07-27T06:00:00Z
n-1156-28,2026-07-28,1156,10,DE,SELLABLE,67,2026-07-28T06:00:00Z
n-1156-29,2026-07-29,1156,10,DE,SELLABLE,57,2026-07-29T06:00:00Z
n-1156-30,2026-07-30,1156,10,DE,SELLABLE,42,2026-07-30T06:00:00Z
n-1156-31,2026-07-31,1156,10,DE,SELLABLE,66,2026-07-31T06:00:00Z
n-1157-01,2026-07-01,1157,20,FR,SELLABLE,9,2026-07-01T06:00:00Z
n-1157-01-r,2026-07-01,1157,20,FR,RESERVED,8,2026-07-01T06:00:00Z
n-1157-02,2026-07-02,1157,20,FR,SELLABLE,11,2026-07-02T06:00:00Z
n-1157-04,2026-07-04,1157,20,FR,SELLABLE,11,2026-07-04T06:00:00Z
n-1157-05,2026-07-05,1157,20,FR,SELLABLE,4,2026-07-05T06:00:00Z
n-1157-06,2026-07-06,1157,20,FR,SELLABLE,10,2026-07-06T06:00:00Z
n-1157-07,2026-07-07,1157,20,FR,SELLABLE,5,2026-07-07T06:00:00Z
n-1157-07-r,2026-07-07,1157,20,FR,RESERVED,11,2026-07-07T06:00:00Z
n-1157-08,2026-07-08,1157,20,FR,SELLABLE,4,2026-07-08T06:00:00Z
n-1157-09,2026-07-09,1157,20,FR,SELLABLE,9,2026-07-09T06:00:00Z
n-1157-10,2026-07-10,1157,20,FR,SELLABLE,2,2026-07-10T06:00:00Z
n-1157-11,2026-07-11,1157,20,FR,SELLABLE,8,2026-07-11T06:00:00Z
n-1157-12,2026-07-12,1157,20,FR,SELLABLE,4,2026-07-12T06:00:00Z
n-1157-13,2026-07-13,1157,20,FR,SELLABLE,3,2026-07-13T06:00:00Z
n-1157-13-r,2026-07-13,1157,20,FR,RESERVED,9,2026-07-13T06:00:00Z
n-1157-14,2026-07-14,1157,20,FR,SELLABLE,0,2026-07-14T06:00:00Z
n-1157-15,2026-07-15,1157,20,FR,SELLABLE,4,2026-07-15T06:00:00Z
n-1157-16,2026-07-16,1157,20,FR,SELLABLE,0,2026-07-16T06:00:00Z
n-1157-16-d,2026-07-16,1157,20,FR,DEFECTIVE,4,2026-07-16T06:00:00Z
n-1157-17,2026-07-17,1157,20,FR,SELLABLE,0,2026-07-17T06:00:00Z
n-1157-18,2026-07-18,1157,20,FR,SELLABLE,0,2026-07-18T06:00:00Z
n-1157-19,2026-07-19,1157,20,FR,SELLABLE,0,2026-07-19T06:00:00Z
n-1157-19-r,2026-07-19,1157,20,FR,RESERVED,12,2026-07-19T06:00:00Z
n-1157-20,2026-07-20,1157,20,FR,SELLABLE,6,2026-07-20T06:00:00Z
n-1157-21,2026-07-21,1157,20,FR,SELLABLE,0,2026-07-21T06:00:00Z
n-1157-22,2026-07-22,1157,20,FR,SELLABLE,4,2026-07-22T06:00:00Z
n-1157-23,2026-07-23,1157,20,FR,SELLABLE,3,2026-07-23T06:00:00Z
n-1157-24,2026-07-24,1157,20,FR,SELLABLE,0,2026-07-24T06:00:00Z
n-1157-25,2026-07-25,1157,20,FR,SELLABLE,0,2026-07-25T06:00:00Z
n-1157-25-r,2026-07-25,1157,20,FR,RESERVED,6,2026-07-25T06:00:00Z
n-1157-26,2026-07-26,1157,20,FR,SELLABLE,0,2026-07-26T06:00:00Z
n-1157-27,2026-07-27,1157,20,FR,SELLABLE,0,2026-07-27T06:00:00Z
n-1157-28,2026-07-28,1157,20,FR,SELLABLE,0,2026-07-28T06:00:00Z
n-1157-29,2026-07-29,1157,20,FR,SELLABLE,2,2026-07-29T06:00:00Z
n-1157-30,2026-07-30,1157,20,FR,SELLABLE,0,2026-07-30T06:00:00Z
n-1157-31,2026-07-31,1157,20,FR,SELLABLE,0,2026-07-31T06:00:00Z
n-1157-31-r,2026-07-31,1157,20,FR,RESERVED,5,2026-07-31T06:00:00Z
n-1158-01,2026-07-01,1158,30,IT,SELLABLE,72,2026-07-01T06:00:00Z
n-1158-02,2026-07-02,1158,30,IT,SELLABLE,75,2026-07-02T06:00:00Z
n-1158-04,2026-07-04,1158,30,IT,SELLABLE,73,2026-07-04T06:00:00Z
n-1158-05,2026-07-05,1158,30,IT,SELLABLE,68,2026-07-05T06:00:00Z
n-1158-06,2026-07-06,1158,30,IT,SELLABLE,69,2026-07-06T06:00:00Z
n-1158-06-r,2026-07-06,1158,30,IT,RESERVED,9,2026-07-06T06:00:00Z
n-1158-07,2026-07-07,1158,30,IT,SELLABLE,68,2026-07-07T06:00:00Z
n-1158-08,2026-07-08,1158,30,IT,SELLABLE,64,2026-07-08T06:00:00Z
n-1158-09,2026-07-09,1158,30,IT,SELLABLE,67,2026-07-09T06:00:00Z
n-1158-10,2026-07-10,1158,30,IT,SELLABLE,69,2026-07-10T06:00:00Z
n-1158-11,2026-07-11,1158,30,IT,SELLABLE,67,2026-07-11T06:00:00Z
n-1158-12,2026-07-12,1158,30,IT,SELLABLE,66,2026-07-12T06:00:00Z
n-1158-12-r,2026-07-12,1158,30,IT,RESERVED,6,2026-07-12T06:00:00Z
n-1158-13,2026-07-13,1158,30,IT,SELLABLE,63,2026-07-13T06:00:00Z
n-1158-14,2026-07-14,1158,30,IT,SELLABLE,61,2026-07-14T06:00:00Z
n-1158-15,2026-07-15,1158,30,IT,SELLABLE,64,2026-07-15T06:00:00Z
n-1158-15-d,2026-07-15,1158,30,IT,DEFECTIVE,8,2026-07-15T06:00:00Z
n-1158-16,2026-07-16,1158,30,IT,SELLABLE,67,2026-07-16T06:00:00Z
n-1158-17,2026-07-17,1158,30,IT,SELLABLE,66,2026-07-17T06:00:00Z
n-1158-18,2026-07-18,1158,30,IT,SELLABLE,60,2026-07-18T06:00:00Z
n-1158-18-r,2026-07-18,1158,30,IT,RESERVED,11,2026-07-18T06:00:00Z
n-1158-19,2026-07-19,1158,30,IT,SELLABLE,62,2026-07-19T06:00:00Z
n-1158-20,2026-07-20,1158,30,IT,SELLABLE,61,2026-07-20T06:00:00Z
n-1158-21,2026-07-21,1158,30,IT,SELLABLE,63,2026-07-21T06:00:00Z
n-1158-22,2026-07-22,1158,30,IT,SELLABLE,50,2026-07-22T06:00:00Z
n-1158-23,2026-07-23,1158,30,IT,SELLABLE,58,2026-07-23T06:00:00Z
n-1158-24,2026-07-24,1158,30,IT,SELLABLE,49,2026-07-24T06:00:00Z
n-1158-24-r,2026-07-24,1158,30,IT,RESERVED,9,2026-07-24T06:00:00Z
n-1158-25,2026-07-25,1158,30,IT,SELLABLE,50,2026-07-25T06:00:00Z
n-1158-26,2026-07-26,1158,30,IT,SELLABLE,55,2026-07-26T06:00:00Z
n-1158-27,2026-07-27,1158,30,IT,SELLABLE,52,2026-07-27T06:00:00Z
n-1158-28,2026-07-28,1158,30,IT,SELLABLE,48,2026-07-28T06:00:00Z
n-1158-29,2026-07-29,1158,30,IT,SELLABLE,62,2026-07-29T06:00:00Z
n-1158-30,2026-07-30,1158,30,IT,SELLABLE,48,2026-07-30T06:00:00Z
n-1158-30-r,2026-07-30,1158,30,IT,RESERVED,2,2026-07-30T06:00:00Z
n-1158-31,2026-07-31,1158,30,IT,SELLABLE,42,2026-07-31T06:00:00Z
n-1159-01,2026-07-01,1159,40,ES,SELLABLE,11,2026-07-01T06:00:00Z
n-1159-02,2026-07-02,1159,40,ES,SELLABLE,10,2026-07-02T06:00:00Z
n-1159-04,2026-07-04,1159,40,ES,SELLABLE,14,2026-07-04T06:00:00Z
n-1159-05,2026-07-05,1159,40,ES,SELLABLE,9,2026-07-05T06:00:00Z
n-1159-05-r,2026-07-05,1159,40,ES,RESERVED,9,2026-07-05T06:00:00Z
n-1159-06,2026-07-06,1159,40,ES,SELLABLE,5,2026-07-06T06:00:00Z
n-1159-07,2026-07-07,1159,40,ES,SELLABLE,5,2026-07-07T06:00:00Z
n-1159-08,2026-07-08,1159,40,ES,SELLABLE,0,2026-07-08T06:00:00Z
n-1159-09,2026-07-09,1159,40,ES,SELLABLE,9,2026-07-09T06:00:00Z
n-1159-10,2026-07-10,1159,40,ES,SELLABLE,8,2026-07-10T06:00:00Z
n-1159-11,2026-07-11,1159,40,ES,SELLABLE,1,2026-07-11T06:00:00Z
n-1159-11-r,2026-07-11,1159,40,ES,RESERVED,2,2026-07-11T06:00:00Z
n-1159-12,2026-07-12,1159,40,ES,SELLABLE,13,2026-07-12T06:00:00Z
n-1159-13,2026-07-13,1159,40,ES,SELLABLE,3,2026-07-13T06:00:00Z
n-1159-14,2026-07-14,1159,40,ES,SELLABLE,0,2026-07-14T06:00:00Z
n-1159-14-d,2026-07-14,1159,40,ES,DEFECTIVE,4,2026-07-14T06:00:00Z
n-1159-15,2026-07-15,1159,40,ES,SELLABLE,2,2026-07-15T06:00:00Z
n-1159-16,2026-07-16,1159,40,ES,SELLABLE,1,2026-07-16T06:00:00Z
n-1159-17,2026-07-17,1159,40,ES,SELLABLE,0,2026-07-17T06:00:00Z
n-1159-17-r,2026-07-17,1159,40,ES,RESERVED,9,2026-07-17T06:00:00Z
n-1159-18,2026-07-18,1159,40,ES,SELLABLE,2,2026-07-18T06:00:00Z
n-1159-19,2026-07-19,1159,40,ES,SELLABLE,0,2026-07-19T06:00:00Z
n-1159-20,2026-07-20,1159,40,ES,SELLABLE,0,2026-07-20T06:00:00Z
n-1159-21,2026-07-21,1159,40,ES,SELLABLE,11,2026-07-21T06:00:00Z
n-1159-22,2026-07-22,1159,40,ES,SELLABLE,3,2026-07-22T06:00:00Z
n-1159-23,2026-07-23,1159,40,ES,SELLABLE,6,2026-07-23T06:00:00Z
n-1159-23-r,2026-07-23,1159,40,ES,RESERVED,10,2026-07-23T06:00:00Z
n-1159-24,2026-07-24,1159,40,ES,SELLABLE,0,2026-07-24T06:00:00Z
n-1159-25,2026-07-25,1159,40,ES,SELLABLE,0,2026-07-25T06:00:00Z
n-1159-26,2026-07-26,1159,40,ES,SELLABLE,0,2026-07-26T06:00:00Z
n-1159-27,2026-07-27,1159,40,ES,SELLABLE,0,2026-07-27T06:00:00Z
n-1159-28,2026-07-28,1159,40,ES,SELLABLE,0,2026-07-28T06:00:00Z
n-1159-29,2026-07-29,1159,40,ES,SELLABLE,3,2026-07-29T06:00:00Z
n-1159-29-r,2026-07-29,1159,40,ES,RESERVED,5,2026-07-29T06:00:00Z
n-1159-30,2026-07-30,1159,40,ES,SELLABLE,7,2026-07-30T06:00:00Z
n-1159-31,2026-07-31,1159,40,ES,SELLABLE,0,2026-07-31T06:00:00Z
n-1159-31-d,2026-07-31,1159,40,ES,DEFECTIVE,3,2026-07-31T06:00:00Z
n-1160-01,2026-07-01,1160,10,DE,SELLABLE,60,2026-07-01T06:00:00Z
n-1160-02,2026-07-02,1160,10,DE,SELLABLE,63,2026-07-02T06:00:00Z
n-1160-04,2026-07-04,1160,10,DE,SELLABLE,65,2026-07-04T06:00:00Z
n-1160-04-r,2026-07-04,1160,10,DE,RESERVED,7,2026-07-04T06:00:00Z
n-1160-05,2026-07-05,1160,10,DE,SELLABLE,58,2026-07-05T06:00:00Z
n-1160-06,2026-07-06,1160,10,DE,SELLABLE,65,2026-07-06T06:00:00Z
n-1160-07,2026-07-07,1160,10,DE,SELLABLE,66,2026-07-07T06:00:00Z
n-1160-08,2026-07-08,1160,10,DE,SELLABLE,59,2026-07-08T06:00:00Z
n-1160-09,2026-07-09,1160,10,DE,SELLABLE,58,2026-07-09T06:00:00Z
n-1160-10,2026-07-10,1160,10,DE,SELLABLE,59,2026-07-10T06:00:00Z
n-1160-10-r,2026-07-10,1160,10,DE,RESERVED,7,2026-07-10T06:00:00Z
n-1160-11,2026-07-11,1160,10,DE,SELLABLE,57,2026-07-11T06:00:00Z
n-1160-12,2026-07-12,1160,10,DE,SELLABLE,59,2026-07-12T06:00:00Z
n-1160-13,2026-07-13,1160,10,DE,SELLABLE,59,2026-07-13T06:00:00Z
n-1160-13-d,2026-07-13,1160,10,DE,DEFECTIVE,6,2026-07-13T06:00:00Z
n-1160-14,2026-07-14,1160,10,DE,SELLABLE,54,2026-07-14T06:00:00Z
n-1160-15,2026-07-15,1160,10,DE,SELLABLE,59,2026-07-15T06:00:00Z
n-1160-16,2026-07-16,1160,10,DE,SELLABLE,62,2026-07-16T06:00:00Z
n-1160-16-r,2026-07-16,1160,10,DE,RESERVED,11,2026-07-16T06:00:00Z
n-1160-17,2026-07-17,1160,10,DE,SELLABLE,48,2026-07-17T06:00:00Z
n-1160-18,2026-07-18,1160,10,DE,SELLABLE,62,2026-07-18T06:00:00Z
n-1160-19,2026-07-19,1160,10,DE,SELLABLE,59,2026-07-19T06:00:00Z
n-1160-20,2026-07-20,1160,10,DE,SELLABLE,58,2026-07-20T06:00:00Z
n-1160-21,2026-07-21,1160,10,DE,SELLABLE,48,2026-07-21T06:00:00Z
n-1160-22,2026-07-22,1160,10,DE,SELLABLE,38,2026-07-22T06:00:00Z
n-1160-22-r,2026-07-22,1160,10,DE,RESERVED,5,2026-07-22T06:00:00Z
n-1160-23,2026-07-23,1160,10,DE,SELLABLE,59,2026-07-23T06:00:00Z
n-1160-24,2026-07-24,1160,10,DE,SELLABLE,48,2026-07-24T06:00:00Z
n-1160-25,2026-07-25,1160,10,DE,SELLABLE,40,2026-07-25T06:00:00Z
n-1160-26,2026-07-26,1160,10,DE,SELLABLE,56,2026-07-26T06:00:00Z
n-1160-27,2026-07-27,1160,10,DE,SELLABLE,41,2026-07-27T06:00:00Z
n-1160-28,2026-07-28,1160,10,DE,SELLABLE,54,2026-07-28T06:00:00Z
n-1160-28-r,2026-07-28,1160,10,DE,RESERVED,6,2026-07-28T06:00:00Z
n-1160-29,2026-07-29,1160,10,DE,SELLABLE,38,2026-07-29T06:00:00Z
n-1160-30,2026-07-30,1160,10,DE,SELLABLE,59,2026-07-30T06:00:00Z
n-1160-30-d,2026-07-30,1160,10,DE,DEFECTIVE,7,2026-07-30T06:00:00Z
n-1160-31,2026-07-31,1160,10,DE,SELLABLE,51,2026-07-31T06:00:00Z
n-1161-01,2026-07-01,1161,20,FR,SELLABLE,11,2026-07-01T06:00:00Z
n-1161-02,2026-07-02,1161,20,FR,SELLABLE,16,2026-07-02T06:00:00Z
n-1161-04,2026-07-04,1161,20,FR,SELLABLE,14,2026-07-04T06:00:00Z
n-1161-05,2026-07-05,1161,20,FR,SELLABLE,9,2026-07-05T06:00:00Z
n-1161-06,2026-07-06,1161,20,FR,SELLABLE,15,2026-07-06T06:00:00Z
n-1161-07,2026-07-07,1161,20,FR,SELLABLE,5,2026-07-07T06:00:00Z
n-1161-08,2026-07-08,1161,20,FR,SELLABLE,8,2026-07-08T06:00:00Z
n-1161-09,2026-07-09,1161,20,FR,SELLABLE,11,2026-07-09T06:00:00Z
n-1161-09-r,2026-07-09,1161,20,FR,RESERVED,5,2026-07-09T06:00:00Z
n-1161-10,2026-07-10,1161,20,FR,SELLABLE,11,2026-07-10T06:00:00Z
n-1161-11,2026-07-11,1161,20,FR,SELLABLE,11,2026-07-11T06:00:00Z
n-1161-12,2026-07-12,1161,20,FR,SELLABLE,12,2026-07-12T06:00:00Z
n-1161-12-d,2026-07-12,1161,20,FR,DEFECTIVE,7,2026-07-12T06:00:00Z
n-1161-13,2026-07-13,1161,20,FR,SELLABLE,2,2026-07-13T06:00:00Z
n-1161-14,2026-07-14,1161,20,FR,SELLABLE,2,2026-07-14T06:00:00Z
n-1161-15,2026-07-15,1161,20,FR,SELLABLE,9,2026-07-15T06:00:00Z
n-1161-15-r,2026-07-15,1161,20,FR,RESERVED,5,2026-07-15T06:00:00Z
n-1161-16,2026-07-16,1161,20,FR,SELLABLE,11,2026-07-16T06:00:00Z
n-1161-17,2026-07-17,1161,20,FR,SELLABLE,2,2026-07-17T06:00:00Z
n-1161-18,2026-07-18,1161,20,FR,SELLABLE,2,2026-07-18T06:00:00Z
n-1161-19,2026-07-19,1161,20,FR,SELLABLE,3,2026-07-19T06:00:00Z
n-1161-20,2026-07-20,1161,20,FR,SELLABLE,9,2026-07-20T06:00:00Z
n-1161-21,2026-07-21,1161,20,FR,SELLABLE,0,2026-07-21T06:00:00Z
n-1161-21-r,2026-07-21,1161,20,FR,RESERVED,11,2026-07-21T06:00:00Z
n-1161-22,2026-07-22,1161,20,FR,SELLABLE,4,2026-07-22T06:00:00Z
n-1161-23,2026-07-23,1161,20,FR,SELLABLE,6,2026-07-23T06:00:00Z
n-1161-24,2026-07-24,1161,20,FR,SELLABLE,0,2026-07-24T06:00:00Z
n-1161-25,2026-07-25,1161,20,FR,SELLABLE,4,2026-07-25T06:00:00Z
n-1161-26,2026-07-26,1161,20,FR,SELLABLE,0,2026-07-26T06:00:00Z
n-1161-27,2026-07-27,1161,20,FR,SELLABLE,3,2026-07-27T06:00:00Z
n-1161-27-r,2026-07-27,1161,20,FR,RESERVED,5,2026-07-27T06:00:00Z
n-1161-28,2026-07-28,1161,20,FR,SELLABLE,0,2026-07-28T06:00:00Z
n-1161-29,2026-07-29,1161,20,FR,SELLABLE,0,2026-07-29T06:00:00Z
n-1161-29-d,2026-07-29,1161,20,FR,DEFECTIVE,4,2026-07-29T06:00:00Z
n-1161-30,2026-07-30,1161,20,FR,SELLABLE,0,2026-07-30T06:00:00Z
n-1161-31,2026-07-31,1161,20,FR,SELLABLE,0,2026-07-31T06:00:00Z
n-1162-01,2026-07-01,1162,30,IT,SELLABLE,71,2026-07-01T06:00:00Z
n-1162-02,2026-07-02,1162,30,IT,SELLABLE,67,2026-07-02T06:00:00Z
n-1162-02-r,2026-07-02,1162,30,IT,RESERVED,8,2026-07-02T06:00:00Z
n-1162-04,2026-07-04,1162,30,IT,SELLABLE,65,2026-07-04T06:00:00Z
n-1162-05,2026-07-05,1162,30,IT,SELLABLE,65,2026-07-05T06:00:00Z
n-1162-06,2026-07-06,1162,30,IT,SELLABLE,67,2026-07-06T06:00:00Z
n-1162-07,2026-07-07,1162,30,IT,SELLABLE,63,2026-07-07T06:00:00Z
n-1162-08,2026-07-08,1162,30,IT,SELLABLE,57,2026-07-08T06:00:00Z
n-1162-08-r,2026-07-08,1162,30,IT,RESERVED,10,2026-07-08T06:00:00Z
n-1162-09,2026-07-09,1162,30,IT,SELLABLE,62,2026-07-09T06:00:00Z
n-1162-10,2026-07-10,1162,30,IT,SELLABLE,59,2026-07-10T06:00:00Z
n-1162-11,2026-07-11,1162,30,IT,SELLABLE,66,2026-07-11T06:00:00Z
n-1162-11-d,2026-07-11,1162,30,IT,DEFECTIVE,4,2026-07-11T06:00:00Z
n-1162-12,2026-07-12,1162,30,IT,SELLABLE,60,2026-07-12T06:00:00Z
n-1162-13,2026-07-13,1162,30,IT,SELLABLE,59,2026-07-13T06:00:00Z
n-1162-14,2026-07-14,1162,30,IT,SELLABLE,62,2026-07-14T06:00:00Z
n-1162-14-r,2026-07-14,1162,30,IT,RESERVED,6,2026-07-14T06:00:00Z
n-1162-15,2026-07-15,1162,30,IT,SELLABLE,53,2026-07-15T06:00:00Z
n-1162-16,2026-07-16,1162,30,IT,SELLABLE,52,2026-07-16T06:00:00Z
n-1162-17,2026-07-17,1162,30,IT,SELLABLE,66,2026-07-17T06:00:00Z
n-1162-18,2026-07-18,1162,30,IT,SELLABLE,56,2026-07-18T06:00:00Z
n-1162-19,2026-07-19,1162,30,IT,SELLABLE,88,2026-07-19T06:00:00Z
n-1162-20,2026-07-20,1162,30,IT,SELLABLE,87,2026-07-20T06:00:00Z
n-1162-20-r,2026-07-20,1162,30,IT,RESERVED,3,2026-07-20T06:00:00Z
n-1162-21,2026-07-21,1162,30,IT,SELLABLE,86,2026-07-21T06:00:00Z
n-1162-22,2026-07-22,1162,30,IT,SELLABLE,85,2026-07-22T06:00:00Z
n-1162-23,2026-07-23,1162,30,IT,SELLABLE,84,2026-07-23T06:00:00Z
n-1162-24,2026-07-24,1162,30,IT,SELLABLE,56,2026-07-24T06:00:00Z
n-1162-25,2026-07-25,1162,30,IT,SELLABLE,62,2026-07-25T06:00:00Z
n-1162-26,2026-07-26,1162,30,IT,SELLABLE,40,2026-07-26T06:00:00Z
n-1162-26-r,2026-07-26,1162,30,IT,RESERVED,7,2026-07-26T06:00:00Z
n-1162-27,2026-07-27,1162,30,IT,SELLABLE,38,2026-07-27T06:00:00Z
n-1162-28,2026-07-28,1162,30,IT,SELLABLE,52,2026-07-28T06:00:00Z
n-1162-28-d,2026-07-28,1162,30,IT,DEFECTIVE,5,2026-07-28T06:00:00Z
n-1162-29,2026-07-29,1162,30,IT,SELLABLE,43,2026-07-29T06:00:00Z
n-1162-30,2026-07-30,1162,30,IT,SELLABLE,48,2026-07-30T06:00:00Z
n-1162-31,2026-07-31,1162,30,IT,SELLABLE,39,2026-07-31T06:00:00Z
n-1163-01,2026-07-01,1163,40,ES,SELLABLE,66,2026-07-01T06:00:00Z
n-1163-01-r,2026-07-01,1163,40,ES,RESERVED,10,2026-07-01T06:00:00Z
n-1163-02,2026-07-02,1163,40,ES,SELLABLE,66,2026-07-02T06:00:00Z
n-1163-04,2026-07-04,1163,40,ES,SELLABLE,70,2026-07-04T06:00:00Z
n-1163-05,2026-07-05,1163,40,ES,SELLABLE,68,2026-07-05T06:00:00Z
n-1163-06,2026-07-06,1163,40,ES,SELLABLE,69,2026-07-06T06:00:00Z
n-1163-07,2026-07-07,1163,40,ES,SELLABLE,64,2026-07-07T06:00:00Z
n-1163-07-r,2026-07-07,1163,40,ES,RESERVED,8,2026-07-07T06:00:00Z
n-1163-08,2026-07-08,1163,40,ES,SELLABLE,61,2026-07-08T06:00:00Z
n-1163-09,2026-07-09,1163,40,ES,SELLABLE,61,2026-07-09T06:00:00Z
n-1163-10,2026-07-10,1163,40,ES,SELLABLE,64,2026-07-10T06:00:00Z
n-1163-10-d,2026-07-10,1163,40,ES,DEFECTIVE,3,2026-07-10T06:00:00Z
n-1163-11,2026-07-11,1163,40,ES,SELLABLE,65,2026-07-11T06:00:00Z
n-1163-12,2026-07-12,1163,40,ES,SELLABLE,62,2026-07-12T06:00:00Z
n-1163-13,2026-07-13,1163,40,ES,SELLABLE,53,2026-07-13T06:00:00Z
n-1163-13-r,2026-07-13,1163,40,ES,RESERVED,5,2026-07-13T06:00:00Z
n-1163-14,2026-07-14,1163,40,ES,SELLABLE,54,2026-07-14T06:00:00Z
n-1163-15,2026-07-15,1163,40,ES,SELLABLE,56,2026-07-15T06:00:00Z
n-1163-16,2026-07-16,1163,40,ES,SELLABLE,55,2026-07-16T06:00:00Z
n-1163-17,2026-07-17,1163,40,ES,SELLABLE,59,2026-07-17T06:00:00Z
n-1163-18,2026-07-18,1163,40,ES,SELLABLE,57,2026-07-18T06:00:00Z
n-1163-19,2026-07-19,1163,40,ES,SELLABLE,56,2026-07-19T06:00:00Z
n-1163-19-r,2026-07-19,1163,40,ES,RESERVED,12,2026-07-19T06:00:00Z
n-1163-20,2026-07-20,1163,40,ES,SELLABLE,63,2026-07-20T06:00:00Z
n-1163-21,2026-07-21,1163,40,ES,SELLABLE,60,2026-07-21T06:00:00Z
n-1163-22,2026-07-22,1163,40,ES,SELLABLE,55,2026-07-22T06:00:00Z
n-1163-23,2026-07-23,1163,40,ES,SELLABLE,56,2026-07-23T06:00:00Z
n-1163-24,2026-07-24,1163,40,ES,SELLABLE,55,2026-07-24T06:00:00Z
n-1163-25,2026-07-25,1163,40,ES,SELLABLE,38,2026-07-25T06:00:00Z
n-1163-25-r,2026-07-25,1163,40,ES,RESERVED,2,2026-07-25T06:00:00Z
n-1163-26,2026-07-26,1163,40,ES,SELLABLE,51,2026-07-26T06:00:00Z
n-1163-27,2026-07-27,1163,40,ES,SELLABLE,61,2026-07-27T06:00:00Z
n-1163-27-d,2026-07-27,1163,40,ES,DEFECTIVE,5,2026-07-27T06:00:00Z
n-1163-28,2026-07-28,1163,40,ES,SELLABLE,43,2026-07-28T06:00:00Z
n-1163-29,2026-07-29,1163,40,ES,SELLABLE,51,2026-07-29T06:00:00Z
n-1163-30,2026-07-30,1163,40,ES,SELLABLE,51,2026-07-30T06:00:00Z
n-1163-31,2026-07-31,1163,40,ES,SELLABLE,53,2026-07-31T06:00:00Z
n-1163-31-r,2026-07-31,1163,40,ES,RESERVED,1,2026-07-31T06:00:00Z
n-1164-01,2026-07-01,1164,10,DE,SELLABLE,58,2026-07-01T06:00:00Z
n-1164-02,2026-07-02,1164,10,DE,SELLABLE,60,2026-07-02T06:00:00Z
n-1164-04,2026-07-04,1164,10,DE,SELLABLE,53,2026-07-04T06:00:00Z
n-1164-05,2026-07-05,1164,10,DE,SELLABLE,58,2026-07-05T06:00:00Z
n-1164-06,2026-07-06,1164,10,DE,SELLABLE,51,2026-07-06T06:00:00Z
n-1164-06-r,2026-07-06,1164,10,DE,RESERVED,12,2026-07-06T06:00:00Z
n-1164-07,2026-07-07,1164,10,DE,SELLABLE,98,2026-07-07T06:00:00Z
n-1164-08,2026-07-08,1164,10,DE,SELLABLE,96,2026-07-08T06:00:00Z
n-1164-09,2026-07-09,1164,10,DE,SELLABLE,94,2026-07-09T06:00:00Z
n-1164-09-d,2026-07-09,1164,10,DE,DEFECTIVE,8,2026-07-09T06:00:00Z
n-1164-10,2026-07-10,1164,10,DE,SELLABLE,92,2026-07-10T06:00:00Z
n-1164-11,2026-07-11,1164,10,DE,SELLABLE,90,2026-07-11T06:00:00Z
n-1164-12,2026-07-12,1164,10,DE,SELLABLE,46,2026-07-12T06:00:00Z
n-1164-12-r,2026-07-12,1164,10,DE,RESERVED,4,2026-07-12T06:00:00Z
n-1164-13,2026-07-13,1164,10,DE,SELLABLE,58,2026-07-13T06:00:00Z
n-1164-14,2026-07-14,1164,10,DE,SELLABLE,53,2026-07-14T06:00:00Z
n-1164-15,2026-07-15,1164,10,DE,SELLABLE,41,2026-07-15T06:00:00Z
n-1164-16,2026-07-16,1164,10,DE,SELLABLE,55,2026-07-16T06:00:00Z
n-1164-17,2026-07-17,1164,10,DE,SELLABLE,44,2026-07-17T06:00:00Z
n-1164-18,2026-07-18,1164,10,DE,SELLABLE,51,2026-07-18T06:00:00Z
n-1164-18-r,2026-07-18,1164,10,DE,RESERVED,2,2026-07-18T06:00:00Z
n-1164-19,2026-07-19,1164,10,DE,SELLABLE,47,2026-07-19T06:00:00Z
n-1164-20,2026-07-20,1164,10,DE,SELLABLE,50,2026-07-20T06:00:00Z
n-1164-21,2026-07-21,1164,10,DE,SELLABLE,34,2026-07-21T06:00:00Z
n-1164-22,2026-07-22,1164,10,DE,SELLABLE,53,2026-07-22T06:00:00Z
n-1164-23,2026-07-23,1164,10,DE,SELLABLE,40,2026-07-23T06:00:00Z
n-1164-24,2026-07-24,1164,10,DE,SELLABLE,37,2026-07-24T06:00:00Z
n-1164-24-r,2026-07-24,1164,10,DE,RESERVED,7,2026-07-24T06:00:00Z
n-1164-25,2026-07-25,1164,10,DE,SELLABLE,40,2026-07-25T06:00:00Z
n-1164-26,2026-07-26,1164,10,DE,SELLABLE,39,2026-07-26T06:00:00Z
n-1164-26-d,2026-07-26,1164,10,DE,DEFECTIVE,1,2026-07-26T06:00:00Z
n-1164-27,2026-07-27,1164,10,DE,SELLABLE,50,2026-07-27T06:00:00Z
n-1164-28,2026-07-28,1164,10,DE,SELLABLE,47,2026-07-28T06:00:00Z
n-1164-29,2026-07-29,1164,10,DE,SELLABLE,35,2026-07-29T06:00:00Z
n-1164-30,2026-07-30,1164,10,DE,SELLABLE,47,2026-07-30T06:00:00Z
n-1164-30-r,2026-07-30,1164,10,DE,RESERVED,4,2026-07-30T06:00:00Z
n-1164-31,2026-07-31,1164,10,DE,SELLABLE,55,2026-07-31T06:00:00Z
n-1165-01,2026-07-01,1165,20,FR,SELLABLE,48,2026-07-01T06:00:00Z
n-1165-02,2026-07-02,1165,20,FR,SELLABLE,50,2026-07-02T06:00:00Z
n-1165-04,2026-07-04,1165,20,FR,SELLABLE,52,2026-07-04T06:00:00Z
n-1165-05,2026-07-05,1165,20,FR,SELLABLE,46,2026-07-05T06:00:00Z
n-1165-05-r,2026-07-05,1165,20,FR,RESERVED,5,2026-07-05T06:00:00Z
n-1165-06,2026-07-06,1165,20,FR,SELLABLE,50,2026-07-06T06:00:00Z
n-1165-07,2026-07-07,1165,20,FR,SELLABLE,41,2026-07-07T06:00:00Z
n-1165-08,2026-07-08,1165,20,FR,SELLABLE,49,2026-07-08T06:00:00Z
n-1165-08-d,2026-07-08,1165,20,FR,DEFECTIVE,8,2026-07-08T06:00:00Z
n-1165-09,2026-07-09,1165,20,FR,SELLABLE,43,2026-07-09T06:00:00Z
n-1165-10,2026-07-10,1165,20,FR,SELLABLE,44,2026-07-10T06:00:00Z
n-1165-11,2026-07-11,1165,20,FR,SELLABLE,45,2026-07-11T06:00:00Z
n-1165-11-r,2026-07-11,1165,20,FR,RESERVED,11,2026-07-11T06:00:00Z
n-1165-12,2026-07-12,1165,20,FR,SELLABLE,49,2026-07-12T06:00:00Z
n-1165-13,2026-07-13,1165,20,FR,SELLABLE,35,2026-07-13T06:00:00Z
n-1165-14,2026-07-14,1165,20,FR,SELLABLE,38,2026-07-14T06:00:00Z
n-1165-15,2026-07-15,1165,20,FR,SELLABLE,48,2026-07-15T06:00:00Z
n-1165-16,2026-07-16,1165,20,FR,SELLABLE,45,2026-07-16T06:00:00Z
n-1165-17,2026-07-17,1165,20,FR,SELLABLE,32,2026-07-17T06:00:00Z
n-1165-17-r,2026-07-17,1165,20,FR,RESERVED,11,2026-07-17T06:00:00Z
n-1165-18,2026-07-18,1165,20,FR,SELLABLE,35,2026-07-18T06:00:00Z
n-1165-19,2026-07-19,1165,20,FR,SELLABLE,44,2026-07-19T06:00:00Z
n-1165-20,2026-07-20,1165,20,FR,SELLABLE,31,2026-07-20T06:00:00Z
n-1165-21,2026-07-21,1165,20,FR,SELLABLE,37,2026-07-21T06:00:00Z
n-1165-22,2026-07-22,1165,20,FR,SELLABLE,43,2026-07-22T06:00:00Z
n-1165-23,2026-07-23,1165,20,FR,SELLABLE,43,2026-07-23T06:00:00Z
n-1165-23-r,2026-07-23,1165,20,FR,RESERVED,4,2026-07-23T06:00:00Z
n-1165-24,2026-07-24,1165,20,FR,SELLABLE,41,2026-07-24T06:00:00Z
n-1165-25,2026-07-25,1165,20,FR,SELLABLE,26,2026-07-25T06:00:00Z
n-1165-25-d,2026-07-25,1165,20,FR,DEFECTIVE,1,2026-07-25T06:00:00Z
n-1165-26,2026-07-26,1165,20,FR,SELLABLE,38,2026-07-26T06:00:00Z
n-1165-27,2026-07-27,1165,20,FR,SELLABLE,21,2026-07-27T06:00:00Z
n-1165-28,2026-07-28,1165,20,FR,SELLABLE,26,2026-07-28T06:00:00Z
n-1165-29,2026-07-29,1165,20,FR,SELLABLE,27,2026-07-29T06:00:00Z
n-1165-29-r,2026-07-29,1165,20,FR,RESERVED,4,2026-07-29T06:00:00Z
n-1165-30,2026-07-30,1165,20,FR,SELLABLE,39,2026-07-30T06:00:00Z
n-1165-31,2026-07-31,1165,20,FR,SELLABLE,34,2026-07-31T06:00:00Z
n-1166-01,2026-07-01,1166,30,IT,SELLABLE,51,2026-07-01T06:00:00Z
n-1166-02,2026-07-02,1166,30,IT,SELLABLE,51,2026-07-02T06:00:00Z
n-1166-04,2026-07-04,1166,30,IT,SELLABLE,50,2026-07-04T06:00:00Z
n-1166-04-r,2026-07-04,1166,30,IT,RESERVED,1,2026-07-04T06:00:00Z
n-1166-05,2026-07-05,1166,30,IT,SELLABLE,53,2026-07-05T06:00:00Z
n-1166-06,2026-07-06,1166,30,IT,SELLABLE,51,2026-07-06T06:00:00Z
n-1166-07,2026-07-07,1166,30,IT,SELLABLE,48,2026-07-07T06:00:00Z
n-1166-07-d,2026-07-07,1166,30,IT,DEFECTIVE,7,2026-07-07T06:00:00Z
n-1166-08,2026-07-08,1166,30,IT,SELLABLE,47,2026-07-08T06:00:00Z
n-1166-09,2026-07-09,1166,30,IT,SELLABLE,47,2026-07-09T06:00:00Z
n-1166-10,2026-07-10,1166,30,IT,SELLABLE,48,2026-07-10T06:00:00Z
n-1166-10-r,2026-07-10,1166,30,IT,RESERVED,3,2026-07-10T06:00:00Z
n-1166-11,2026-07-11,1166,30,IT,SELLABLE,54,2026-07-11T06:00:00Z
n-1166-12,2026-07-12,1166,30,IT,SELLABLE,44,2026-07-12T06:00:00Z
n-1166-13,2026-07-13,1166,30,IT,SELLABLE,44,2026-07-13T06:00:00Z
n-1166-14,2026-07-14,1166,30,IT,SELLABLE,51,2026-07-14T06:00:00Z
n-1166-15,2026-07-15,1166,30,IT,SELLABLE,51,2026-07-15T06:00:00Z
n-1166-16,2026-07-16,1166,30,IT,SELLABLE,45,2026-07-16T06:00:00Z
n-1166-16-r,2026-07-16,1166,30,IT,RESERVED,10,2026-07-16T06:00:00Z
n-1166-17,2026-07-17,1166,30,IT,SELLABLE,43,2026-07-17T06:00:00Z
n-1166-18,2026-07-18,1166,30,IT,SELLABLE,34,2026-07-18T06:00:00Z
n-1166-19,2026-07-19,1166,30,IT,SELLABLE,32,2026-07-19T06:00:00Z
n-1166-20,2026-07-20,1166,30,IT,SELLABLE,49,2026-07-20T06:00:00Z
n-1166-21,2026-07-21,1166,30,IT,SELLABLE,50,2026-07-21T06:00:00Z
n-1166-22,2026-07-22,1166,30,IT,SELLABLE,46,2026-07-22T06:00:00Z
n-1166-22-r,2026-07-22,1166,30,IT,RESERVED,6,2026-07-22T06:00:00Z
n-1166-23,2026-07-23,1166,30,IT,SELLABLE,44,2026-07-23T06:00:00Z
n-1166-24,2026-07-24,1166,30,IT,SELLABLE,40,2026-07-24T06:00:00Z
n-1166-24-d,2026-07-24,1166,30,IT,DEFECTIVE,5,2026-07-24T06:00:00Z
n-1166-25,2026-07-25,1166,30,IT,SELLABLE,51,2026-07-25T06:00:00Z
n-1166-26,2026-07-26,1166,30,IT,SELLABLE,39,2026-07-26T06:00:00Z
n-1166-27,2026-07-27,1166,30,IT,SELLABLE,39,2026-07-27T06:00:00Z
n-1166-28,2026-07-28,1166,30,IT,SELLABLE,25,2026-07-28T06:00:00Z
n-1166-28-r,2026-07-28,1166,30,IT,RESERVED,7,2026-07-28T06:00:00Z
n-1166-29,2026-07-29,1166,30,IT,SELLABLE,45,2026-07-29T06:00:00Z
n-1166-30,2026-07-30,1166,30,IT,SELLABLE,39,2026-07-30T06:00:00Z
n-1166-31,2026-07-31,1166,30,IT,SELLABLE,33,2026-07-31T06:00:00Z
n-1167-01,2026-07-01,1167,40,ES,SELLABLE,44,2026-07-01T06:00:00Z
n-1167-02,2026-07-02,1167,40,ES,SELLABLE,43,2026-07-02T06:00:00Z
n-1167-04,2026-07-04,1167,40,ES,SELLABLE,46,2026-07-04T06:00:00Z
n-1167-05,2026-07-05,1167,40,ES,SELLABLE,50,2026-07-05T06:00:00Z
n-1167-06,2026-07-06,1167,40,ES,SELLABLE,48,2026-07-06T06:00:00Z
n-1167-06-d,2026-07-06,1167,40,ES,DEFECTIVE,6,2026-07-06T06:00:00Z
n-1167-07,2026-07-07,1167,40,ES,SELLABLE,39,2026-07-07T06:00:00Z
n-1167-08,2026-07-08,1167,40,ES,SELLABLE,46,2026-07-08T06:00:00Z
n-1167-09,2026-07-09,1167,40,ES,SELLABLE,46,2026-07-09T06:00:00Z
n-1167-09-r,2026-07-09,1167,40,ES,RESERVED,2,2026-07-09T06:00:00Z
n-1167-10,2026-07-10,1167,40,ES,SELLABLE,40,2026-07-10T06:00:00Z
n-1167-11,2026-07-11,1167,40,ES,SELLABLE,46,2026-07-11T06:00:00Z
n-1167-12,2026-07-12,1167,40,ES,SELLABLE,38,2026-07-12T06:00:00Z
n-1167-13,2026-07-13,1167,40,ES,SELLABLE,47,2026-07-13T06:00:00Z
n-1167-14,2026-07-14,1167,40,ES,SELLABLE,45,2026-07-14T06:00:00Z
n-1167-15,2026-07-15,1167,40,ES,SELLABLE,34,2026-07-15T06:00:00Z
n-1167-15-r,2026-07-15,1167,40,ES,RESERVED,12,2026-07-15T06:00:00Z
n-1167-16,2026-07-16,1167,40,ES,SELLABLE,34,2026-07-16T06:00:00Z
n-1167-17,2026-07-17,1167,40,ES,SELLABLE,42,2026-07-17T06:00:00Z
n-1167-18,2026-07-18,1167,40,ES,SELLABLE,36,2026-07-18T06:00:00Z
n-1167-19,2026-07-19,1167,40,ES,SELLABLE,34,2026-07-19T06:00:00Z
n-1167-20,2026-07-20,1167,40,ES,SELLABLE,30,2026-07-20T06:00:00Z
n-1167-21,2026-07-21,1167,40,ES,SELLABLE,34,2026-07-21T06:00:00Z
n-1167-21-r,2026-07-21,1167,40,ES,RESERVED,5,2026-07-21T06:00:00Z
n-1167-22,2026-07-22,1167,40,ES,SELLABLE,36,2026-07-22T06:00:00Z
n-1167-23,2026-07-23,1167,40,ES,SELLABLE,43,2026-07-23T06:00:00Z
n-1167-23-d,2026-07-23,1167,40,ES,DEFECTIVE,4,2026-07-23T06:00:00Z
n-1167-24,2026-07-24,1167,40,ES,SELLABLE,35,2026-07-24T06:00:00Z
n-1167-25,2026-07-25,1167,40,ES,SELLABLE,35,2026-07-25T06:00:00Z
n-1167-26,2026-07-26,1167,40,ES,SELLABLE,23,2026-07-26T06:00:00Z
n-1167-27,2026-07-27,1167,40,ES,SELLABLE,32,2026-07-27T06:00:00Z
n-1167-27-r,2026-07-27,1167,40,ES,RESERVED,4,2026-07-27T06:00:00Z
n-1167-28,2026-07-28,1167,40,ES,SELLABLE,38,2026-07-28T06:00:00Z
n-1167-29,2026-07-29,1167,40,ES,SELLABLE,37,2026-07-29T06:00:00Z
n-1167-30,2026-07-30,1167,40,ES,SELLABLE,33,2026-07-30T06:00:00Z
n-1167-31,2026-07-31,1167,40,ES,SELLABLE,34,2026-07-31T06:00:00Z
n-1168-01,2026-07-01,1168,10,DE,SELLABLE,48,2026-07-01T06:00:00Z
n-1168-02,2026-07-02,1168,10,DE,SELLABLE,54,2026-07-02T06:00:00Z
n-1168-02-r,2026-07-02,1168,10,DE,RESERVED,7,2026-07-02T06:00:00Z
n-1168-04,2026-07-04,1168,10,DE,SELLABLE,51,2026-07-04T06:00:00Z
n-1168-05,2026-07-05,1168,10,DE,SELLABLE,46,2026-07-05T06:00:00Z
n-1168-05-d,2026-07-05,1168,10,DE,DEFECTIVE,1,2026-07-05T06:00:00Z
n-1168-06,2026-07-06,1168,10,DE,SELLABLE,47,2026-07-06T06:00:00Z
n-1168-07,2026-07-07,1168,10,DE,SELLABLE,46,2026-07-07T06:00:00Z
n-1168-08,2026-07-08,1168,10,DE,SELLABLE,45,2026-07-08T06:00:00Z
n-1168-08-r,2026-07-08,1168,10,DE,RESERVED,3,2026-07-08T06:00:00Z
n-1168-09,2026-07-09,1168,10,DE,SELLABLE,47,2026-07-09T06:00:00Z
n-1168-10,2026-07-10,1168,10,DE,SELLABLE,45,2026-07-10T06:00:00Z
n-1168-11,2026-07-11,1168,10,DE,SELLABLE,46,2026-07-11T06:00:00Z
n-1168-12,2026-07-12,1168,10,DE,SELLABLE,43,2026-07-12T06:00:00Z
n-1168-13,2026-07-13,1168,10,DE,SELLABLE,40,2026-07-13T06:00:00Z
n-1168-14,2026-07-14,1168,10,DE,SELLABLE,34,2026-07-14T06:00:00Z
n-1168-14-r,2026-07-14,1168,10,DE,RESERVED,4,2026-07-14T06:00:00Z
n-1168-15,2026-07-15,1168,10,DE,SELLABLE,35,2026-07-15T06:00:00Z
n-1168-16,2026-07-16,1168,10,DE,SELLABLE,41,2026-07-16T06:00:00Z
n-1168-17,2026-07-17,1168,10,DE,SELLABLE,48,2026-07-17T06:00:00Z
n-1168-18,2026-07-18,1168,10,DE,SELLABLE,42,2026-07-18T06:00:00Z
n-1168-19,2026-07-19,1168,10,DE,SELLABLE,31,2026-07-19T06:00:00Z
n-1168-20,2026-07-20,1168,10,DE,SELLABLE,34,2026-07-20T06:00:00Z
n-1168-20-r,2026-07-20,1168,10,DE,RESERVED,12,2026-07-20T06:00:00Z
n-1168-21,2026-07-21,1168,10,DE,SELLABLE,47,2026-07-21T06:00:00Z
n-1168-22,2026-07-22,1168,10,DE,SELLABLE,33,2026-07-22T06:00:00Z
n-1168-22-d,2026-07-22,1168,10,DE,DEFECTIVE,1,2026-07-22T06:00:00Z
n-1168-23,2026-07-23,1168,10,DE,SELLABLE,46,2026-07-23T06:00:00Z
n-1168-24,2026-07-24,1168,10,DE,SELLABLE,40,2026-07-24T06:00:00Z
n-1168-25,2026-07-25,1168,10,DE,SELLABLE,27,2026-07-25T06:00:00Z
n-1168-26,2026-07-26,1168,10,DE,SELLABLE,45,2026-07-26T06:00:00Z
n-1168-26-r,2026-07-26,1168,10,DE,RESERVED,3,2026-07-26T06:00:00Z
n-1168-27,2026-07-27,1168,10,DE,SELLABLE,41,2026-07-27T06:00:00Z
n-1168-28,2026-07-28,1168,10,DE,SELLABLE,27,2026-07-28T06:00:00Z
n-1168-29,2026-07-29,1168,10,DE,SELLABLE,34,2026-07-29T06:00:00Z
n-1168-30,2026-07-30,1168,10,DE,SELLABLE,23,2026-07-30T06:00:00Z
n-1168-31,2026-07-31,1168,10,DE,SELLABLE,42,2026-07-31T06:00:00Z
n-1169-01,2026-07-01,1169,20,FR,SELLABLE,7,2026-07-01T06:00:00Z
n-1169-01-r,2026-07-01,1169,20,FR,RESERVED,2,2026-07-01T06:00:00Z
n-1169-02,2026-07-02,1169,20,FR,SELLABLE,12,2026-07-02T06:00:00Z
n-1169-04,2026-07-04,1169,20,FR,SELLABLE,7,2026-07-04T06:00:00Z
n-1169-04-d,2026-07-04,1169,20,FR,DEFECTIVE,4,2026-07-04T06:00:00Z
n-1169-05,2026-07-05,1169,20,FR,SELLABLE,12,2026-07-05T06:00:00Z
n-1169-06,2026-07-06,1169,20,FR,SELLABLE,11,2026-07-06T06:00:00Z
n-1169-07,2026-07-07,1169,20,FR,SELLABLE,8,2026-07-07T06:00:00Z
n-1169-07-r,2026-07-07,1169,20,FR,RESERVED,10,2026-07-07T06:00:00Z
n-1169-08,2026-07-08,1169,20,FR,SELLABLE,2,2026-07-08T06:00:00Z
n-1169-09,2026-07-09,1169,20,FR,SELLABLE,0,2026-07-09T06:00:00Z
n-1169-10,2026-07-10,1169,20,FR,SELLABLE,7,2026-07-10T06:00:00Z
n-1169-11,2026-07-11,1169,20,FR,SELLABLE,10,2026-07-11T06:00:00Z
n-1169-12,2026-07-12,1169,20,FR,SELLABLE,3,2026-07-12T06:00:00Z
n-1169-13,2026-07-13,1169,20,FR,SELLABLE,2,2026-07-13T06:00:00Z
n-1169-13-r,2026-07-13,1169,20,FR,RESERVED,11,2026-07-13T06:00:00Z
n-1169-14,2026-07-14,1169,20,FR,SELLABLE,4,2026-07-14T06:00:00Z
n-1169-15,2026-07-15,1169,20,FR,SELLABLE,10,2026-07-15T06:00:00Z
n-1169-16,2026-07-16,1169,20,FR,SELLABLE,0,2026-07-16T06:00:00Z
n-1169-17,2026-07-17,1169,20,FR,SELLABLE,0,2026-07-17T06:00:00Z
n-1169-18,2026-07-18,1169,20,FR,SELLABLE,0,2026-07-18T06:00:00Z
n-1169-19,2026-07-19,1169,20,FR,SELLABLE,4,2026-07-19T06:00:00Z
n-1169-19-r,2026-07-19,1169,20,FR,RESERVED,10,2026-07-19T06:00:00Z
n-1169-20,2026-07-20,1169,20,FR,SELLABLE,0,2026-07-20T06:00:00Z
n-1169-21,2026-07-21,1169,20,FR,SELLABLE,1,2026-07-21T06:00:00Z
n-1169-21-d,2026-07-21,1169,20,FR,DEFECTIVE,8,2026-07-21T06:00:00Z
n-1169-22,2026-07-22,1169,20,FR,SELLABLE,0,2026-07-22T06:00:00Z
n-1169-23,2026-07-23,1169,20,FR,SELLABLE,0,2026-07-23T06:00:00Z
n-1169-24,2026-07-24,1169,20,FR,SELLABLE,3,2026-07-24T06:00:00Z
n-1169-25,2026-07-25,1169,20,FR,SELLABLE,0,2026-07-25T06:00:00Z
n-1169-25-r,2026-07-25,1169,20,FR,RESERVED,5,2026-07-25T06:00:00Z
n-1169-26,2026-07-26,1169,20,FR,SELLABLE,0,2026-07-26T06:00:00Z
n-1169-27,2026-07-27,1169,20,FR,SELLABLE,0,2026-07-27T06:00:00Z
n-1169-28,2026-07-28,1169,20,FR,SELLABLE,0,2026-07-28T06:00:00Z
n-1169-29,2026-07-29,1169,20,FR,SELLABLE,0,2026-07-29T06:00:00Z
n-1169-30,2026-07-30,1169,20,FR,SELLABLE,8,2026-07-30T06:00:00Z
n-1169-31,2026-07-31,1169,20,FR,SELLABLE,1,2026-07-31T06:00:00Z
n-1169-31-r,2026-07-31,1169,20,FR,RESERVED,4,2026-07-31T06:00:00Z
n-1170-01,2026-07-01,1170,30,IT,SELLABLE,57,2026-07-01T06:00:00Z
n-1170-02,2026-07-02,1170,30,IT,SELLABLE,56,2026-07-02T06:00:00Z
n-1170-04,2026-07-04,1170,30,IT,SELLABLE,46,2026-07-04T06:00:00Z
n-1170-05,2026-07-05,1170,30,IT,SELLABLE,47,2026-07-05T06:00:00Z
n-1170-06,2026-07-06,1170,30,IT,SELLABLE,53,2026-07-06T06:00:00Z
n-1170-06-r,2026-07-06,1170,30,IT,RESERVED,9,2026-07-06T06:00:00Z
n-1170-07,2026-07-07,1170,30,IT,SELLABLE,49,2026-07-07T06:00:00Z
n-1170-08,2026-07-08,1170,30,IT,SELLABLE,46,2026-07-08T06:00:00Z
n-1170-09,2026-07-09,1170,30,IT,SELLABLE,52,2026-07-09T06:00:00Z
n-1170-10,2026-07-10,1170,30,IT,SELLABLE,47,2026-07-10T06:00:00Z
n-1170-11,2026-07-11,1170,30,IT,SELLABLE,40,2026-07-11T06:00:00Z
n-1170-12,2026-07-12,1170,30,IT,SELLABLE,48,2026-07-12T06:00:00Z
n-1170-12-r,2026-07-12,1170,30,IT,RESERVED,7,2026-07-12T06:00:00Z
n-1170-13,2026-07-13,1170,30,IT,SELLABLE,50,2026-07-13T06:00:00Z
n-1170-14,2026-07-14,1170,30,IT,SELLABLE,47,2026-07-14T06:00:00Z
n-1170-15,2026-07-15,1170,30,IT,SELLABLE,40,2026-07-15T06:00:00Z
n-1170-16,2026-07-16,1170,30,IT,SELLABLE,40,2026-07-16T06:00:00Z
n-1170-17,2026-07-17,1170,30,IT,SELLABLE,34,2026-07-17T06:00:00Z
n-1170-18,2026-07-18,1170,30,IT,SELLABLE,43,2026-07-18T06:00:00Z
n-1170-18-r,2026-07-18,1170,30,IT,RESERVED,11,2026-07-18T06:00:00Z
n-1170-19,2026-07-19,1170,30,IT,SELLABLE,34,2026-07-19T06:00:00Z
n-1170-20,2026-07-20,1170,30,IT,SELLABLE,36,2026-07-20T06:00:00Z
n-1170-20-d,2026-07-20,1170,30,IT,DEFECTIVE,7,2026-07-20T06:00:00Z
n-1170-21,2026-07-21,1170,30,IT,SELLABLE,31,2026-07-21T06:00:00Z
n-1170-22,2026-07-22,1170,30,IT,SELLABLE,43,2026-07-22T06:00:00Z
n-1170-23,2026-07-23,1170,30,IT,SELLABLE,31,2026-07-23T06:00:00Z
n-1170-24,2026-07-24,1170,30,IT,SELLABLE,32,2026-07-24T06:00:00Z
n-1170-24-r,2026-07-24,1170,30,IT,RESERVED,2,2026-07-24T06:00:00Z
n-1170-25,2026-07-25,1170,30,IT,SELLABLE,38,2026-07-25T06:00:00Z
n-1170-26,2026-07-26,1170,30,IT,SELLABLE,47,2026-07-26T06:00:00Z
n-1170-27,2026-07-27,1170,30,IT,SELLABLE,33,2026-07-27T06:00:00Z
n-1170-28,2026-07-28,1170,30,IT,SELLABLE,38,2026-07-28T06:00:00Z
n-1170-29,2026-07-29,1170,30,IT,SELLABLE,40,2026-07-29T06:00:00Z
n-1170-30,2026-07-30,1170,30,IT,SELLABLE,34,2026-07-30T06:00:00Z
n-1170-30-r,2026-07-30,1170,30,IT,RESERVED,8,2026-07-30T06:00:00Z
n-1170-31,2026-07-31,1170,30,IT,SELLABLE,52,2026-07-31T06:00:00Z
n-1171-01,2026-07-01,1171,40,ES,SELLABLE,17,2026-07-01T06:00:00Z
n-1171-02,2026-07-02,1171,40,ES,SELLABLE,17,2026-07-02T06:00:00Z
n-1171-02-d,2026-07-02,1171,40,ES,DEFECTIVE,7,2026-07-02T06:00:00Z
n-1171-04,2026-07-04,1171,40,ES,SELLABLE,13,2026-07-04T06:00:00Z
n-1171-05,2026-07-05,1171,40,ES,SELLABLE,13,2026-07-05T06:00:00Z
n-1171-05-r,2026-07-05,1171,40,ES,RESERVED,8,2026-07-05T06:00:00Z
n-1171-06,2026-07-06,1171,40,ES,SELLABLE,13,2026-07-06T06:00:00Z
n-1171-07,2026-07-07,1171,40,ES,SELLABLE,9,2026-07-07T06:00:00Z
n-1171-08,2026-07-08,1171,40,ES,SELLABLE,8,2026-07-08T06:00:00Z
n-1171-09,2026-07-09,1171,40,ES,SELLABLE,9,2026-07-09T06:00:00Z
n-1171-10,2026-07-10,1171,40,ES,SELLABLE,9,2026-07-10T06:00:00Z
n-1171-11,2026-07-11,1171,40,ES,SELLABLE,9,2026-07-11T06:00:00Z
n-1171-11-r,2026-07-11,1171,40,ES,RESERVED,6,2026-07-11T06:00:00Z
n-1171-12,2026-07-12,1171,40,ES,SELLABLE,2,2026-07-12T06:00:00Z
n-1171-13,2026-07-13,1171,40,ES,SELLABLE,14,2026-07-13T06:00:00Z
n-1171-14,2026-07-14,1171,40,ES,SELLABLE,3,2026-07-14T06:00:00Z
n-1171-15,2026-07-15,1171,40,ES,SELLABLE,10,2026-07-15T06:00:00Z
n-1171-16,2026-07-16,1171,40,ES,SELLABLE,3,2026-07-16T06:00:00Z
n-1171-17,2026-07-17,1171,40,ES,SELLABLE,1,2026-07-17T06:00:00Z
n-1171-17-r,2026-07-17,1171,40,ES,RESERVED,12,2026-07-17T06:00:00Z
n-1171-18,2026-07-18,1171,40,ES,SELLABLE,0,2026-07-18T06:00:00Z
n-1171-19,2026-07-19,1171,40,ES,SELLABLE,2,2026-07-19T06:00:00Z
n-1171-19-d,2026-07-19,1171,40,ES,DEFECTIVE,8,2026-07-19T06:00:00Z
n-1171-20,2026-07-20,1171,40,ES,SELLABLE,7,2026-07-20T06:00:00Z
n-1171-21,2026-07-21,1171,40,ES,SELLABLE,0,2026-07-21T06:00:00Z
n-1171-22,2026-07-22,1171,40,ES,SELLABLE,0,2026-07-22T06:00:00Z
n-1171-23,2026-07-23,1171,40,ES,SELLABLE,0,2026-07-23T06:00:00Z
n-1171-23-r,2026-07-23,1171,40,ES,RESERVED,9,2026-07-23T06:00:00Z
n-1171-24,2026-07-24,1171,40,ES,SELLABLE,0,2026-07-24T06:00:00Z
n-1171-25,2026-07-25,1171,40,ES,SELLABLE,0,2026-07-25T06:00:00Z
n-1171-26,2026-07-26,1171,40,ES,SELLABLE,7,2026-07-26T06:00:00Z
n-1171-27,2026-07-27,1171,40,ES,SELLABLE,0,2026-07-27T06:00:00Z
n-1171-28,2026-07-28,1171,40,ES,SELLABLE,0,2026-07-28T06:00:00Z
n-1171-29,2026-07-29,1171,40,ES,SELLABLE,0,2026-07-29T06:00:00Z
n-1171-29-r,2026-07-29,1171,40,ES,RESERVED,3,2026-07-29T06:00:00Z
n-1171-30,2026-07-30,1171,40,ES,SELLABLE,0,2026-07-30T06:00:00Z
n-1171-31,2026-07-31,1171,40,ES,SELLABLE,0,2026-07-31T06:00:00Z
