local_stock_id,date,ean_id,storage_location,status,available_quantity,best_before_date,is_expired
loc-2001-01,2026-07-01,2001,MAIN,NEW,10,2027-12-31,0
loc-2002-01,2026-07-01,2002,MAIN,NEW,4,2027-12-31,0
loc-2003-01,2026-07-01,2003,MAIN,NEW,1,2027-12-31,0
loc-2004-01,2026-07-01,2004,MAIN,NEW,12,2027-12-31,0
loc-2004-expired,2026-07-01,2004,MAIN,NEW,100,2025-01-01,1
loc-2005-01,2026-07-01,2005,MAIN,NEW,-2,2027-12-31,0
loc-2006-01,2026-07-01,2006,MAIN,NEW,100,2027-12-31,0
loc-2007-01,2026-07-01,2007,MAIN,NEW,9,2027-12-31,0
loc-2008-01,2026-07-01,2008,MAIN,NEW,20,2027-12-31,0
loc-2001-02,2026-07-02,2001,MAIN,NEW,9,2027-12-31,0
loc-2002-02,2026-07-02,2002,MAIN,NEW,0,2027-12-31,0
loc-2003-02,2026-07-02,2003,MAIN,NEW,5,2027-12-31,0
loc-2004-02,2026-07-02,2004,MAIN,NEW,10,2027-12-31,0
loc-2005-02,2026-07-02,2005,DAMAGED,B_STOCK,6,2027-12-31,0
loc-2006-02,2026-07-02,2006,MAIN,NEW,100,2027-12-31,0
loc-2007-02,2026-07-02,2007,MAIN,NEW,8,2027-12-31,0
loc-2008-02,2026-07-02,2008,MAIN,NEW,19,2027-12-31,0
loc-2001-03,2026-07-03,2001,MAIN,NEW,8,2027-12-31,0
loc-2002-03,2026-07-03,2002,MAIN,NEW,8,2027-12-31,0
loc-2003-03,2026-07-03,2003,MAIN,NEW,5,2027-12-31,0
loc-2004-03,2026-07-03,2004,MAIN,NEW,8,2027-12-31,0
loc-2005-03,2026-07-03,2005,MAIN,NEW,0,2027-12-31,0
loc-2006-03,2026-07-03,2006,MAIN,NEW,100,2027-12-31,0
loc-2007-03,2026-07-03,2007,MAIN,NEW,7,2027-12-31,0
loc-2008-03,2026-07-03,2008,MAIN,NEW,18,2027-12-31,0
loc-2001-04,2026-07-04,2001,MAIN,NEW,7,2027-12-31,0
loc-2002-04,2026-07-04,2002,MAIN,NEW,6,2027-12-31,0
loc-2003-04,2026-07-04,2003,MAIN,NEW,2,2027-12-31,0
loc-2004-04,2026-07-04,2004,MAIN,NEW,6,2027-12-31,0
loc-2005-04,2026-07-04,2005,MAIN,NEW,5,2027-12-31,0
loc-2006-04,2026-07-04,2006,MAIN,NEW,100,2027-12-31,0
loc-2007-04,2026-07-04,2007,MAIN,NEW,6,2027-12-31,0
loc-2008-04,2026-07-04,2008,MAIN,NEW,17,2027-12-31,0
loc-2001-05,2026-07-05,2001,MAIN,NEW,6,2027-12-31,0
loc-2002-05,2026-07-05,2002,MAIN,NEW,2,2027-12-31,0
loc-2004-05,2026-07-05,2004,MAIN,NEW,5,2027-12-31,0
loc-2005-05,2026-07-05,2005,MAIN,NEW,5,2027-12-31,0
loc-2006-05,2026-07-05,2006,MAIN,NEW,100,2027-12-31,0
loc-2007-05,2026-07-05,2007,MAIN,NEW,5,2027-12-31,0
loc-2008-05,2026-07-05,2008,MAIN,NEW,16,2027-12-31,0
loc-2001-06,2026-07-06,2001,MAIN,NEW,5,2027-12-31,0
loc-2002-06,2026-07-06,2002,MAIN,NEW,4,2027-12-31,0
loc-2003-06,2026-07-06,2003,MAIN,NEW,3,2027-12-31,0
loc-2004-06,2026-07-06,2004,MAIN,NEW,6,2027-12-31,0
loc-2005-06,2026-07-06,2005,MAIN,NEW,5,2027-12-31,0
loc-2006-06,2026-07-06,2006,MAIN,NEW,100,2027-12-31,0
loc-2007-06,2026-07-06,2007,MAIN,NEW,4,2027-12-31,0
loc-2008-06,2026-07-06,2008,MAIN,NEW,15,2027-12-31,0
loc-2001-07,2026-07-07,2001,MAIN,NEW,4,2027-12-31,0
loc-2002-07,2026-07-07,2002,MAIN,NEW,5,2027-12-31,0
loc-2003-07,2026-07-07,2003,MAIN,NEW,4,2027-12-31,0
loc-2004-07,2026-07-07,2004,MAIN,NEW,5,2027-12-31,0
loc-2005-07,2026-07-07,2005,MAIN,NEW,6,2027-12-31,0
loc-2006-07,2026-07-07,2006,MAIN,NEW,100,2027-12-31,0
loc-2007-07,2026-07-07,2007,MAIN,NEW,3,2027-12-31,0
loc-2008-07,2026-07-07,2008,MAIN,NEW,14,2027-12-31,0
loc-2001-08,2026-07-08,2001,MAIN,NEW,11,2027-12-31,0
loc-2002-08,2026-07-08,2002,MAIN,NEW,6,2027-12-31,0
loc-2003-08,2026-07-08,2003,MAIN,NEW,5,2027-12-31,0
loc-2004-08,2026-07-08,2004,MAIN,NEW,4,2027-12-31,0
loc-2005-08,2026-07-08,2005,MAIN,NEW,7,2027-12-31,0
loc-2006-08,2026-07-08,2006,MAIN,NEW,100,2027-12-31,0
loc-2007-08,2026-07-08,2007,MAIN,NEW,10,2027-12-31,0
loc-2008-08,2026-07-08,2008,MAIN,NEW,13,2027-12-31,0
loc-2001-09,2026-07-09,2001,MAIN,NEW,10,2027-12-31,0
loc-2002-09,2026-07-09,2002,MAIN,NEW,7,2027-12-31,0
loc-2003-09,2026-07-09,2003,MAIN,NEW,6,2027-12-31,0
loc-2004-09,2026-07-09,2004,MAIN,NEW,12,2027-12-31,0
loc-2005-09,2026-07-09,2005,MAIN,NEW,8,2027-12-31,0
loc-2006-09,2026-07-09,2006,MAIN,NEW,100,2027-12-31,0
loc-2007-09,2026-07-09,2007,MAIN,NEW,9,2027-12-31,0
loc-2008-09,2026-07-09,2008,MAIN,NEW,12,2027-12-31,0
loc-2001-10,2026-07-10,2001,MAIN,NEW,9,2027-12-31,0
loc-2002-10,2026-07-10,2002,MAIN,NEW,8,2027-12-31,0
loc-2003-10,2026-07-10,2003,MAIN,NEW,2,2027-12-31,0
loc-2004-10,2026-07-10,2004,MAIN,NEW,11,2027-12-31,0
loc-2005-10,2026-07-10,2005,MAIN,NEW,4,2027-12-31,0
loc-2006-10,2026-07-10,2006,MAIN,NEW,100,2027-12-31,0
loc-2007-10,2026-07-10,2007,MAIN,NEW,8,2027-12-31,0
loc-2008-10,2026-07-10,2008,MAIN,NEW,21,2027-12-31,0
loc-2001-11,2026-07-11,2001,MAIN,NEW,8,2027-12-31,0
loc-2002-11,2026-07-11,2002,MAIN,NEW,9,2027-12-31,0
loc-2003-11,2026-07-11,2003,MAIN,NEW,3,2027-12-31,0
loc-2004-11,2026-07-11,2004,MAIN,NEW,10,2027-12-31,0
loc-2005-11,2026-07-11,2005,MAIN,NEW,5,2027-12-31,0
loc-2006-11,2026-07-11,2006,MAIN,NEW,100,2027-12-31,0
loc-2007-11,2026-07-11,2007,MAIN,NEW,7,2027-12-31,0
loc-2008-11,2026-07-11,2008,MAIN,NEW,20,2027-12-31,0
loc-2001-12,2026-07-12,2001,MAIN,NEW,7,2027-12-31,0
loc-2002-12,2026-07-12,2002,MAIN,NEW,4,2027-12-31,0
loc-2003-12,2026-07-12,2003,MAIN,NEW,4,2027-12-31,0
loc-2004-12,2026-07-12,2004,MAIN,NEW,9,2027-12-31,0
loc-2005-12,2026-07-12,2005,MAIN,NEW,6,2027-12-31,0
loc-2006-12,2026-07-12,2006,MAIN,NEW,100,2027-12-31,0
loc-2007-12,2026-07-12,2007,MAIN,NEW,6,2027-12-31,0
loc-2008-12,2026-07-12,2008,MAIN,NEW,19,2027-12-31,0
loc-2001-13,2026-07-13,2001,MAIN,NEW,6,2027-12-31,0
loc-2002-13,2026-07-13,2002,MAIN,NEW,5,2027-12-31,0
loc-2003-13,2026-07-13,2003,MAIN,NEW,5,2027-12-31,0
loc-2004-13,2026-07-13,2004,MAIN,NEW,8,2027-12-31,0
loc-2005-13,2026-07-13,2005,MAIN,NEW,7,2027-12-31,0
loc-2006-13,2026-07-13,2006,MAIN,NEW,100,2027-12-31,0
loc-2007-13,2026-07-13,2007,MAIN,NEW,5,2027-12-31,0
loc-2008-13,2026-07-13,2008,MAIN,NEW,18,2027-12-31,0
loc-2001-14,2026-07-14,2001,MAIN,NEW,5,2027-12-31,0
loc-2002-14,2026-07-14,2002,MAIN,NEW,6,2027-12-31,0
loc-2003-14,2026-07-14,2003,MAIN,NEW,6,2027-12-31,0
loc-2004-14,2026-07-14,2004,MAIN,NEW,7,2027-12-31,0
loc-2005-14,2026-07-14,2005,MAIN,NEW,8,2027-12-31,0
loc-2006-14,2026-07-14,2006,MAIN,NEW,100,2027-12-31,0
loc-2007-14,2026-07-14,2007,MAIN,NEW,4,2027-12-31,0
loc-2008-14,2026-07-14,2008,MAIN,NEW,17,2027-12-31,0
loc-2001-15,2026-07-15,2001,MAIN,NEW,4,2027-12-31,0
loc-2002-15,2026-07-15,2002,MAIN,NEW,7,2027-12-31,0
loc-2003-15,2026-07-15,2003,MAIN,NEW,2,2027-12-31,0
loc-2004-15,2026-07-15,2004,MAIN,NEW,6,2027-12-31,0
loc-2005-15,2026-07-15,2005,MAIN,NEW,4,2027-12-31,0
loc-2006-15,2026-07-15,2006,MAIN,NEW,100,2027-12-31,0
loc-2007-15,2026-07-15,2007,MAIN,NEW,3,2027-12-31,0
loc-2008-15,2026-07-15,2008,MAIN,NEW,16,2027-12-31,0
loc-2001-16,2026-07-16,2001,MAIN,NEW,11,2027-12-31,0
loc-2002-16,2026-07-16,2002,MAIN,NEW,8,2027-12-31,0
loc-2003-16,2026-07-16,2003,MAIN,NEW,3,2027-12-31,0
loc-2004-16,2026-07-16,2004,MAIN,NEW,5,2027-12-31,0
loc-2005-16,2026-07-16,2005,MAIN,NEW,5,2027-12-31,0
loc-2006-16,2026-07-16,2006,MAIN,NEW,100,2027-12-31,0
loc-2007-16,2026-07-16,2007,MAIN,NEW,10,2027-12-31,0
loc-2008-16,2026-07-16,2008,MAIN,NEW,15,2027-12-31,0
loc-2001-17,2026-07-17,2001,MAIN,NEW,10,2027-12-31,0
loc-2002-17,2026-07-17,2002,MAIN,NEW,9,2027-12-31,0
loc-2003-17,2026-07-17,2003,MAIN,NEW,4,2027-12-31,0
loc-2004-17,2026-07-17,2004,MAIN,NEW,4,2027-12-31,0
loc-2005-17,2026-07-17,2005,MAIN,NEW,6,2027-12-31,0
loc-2006-17,2026-07-17,2006,MAIN,NEW,100,2027-12-31,0
loc-2007-17,2026-07-17,2007,MAIN,NEW,9,2027-12-31,0
loc-2008-17,2026-07-17,2008,MAIN,NEW,14,2027-12-31,0
loc-2001-18,2026-07-18,2001,MAIN,NEW,9,2027-12-31,0
loc-2002-18,2026-07-18,2002,MAIN,NEW,4,2027-12-31,0
loc-2003-18,2026-07-18,2003,MAIN,NEW,5,2027-12-31,0
loc-2004-18,2026-07-18,2004,MAIN,NEW,12,2027-12-31,0
loc-2005-18,2026-07-18,2005,MAIN,NEW,7,2027-12-31,0
loc-2006-18,2026-07-18,2006,MAIN,NEW,100,2027-12-31,0
loc-2007-18,2026-07-18,2007,MAIN,NEW,8,2027-12-31,0
loc-2008-18,2026-07-18,2008,MAIN,NEW,13,2027-12-31,0
loc-2001-19,2026-07-19,2001,MAIN,NEW,8,2027-12-31,0
loc-2002-19,2026-07-19,2002,MAIN,NEW,5,2027-12-31,0
loc-2003-19,2026-07-19,2003,MAIN,NEW,6,2027-12-31,0
loc-2004-19,2026-07-19,2004,MAIN,NEW,11,2027-12-31,0
loc-2005-19,2026-07-19,2005,MAIN,NEW,8,2027-12-31,0
loc-2006-19,2026-07-19,2006,MAIN,NEW,100,2027-12-31,0
loc-2007-19,2026-07-19,2007,MAIN,NEW,7,2027-12-31,0
loc-2008-19,2026-07-19,2008,MAIN,NEW,12,2027-12-31,0
loc-2001-20,2026-07-20,2001,MAIN,NEW,7,2027-12-31,0
loc-2002-20,2026-07-20,2002,MAIN,NEW,6,2027-12-31,0
loc-2003-20,2026-07-20,2003,MAIN,NEW,2,2027-12-31,0
loc-2004-20,2026-07-20,2004,MAIN,NEW,10,2027-12-31,0
loc-2005-20,2026-07-20,2005,MAIN,NEW,4,2027-12-31,0
loc-2006-20,2026-07-20,2006,MAIN,NEW,100,2027-12-31,0
loc-2007-20,2026-07-20,2007,MAIN,NEW,6,2027-12-31,0
loc-2008-20,2026-07-20,2008,MAIN,NEW,21,2027-12-31,0
loc-2001-21,2026-07-21,2001,MAIN,NEW,6,2027-12-31,0
loc-2002-21,2026-07-21,2002,MAIN,NEW,7,2027-12-31,0
loc-2003-21,2026-07-21,2003,MAIN,NEW,3,2027-12-31,0
loc-2004-21,2026-07-21,2004,MAIN,NEW,9,2027-12-31,0
loc-2005-21,2026-07-21,2005,MAIN,NEW,5,2027-12-31,0
loc-2006-21,2026-07-21,2006,MAIN,NEW,100,2027-12-31,0
loc-2007-21,2026-07-21,2007,MAIN,NEW,5,2027-12-31,0
loc-2008-21,2026-07-21,2008,MAIN,NEW,20,2027-12-31,0
loc-2001-22,2026-07-22,2001,MAIN,NEW,5,2027-12-31,0
loc-2002-22,2026-07-22,2002,MAIN,NEW,8,2027-12-31,0
loc-2003-22,2026-07-22,2003,MAIN,NEW,4,2027-12-31,0
loc-2004-22,2026-07-22,2004,MAIN,NEW,8,2027-12-31,0
loc-2005-22,2026-07-22,2005,MAIN,NEW,6,2027-12-31,0
loc-2006-22,2026-07-22,2006,MAIN,NEW,100,2027-12-31,0
loc-2007-22,2026-07-22,2007,MAIN,NEW,4,2027-12-31,0
loc-2008-22,2026-07-22,2008,MAIN,NEW,19,2027-12-31,0
loc-2001-23,2026-07-23,2001,MAIN,NEW,4,2027-12-31,0
loc-2002-23,2026-07-23,2002,MAIN,NEW,9,2027-12-31,0
loc-2003-23,2026-07-23,2003,MAIN,NEW,5,2027-12-31,0
loc-2004-23,2026-07-23,2004,MAIN,NEW,7,2027-12-31,0
loc-2005-23,2026-07-23,2005,MAIN,NEW,7,2027-12-31,0
loc-2006-23,2026-07-23,2006,MAIN,NEW,100,2027-12-31,0
loc-2007-23,2026-07-23,2007,MAIN,NEW,3,2027-12-31,0
loc-2008-23,2026-07-23,2008,MAIN,NEW,18,2027-12-31,0
loc-2001-24,2026-07-24,2001,MAIN,NEW,11,2027-12-31,0
loc-2002-24,2026-07-24,2002,MAIN,NEW,4,2027-12-31,0
loc-2003-24,2026-07-24,2003,MAIN,NEW,6,2027-12-31,0
loc-2004-24,2026-07-24,2004,MAIN,NEW,6,2027-12-31,0
loc-2005-24,2026-07-24,2005,MAIN,NEW,8,2027-12-31,0
loc-2006-24,2026-07-24,2006,MAIN,NEW,100,2027-12-31,0
loc-2007-24,2026-07-24,2007,MAIN,NEW,10,2027-12-31,0
loc-2008-24,2026-07-24,2008,MAIN,NEW,17,2027-12-31,0
loc-2001-25,2026-07-25,2001,MAIN,NEW,10,2027-12-31,0
loc-2002-25,2026-07-25,2002,MAIN,NEW,5,2027-12-31,0
loc-2003-25,2026-07-25,2003,MAIN,NEW,2,2027-12-31,0
loc-2004-25,2026-07-25,2004,MAIN,NEW,5,2027-12-31,0
loc-2005-25,2026-07-25,2005,MAIN,NEW,4,2027-12-31,0
loc-2006-25,2026-07-25,2006,MAIN,NEW,100,2027-12-31,0
loc-2007-25,2026-07-25,2007,MAIN,NEW,9,2027-12-31,0
loc-2008-25,2026-07-25,2008,MAIN,NEW,16,2027-12-31,0
loc-2001-26,2026-07-26,2001,MAIN,NEW,9,2027-12-31,0
loc-2002-26,2026-07-26,2002,MAIN,NEW,6,2027-12-31,0
loc-2003-26,2026-07-26,2003,MAIN,NEW,3,2027-12-31,0
loc-2004-26,2026-07-26,2004,MAIN,NEW,4,2027-12-31,0
loc-2005-26,2026-07-26,2005,MAIN,NEW,5,2027-12-31,0
loc-2006-26,2026-07-26,2006,MAIN,NEW,100,2027-12-31,0
loc-2007-26,2026-07-26,2007,MAIN,NEW,8,2027-12-31,0
loc-2008-26,2026-07-26,2008,MAIN,NEW,15,2027-12-31,0
loc-2001-27,2026-07-27,2001,MAIN,NEW,8,2027-12-31,0
loc-2002-27,2026-07-27,2002,MAIN,NEW,7,2027-12-31,0
loc-2003-27,2026-07-27,2003,MAIN,NEW,4,2027-12-31,0
loc-2004-27,2026-07-27,2004,MAIN,NEW,12,2027-12-31,0
loc-2005-27,2026-07-27,2005,MAIN,NEW,6,2027-12-31,0
loc-2006-27,2026-07-27,2006,MAIN,NEW,100,2027-12-31,0
loc-2007-27,2026-07-27,2007,MAIN,NEW,7,2027-12-31,0
loc-2008-27,2026-07-27,2008,MAIN,NEW,14,2027-12-31,0
loc-2001-28,2026-07-28,2001,MAIN,NEW,7,2027-12-31,0
loc-2002-28,2026-07-28,2002,MAIN,NEW,8,2027-12-31,0
loc-2003-28,2026-07-28,2003,MAIN,NEW,5,2027-12-31,0
loc-2004-28,2026-07-28,2004,MAIN,NEW,11,2027-12-31,0
loc-2005-28,2026-07-28,2005,MAIN,NEW,7,2027-12-31,0
loc-2006-28,2026-07-28,2006,MAIN,NEW,100,2027-12-31,0
loc-2007-28,2026-07-28,2007,MAIN,NEW,6,2027-12-31,0
loc-2008-28,2026-07-28,2008,MAIN,NEW,13,2027-12-31,0
loc-2001-29,2026-07-29,2001,MAIN,NEW,6,2027-12-31,0
loc-2002-29,2026-07-29,2002,MAIN,NEW,9,2027-12-31,0
loc-2003-29,2026-07-29,2003,MAIN,NEW,6,2027-12-31,0
loc-2004-29,2026-07-29,2004,MAIN,NEW,10,2027-12-31,0
loc-2005-29,2026-07-29,2005,MAIN,NEW,8,2027-12-31,0
loc-2006-29,2026-07-29,2006,MAIN,NEW,100,2027-12-31,0
loc-2007-29,2026-07-29,2007,MAIN,NEW,5,2027-12-31,0
loc-2008-29,2026-07-29,2008,MAIN,NEW,12,2027-12-31,0
loc-2001-30,2026-07-30,2001,MAIN,NEW,5,2027-12-31,0
loc-2002-30,2026-07-30,2002,MAIN,NEW,4,2027-12-31,0
loc-2003-30,2026-07-30,2003,MAIN,NEW,2,2027-12-31,0
loc-2004-30,2026-07-30,2004,MAIN,NEW,9,2027-12-31,0
loc-2005-30,2026-07-30,2005,MAIN,NEW,4,2027-12-31,0
loc-2006-30,2026-07-30,2006,MAIN,NEW,100,2027-12-31,0
loc-2007-30,2026-07-30,2007,MAIN,NEW,4,2027-12-31,0
loc-2008-30,2026-07-30,2008,MAIN,NEW,21,2027-12-31,0
loc-2001-31,2026-07-31,2001,MAIN,NEW,4,2027-12-31,0
loc-2002-31,2026-07-31,2002,MAIN,NEW,5,2027-12-31,0
loc-2003-31,2026-07-31,2003,MAIN,NEW,3,2027-12-31,0
loc-2004-31,2026-07-31,2004,MAIN,NEW,8,2027-12-31,0
loc-2005-31,2026-07-31,2005,MAIN,NEW,5,2027-12-31,0
loc-2006-31,2026-07-31,2006,MAIN,NEW,100,2027-12-31,0
loc-2007-31,2026-07-31,2007,MAIN,NEW,3,2027-12-31,0
loc-2008-31,2026-07-31,2008,MAIN,NEW,20,2027-12-31,0
nloc-3000-01,2026-07-01,3000,MAIN,NEW,79,2028-12-31,0
nloc-3000-02,2026-07-02,3000,MAIN,NEW,75,2028-12-31,0
nloc-3000-03,2026-07-03,3000,MAIN,NEW,76,2028-12-31,0
nloc-3000-03-b,2026-07-03,3000,DAMAGED,B_STOCK,12,2028-12-31,0
nloc-3000-04,2026-07-04,3000,MAIN,NEW,71,2028-12-31,0
nloc-3000-05,2026-07-05,3000,MAIN,NEW,67,2028-12-31,0
nloc-3000-05-s,2026-07-05,3000,SECONDARY,NEW,5,2028-12-31,0
nloc-3000-06,2026-07-06,3000,MAIN,NEW,78,2028-12-31,0
nloc-3000-07,2026-07-07,3000,MAIN,NEW,71,2028-12-31,0
nloc-3000-08,2026-07-08,3000,MAIN,NEW,69,2028-12-31,0
nloc-3000-09,2026-07-09,3000,MAIN,NEW,75,2028-12-31,0
nloc-3000-10,2026-07-10,3000,MAIN,NEW,65,2028-12-31,0
nloc-3000-10-s,2026-07-10,3000,SECONDARY,NEW,8,2028-12-31,0
nloc-3000-11,2026-07-11,3000,MAIN,NEW,70,2028-12-31,0
nloc-3000-12,2026-07-12,3000,MAIN,NEW,66,2028-12-31,0
nloc-3000-13,2026-07-13,3000,MAIN,NEW,70,2028-12-31,0
nloc-3000-14,2026-07-14,3000,MAIN,NEW,62,2028-12-31,0
nloc-3000-14-b,2026-07-14,3000,DAMAGED,B_STOCK,4,2028-12-31,0
nloc-3000-15,2026-07-15,3000,MAIN,NEW,78,2028-12-31,0
nloc-3000-15-s,2026-07-15,3000,SECONDARY,NEW,9,2028-12-31,0
nloc-3000-16,2026-07-16,3000,MAIN,NEW,78,2028-12-31,0
nloc-3000-16-x,2026-07-16,3000,MAIN,NEW,19,2025-06-30,1
nloc-3000-17,2026-07-17,3000,MAIN,NEW,65,2028-12-31,0
nloc-3000-18,2026-07-18,3000,MAIN,NEW,68,2028-12-31,0
nloc-3000-19,2026-07-19,3000,MAIN,NEW,59,2028-12-31,0
nloc-3000-20,2026-07-20,3000,MAIN,NEW,78,2028-12-31,0
nloc-3000-20-s,2026-07-20,3000,SECONDARY,NEW,7,2028-12-31,0
nloc-3000-21,2026-07-21,3000,MAIN,NEW,69,2028-12-31,0
nloc-3000-22,2026-07-22,3000,MAIN,NEW,67,2028-12-31,0
nloc-3000-23,2026-07-23,3000,MAIN,NEW,58,2028-12-31,0
nloc-3000-24,2026-07-24,3000,MAIN,NEW,52,2028-12-31,0
nloc-3000-25,2026-07-25,3000,MAIN,NEW,51,2028-12-31,0
nloc-3000-25-s,2026-07-25,3000,SECONDARY,NEW,6,2028-12-31,0
nloc-3000-25-b,2026-07-25,3000,DAMAGED,B_STOCK,4,2028-12-31,0
nloc-3000-26,2026-07-26,3000,MAIN,NEW,58,2028-12-31,0
nloc-3000-27,2026-07-27,3000,MAIN,NEW,66,2028-12-31,0
nloc-3000-28,2026-07-28,3000,MAIN,NEW,52,2028-12-31,0
nloc-3000-29,2026-07-29,3000,MAIN,NEW,53,2028-12-31,0
nloc-3000-30,2026-07-30,3000,MAIN,NEW,48,2028-12-31,0
nloc-3000-30-s,2026-07-30,3000,SECONDARY,NEW,8,2028-12-31,0
nloc-3000-31,2026-07-31,3000,MAIN,NEW,69,2028-12-31,0
nloc-3001-01,2026-07-01,3001,MAIN,NEW,107,2028-12-31,0
nloc-3001-02,2026-07-02,3001,MAIN,NEW,101,2028-12-31,0
nloc-3001-02-b,2026-07-02,3001,DAMAGED,B_STOCK,7,2028-12-31,0
nloc-3001-03,2026-07-03,3001,MAIN,NEW,106,2028-12-31,0
nloc-3001-04,2026-07-04,3001,MAIN,NEW,103,2028-12-31,0
nloc-3001-04-s,2026-07-04,3001,SECONDARY,NEW,6,2028-12-31,0
nloc-3001-05,2026-07-05,3001,MAIN,NEW,103,2028-12-31,0
nloc-3001-06,2026-07-06,3001,MAIN,NEW,95,2028-12-31,0
nloc-3001-07,2026-07-07,3001,MAIN,NEW,102,2028-12-31,0
nloc-3001-08,2026-07-08,3001,MAIN,NEW,106,2028-12-31,0
nloc-3001-09,2026-07-09,3001,MAIN,NEW,97,2028-12-31,0
nloc-3001-09-s,2026-07-09,3001,SECONDARY,NEW,3,2028-12-31,0
nloc-3001-10,2026-07-10,3001,MAIN,NEW,90,2028-12-31,0
nloc-3001-11,2026-07-11,3001,MAIN,NEW,98,2028-12-31,0
nloc-3001-12,2026-07-12,3001,MAIN,NEW,97,2028-12-31,0
nloc-3001-13,2026-07-13,3001,MAIN,NEW,93,2028-12-31,0
nloc-3001-13-b,2026-07-13,3001,DAMAGED,B_STOCK,7,2028-12-31,0
nloc-3001-14,2026-07-14,3001,MAIN,NEW,83,2028-12-31,0
nloc-3001-14-s,2026-07-14,3001,SECONDARY,NEW,4,2028-12-31,0
nloc-3001-15,2026-07-15,3001,MAIN,NEW,92,2028-12-31,0
nloc-3001-15-x,2026-07-15,3001,MAIN,NEW,22,2025-06-30,1
nloc-3001-16,2026-07-16,3001,MAIN,NEW,83,2028-12-31,0
nloc-3001-17,2026-07-17,3001,MAIN,NEW,80,2028-12-31,0
nloc-3001-18,2026-07-18,3001,MAIN,NEW,97,2028-12-31,0
nloc-3001-19,2026-07-19,3001,MAIN,NEW,91,2028-12-31,0
nloc-3001-19-s,2026-07-19,3001,SECONDARY,NEW,3,2028-12-31,0
nloc-3001-20,2026-07-20,3001,MAIN,NEW,93,2028-12-31,0
nloc-3001-21,2026-07-21,3001,MAIN,NEW,95,2028-12-31,0
nloc-3001-22,2026-07-22,3001,MAIN,NEW,95,2028-12-31,0
nloc-3001-23,2026-07-23,3001,MAIN,NEW,93,2028-12-31,0
nloc-3001-24,2026-07-24,3001,MAIN,NEW,88,2028-12-31,0
nloc-3001-24-s,2026-07-24,3001,SECONDARY,NEW,7,2028-12-31,0
nloc-3001-24-b,2026-07-24,3001,DAMAGED,B_STOCK,14,2028-12-31,0
nloc-3001-25,2026-07-25,3001,MAIN,NEW,80,2028-12-31,0
nloc-3001-26,2026-07-26,3001,MAIN,NEW,81,2028-12-31,0
nloc-3001-27,2026-07-27,3001,MAIN,NEW,68,2028-12-31,0
nloc-3001-28,2026-07-28,3001,MAIN,NEW,102,2028-12-31,0
nloc-3001-29,2026-07-29,3001,MAIN,NEW,76,2028-12-31,0
nloc-3001-29-s,2026-07-29,3001,SECONDARY,NEW,2,2028-12-31,0
nloc-3001-30,2026-07-30,3001,MAIN,NEW,72,2028-12-31,0
nloc-3001-31,2026-07-31,3001,MAIN,NEW,60,2028-12-31,0
nloc-3002-01,2026-07-01,3002,MAIN,NEW,50,2028-12-31,0
nloc-3002-01-b,2026-07-01,3002,DAMAGED,B_STOCK,2,2028-12-31,0
nloc-3002-02,2026-07-02,3002,MAIN,NEW,60,2028-12-31,0
nloc-3002-03,2026-07-03,3002,MAIN,NEW,61,2028-12-31,0
nloc-3002-03-s,2026-07-03,3002,SECONDARY,NEW,8,2028-12-31,0
nloc-3002-04,2026-07-04,3002,MAIN,NEW,48,2028-12-31,0
nloc-3002-05,2026-07-05,3002,MAIN,NEW,52,2028-12-31,0
nloc-3002-06,2026-07-06,3002,MAIN,NEW,53,2028-12-31,0
nloc-3002-07,2026-07-07,3002,MAIN,NEW,61,2028-12-31,0
nloc-3002-08,2026-07-08,3002,MAIN,NEW,52,2028-12-31,0
nloc-3002-08-s,2026-07-08,3002,SECONDARY,NEW,5,2028-12-31,0
nloc-3002-09,2026-07-09,3002,MAIN,NEW,54,2028-12-31,0
nloc-3002-10,2026-07-10,3002,MAIN,NEW,47,2028-12-31,0
nloc-3002-11,2026-07-11,3002,MAIN,NEW,48,2028-12-31,0
nloc-3002-12,2026-07-12,3002,MAIN,NEW,48,2028-12-31,0
nloc-3002-12-b,2026-07-12,3002,DAMAGED,B_STOCK,9,2028-12-31,0
nloc-3002-13,2026-07-13,3002,MAIN,NEW,52,2028-12-31,0
nloc-3002-13-s,2026-07-13,3002,SECONDARY,NEW,7,2028-12-31,0
nloc-3002-14,2026-07-14,3002,MAIN,NEW,49,2028-12-31,0
nloc-3002-14-x,2026-07-14,3002,MAIN,NEW,15,2025-06-30,1
nloc-3002-15,2026-07-15,3002,MAIN,NEW,49,2028-12-31,0
nloc-3002-16,2026-07-16,3002,MAIN,NEW,55,2028-12-31,0
nloc-3002-17,2026-07-17,3002,MAIN,NEW,54,2028-12-31,0
nloc-3002-18,2026-07-18,3002,MAIN,NEW,54,2028-12-31,0
nloc-3002-18-s,2026-07-18,3002,SECONDARY,NEW,5,2028-12-31,0
nloc-3002-19,2026-07-19,3002,MAIN,NEW,47,2028-12-31,0
nloc-3002-20,2026-07-20,3002,MAIN,NEW,33,2028-12-31,0
nloc-3002-21,2026-07-21,3002,MAIN,NEW,50,2028-12-31,0
nloc-3002-22,2026-07-22,3002,MAIN,NEW,55,2028-12-31,0
nloc-3002-23,2026-07-23,3002,MAIN,NEW,43,2028-12-31,0
nloc-3002-23-s,2026-07-23,3002,SECONDARY,NEW,6,2028-12-31,0
nloc-3002-23-b,2026-07-23,3002,DAMAGED,B_STOCK,2,2028-12-31,0
nloc-3002-24,2026-07-24,3002,MAIN,NEW,38,2028-12-31,0
nloc-3002-25,2026-07-25,3002,MAIN,NEW,48,2028-12-31,0
nloc-3002-26,2026-07-26,3002,MAIN,NEW,37,2028-12-31,0
nloc-3002-27,2026-07-27,3002,MAIN,NEW,42,2028-12-31,0
nloc-3002-28,2026-07-28,3002,MAIN,NEW,42,2028-12-31,0
nloc-3002-28-s,2026-07-28,3002,SECONDARY,NEW,7,2028-12-31,0
nloc-3002-29,2026-07-29,3002,MAIN,NEW,52,2028-12-31,0
nloc-3002-30,2026-07-30,3002,MAIN,NEW,23,2028-12-31,0
nloc-3002-31,2026-07-31,3002,MAIN,NEW,37,2028-12-31,0
nloc-3003-01,2026-07-01,3003,MAIN,NEW,73,2028-12-31,0
nloc-3003-02,2026-07-02,3003,MAIN,NEW,67,2028-12-31,0
nloc-3003-02-s,2026-07-02,3003,SECONDARY,NEW,4,2028-12-31,0
nloc-3003-03,2026-07-03,3003,MAIN,NEW,61,2028-12-31,0
nloc-3003-04,2026-07-04,3003,MAIN,NEW,60,2028-12-31,0
nloc-3003-05,2026-07-05,3003,MAIN,NEW,71,2028-12-31,0
nloc-3003-06,2026-07-06,3003,MAIN,NEW,68,2028-12-31,0
nloc-3003-07,2026-07-07,3003,MAIN,NEW,60,2028-12-31,0
nloc-3003-07-s,2026-07-07,3003,SECONDARY,NEW,5,2028-12-31,0
nloc-3003-08,2026-07-08,3003,MAIN,NEW,66,2028-12-31,0
nloc-3003-09,2026-07-09,3003,MAIN,NEW,62,2028-12-31,0
nloc-3003-10,2026-07-10,3003,MAIN,NEW,60,2028-12-31,0
nloc-3003-11,2026-07-11,3003,MAIN,NEW,63,2028-12-31,0
nloc-3003-11-b,2026-07-11,3003,DAMAGED,B_STOCK,10,2028-12-31,0
nloc-3003-12,2026-07-12,3003,MAIN,NEW,57,2028-12-31,0
nloc-3003-12-s,2026-07-12,3003,SECONDARY,NEW,10,2028-12-31,0
nloc-3003-13,2026-07-13,3003,MAIN,NEW,64,2028-12-31,0
nloc-3003-13-x,2026-07-13,3003,MAIN,NEW,24,2025-06-30,1
nloc-3003-14,2026-07-14,3003,MAIN,NEW,49,2028-12-31,0
nloc-3003-15,2026-07-15,3003,MAIN,NEW,57,2028-12-31,0
nloc-3003-16,2026-07-16,3003,MAIN,NEW,56,2028-12-31,0
nloc-3003-17,2026-07-17,3003,MAIN,NEW,53,2028-12-31,0
nloc-3003-17-s,2026-07-17,3003,SECONDARY,NEW,9,2028-12-31,0
nloc-3003-18,2026-07-18,3003,MAIN,NEW,60,2028-12-31,0
nloc-3003-19,2026-07-19,3003,MAIN,NEW,52,2028-12-31,0
nloc-3003-20,2026-07-20,3003,MAIN,NEW,65,2028-12-31,0
nloc-3003-21,2026-07-21,3003,MAIN,NEW,37,2028-12-31,0
nloc-3003-22,2026-07-22,3003,MAIN,NEW,48,2028-12-31,0
nloc-3003-22-s,2026-07-22,3003,SECONDARY,NEW,3,2028-12-31,0
nloc-3003-22-b,2026-07-22,3003,DAMAGED,B_STOCK,11,2028-12-31,0
nloc-3003-23,2026-07-23,3003,MAIN,NEW,55,2028-12-31,0
nloc-3003-24,2026-07-24,3003,MAIN,NEW,36,2028-12-31,0
nloc-3003-25,2026-07-25,3003,MAIN,NEW,55,2028-12-31,0
nloc-3003-26,2026-07-26,3003,MAIN,NEW,47,2028-12-31,0
nloc-3003-27,2026-07-27,3003,MAIN,NEW,59,2028-12-31,0
nloc-3003-27-s,2026-07-27,3003,SECONDARY,NEW,5,2028-12-31,0
nloc-3003-28,2026-07-28,3003,MAIN,NEW,64,2028-12-31,0
nloc-3003-29,2026-07-29,3003,MAIN,NEW,33,2028-12-31,0
nloc-3003-30,2026-07-30,3003,MAIN,NEW,66,2028-12-31,0
nloc-3003-31,2026-07-31,3003,MAIN,NEW,30,2028-12-31,0
nloc-3004-01,2026-07-01,3004,MAIN,NEW,92,2028-12-31,0
nloc-3004-01-s,2026-07-01,3004,SECONDARY,NEW,9,2028-12-31,0
nloc-3004-02,2026-07-02,3004,MAIN,NEW,79,2028-12-31,0
nloc-3004-03,2026-07-03,3004,MAIN,NEW,79,2028-12-31,0
nloc-3004-04,2026-07-04,3004,MAIN,NEW,82,2028-12-31,0
nloc-3004-05,2026-07-05,3004,MAIN,NEW,90,2028-12-31,0
nloc-3004-06,2026-07-06,3004,MAIN,NEW,83,2028-12-31,0
nloc-3004-06-s,2026-07-06,3004,SECONDARY,NEW,9,2028-12-31,0
nloc-3004-07,2026-07-07,3004,MAIN,NEW,87,2028-12-31,0
nloc-3004-08,2026-07-08,3004,MAIN,NEW,76,2028-12-31,0
nloc-3004-09,2026-07-09,3004,MAIN,NEW,83,2028-12-31,0
nloc-3004-10,2026-07-10,3004,MAIN,NEW,86,2028-12-31,0
nloc-3004-10-b,2026-07-10,3004,DAMAGED,B_STOCK,15,2028-12-31,0
nloc-3004-11,2026-07-11,3004,MAIN,NEW,69,2028-12-31,0
nloc-3004-11-s,2026-07-11,3004,SECONDARY,NEW,1,2028-12-31,0
nloc-3004-12,2026-07-12,3004,MAIN,NEW,80,2028-12-31,0
nloc-3004-12-x,2026-07-12,3004,MAIN,NEW,30,2025-06-30,1
nloc-3004-13,2026-07-13,3004,MAIN,NEW,84,2028-12-31,0
nloc-3004-14,2026-07-14,3004,MAIN,NEW,80,2028-12-31,0
nloc-3004-15,2026-07-15,3004,MAIN,NEW,73,2028-12-31,0
nloc-3004-16,2026-07-16,3004,MAIN,NEW,64,2028-12-31,0
nloc-3004-16-s,2026-07-16,3004,SECONDARY,NEW,3,2028-12-31,0
nloc-3004-17,2026-07-17,3004,MAIN,NEW,82,2028-12-31,0
nloc-3004-18,2026-07-18,3004,MAIN,NEW,68,2028-12-31,0
nloc-3004-19,2026-07-19,3004,MAIN,NEW,73,2028-12-31,0
nloc-3004-20,2026-07-20,3004,MAIN,NEW,71,2028-12-31,0
nloc-3004-21,2026-07-21,3004,MAIN,NEW,60,2028-12-31,0
nloc-3004-21-s,2026-07-21,3004,SECONDARY,NEW,4,2028-12-31,0
nloc-3004-21-b,2026-07-21,3004,DAMAGED,B_STOCK,15,2028-12-31,0
nloc-3004-22,2026-07-22,3004,MAIN,NEW,76,2028-12-31,0
nloc-3004-23,2026-07-23,3004,MAIN,NEW,68,2028-12-31,0
nloc-3004-24,2026-07-24,3004,MAIN,NEW,83,2028-12-31,0
nloc-3004-25,2026-07-25,3004,MAIN,NEW,53,2028-12-31,0
nloc-3004-26,2026-07-26,3004,MAIN,NEW,79,2028-12-31,0
nloc-3004-26-s,2026-07-26,3004,SECONDARY,NEW,4,2028-12-31,0
nloc-3004-27,2026-07-27,3004,MAIN,NEW,47,2028-12-31,0
nloc-3004-28,2026-07-28,3004,MAIN,NEW,61,2028-12-31,0
nloc-3004-29,2026-07-29,3004,MAIN,NEW,73,2028-12-31,0
nloc-3004-30,2026-07-30,3004,MAIN,NEW,79,2028-12-31,0
nloc-3004-31,2026-07-31,3004,MAIN,NEW,79,2028-12-31,0
nloc-3004-31-s,2026-07-31,3004,SECONDARY,NEW,7,2028-12-31,0
nloc-3005-01,2026-07-01,3005,MAIN,NEW,94,2028-12-31,0
nloc-3005-02,2026-07-02,3005,MAIN,NEW,104,2028-12-31,0
nloc-3005-03,2026-07-03,3005,MAIN,NEW,90,2028-12-31,0
nloc-3005-04,2026-07-04,3005,MAIN,NEW,89,2028-12-31,0
nloc-3005-05,2026-07-05,3005,MAIN,NEW,86,2028-12-31,0
nloc-3005-05-s,2026-07-05,3005,SECONDARY,NEW,7,2028-12-31,0
nloc-3005-06,2026-07-06,3005,MAIN,NEW,90,2028-12-31,0
nloc-3005-07,2026-07-07,3005,MAIN,NEW,103,2028-12-31,0
nloc-3005-08,2026-07-08,3005,MAIN,NEW,90,2028-12-31,0
nloc-3005-09,2026-07-09,3005,MAIN,NEW,81,2028-12-31,0
nloc-3005-09-b,2026-07-09,3005,DAMAGED,B_STOCK,7,2028-12-31,0
nloc-3005-10,2026-07-10,3005,MAIN,NEW,87,2028-12-31,0
nloc-3005-10-s,2026-07-10,3005,SECONDARY,NEW,2,2028-12-31,0
nloc-3005-11,2026-07-11,3005,MAIN,NEW,92,2028-12-31,0
nloc-3005-11-x,2026-07-11,3005,MAIN,NEW,15,2025-06-30,1
nloc-3005-12,2026-07-12,3005,MAIN,NEW,92,2028-12-31,0
nloc-3005-13,2026-07-13,3005,MAIN,NEW,93,2028-12-31,0
nloc-3005-14,2026-07-14,3005,MAIN,NEW,86,2028-12-31,0
nloc-3005-15,2026-07-15,3005,MAIN,NEW,92,2028-12-31,0
nloc-3005-15-s,2026-07-15,3005,SECONDARY,NEW,10,2028-12-31,0
nloc-3005-16,2026-07-16,3005,MAIN,NEW,101,2028-12-31,0
nloc-3005-17,2026-07-17,3005,MAIN,NEW,83,2028-12-31,0
nloc-3005-18,2026-07-18,3005,MAIN,NEW,95,2028-12-31,0
nloc-3005-19,2026-07-19,3005,MAIN,NEW,83,2028-12-31,0
nloc-3005-20,2026-07-20,3005,MAIN,NEW,80,2028-12-31,0
nloc-3005-20-s,2026-07-20,3005,SECONDARY,NEW,6,2028-12-31,0
nloc-3005-20-b,2026-07-20,3005,DAMAGED,B_STOCK,6,2028-12-31,0
nloc-3005-21,2026-07-21,3005,MAIN,NEW,74,2028-12-31,0
nloc-3005-22,2026-07-22,3005,MAIN,NEW,72,2028-12-31,0
nloc-3005-23,2026-07-23,3005,MAIN,NEW,94,2028-12-31,0
nloc-3005-24,2026-07-24,3005,MAIN,NEW,71,2028-12-31,0
nloc-3005-25,2026-07-25,3005,MAIN,NEW,70,2028-12-31,0
nloc-3005-25-s,2026-07-25,3005,SECONDARY,NEW,8,2028-12-31,0
nloc-3005-26,2026-07-26,3005,MAIN,NEW,75,2028-12-31,0
nloc-3005-27,2026-07-27,3005,MAIN,NEW,94,2028-12-31,0
nloc-3005-28,2026-07-28,3005,MAIN,NEW,100,2028-12-31,0
nloc-3005-29,2026-07-29,3005,MAIN,NEW,61,2028-12-31,0
nloc-3005-30,2026-07-30,3005,MAIN,NEW,88,2028-12-31,0
nloc-3005-30-s,2026-07-30,3005,SECONDARY,NEW,3,2028-12-31,0
nloc-3005-31,2026-07-31,3005,MAIN,NEW,84,2028-12-31,0
nloc-3005-31-b,2026-07-31,3005,DAMAGED,B_STOCK,14,2028-12-31,0
nloc-3006-01,2026-07-01,3006,MAIN,NEW,24,2028-12-31,0
nloc-3006-02,2026-07-02,3006,MAIN,NEW,20,2028-12-31,0
nloc-3006-03,2026-07-03,3006,MAIN,NEW,20,2028-12-31,0
nloc-3006-04,2026-07-04,3006,MAIN,NEW,28,2028-12-31,0
nloc-3006-04-s,2026-07-04,3006,SECONDARY,NEW,9,2028-12-31,0
nloc-3006-05,2026-07-05,3006,MAIN,NEW,25,2028-12-31,0
nloc-3006-06,2026-07-06,3006,MAIN,NEW,27,2028-12-31,0
nloc-3006-07,2026-07-07,3006,MAIN,NEW,28,2028-12-31,0
nloc-3006-08,2026-07-08,3006,MAIN,NEW,16,2028-12-31,0
nloc-3006-08-b,2026-07-08,3006,DAMAGED,B_STOCK,8,2028-12-31,0
nloc-3006-09,2026-07-09,3006,MAIN,NEW,21,2028-12-31,0
nloc-3006-09-s,2026-07-09,3006,SECONDARY,NEW,5,2028-12-31,0
nloc-3006-10,2026-07-10,3006,MAIN,NEW,28,2028-12-31,0
nloc-3006-10-x,2026-07-10,3006,MAIN,NEW,6,2025-06-30,1
nloc-3006-11,2026-07-11,3006,MAIN,NEW,28,2028-12-31,0
nloc-3006-12,2026-07-12,3006,MAIN,NEW,22,2028-12-31,0
nloc-3006-13,2026-07-13,3006,MAIN,NEW,13,2028-12-31,0
nloc-3006-14,2026-07-14,3006,MAIN,NEW,23,2028-12-31,0
nloc-3006-14-s,2026-07-14,3006,SECONDARY,NEW,9,2028-12-31,0
nloc-3006-15,2026-07-15,3006,MAIN,NEW,25,2028-12-31,0
nloc-3006-16,2026-07-16,3006,MAIN,NEW,11,2028-12-31,0
nloc-3006-17,2026-07-17,3006,MAIN,NEW,19,2028-12-31,0
nloc-3006-18,2026-07-18,3006,MAIN,NEW,0,2028-12-31,0
nloc-3006-19,2026-07-19,3006,MAIN,NEW,7,2028-12-31,0
nloc-3006-19-s,2026-07-19,3006,SECONDARY,NEW,10,2028-12-31,0
nloc-3006-19-b,2026-07-19,3006,DAMAGED,B_STOCK,7,2028-12-31,0
nloc-3006-20,2026-07-20,3006,MAIN,NEW,3,2028-12-31,0
nloc-3006-21,2026-07-21,3006,MAIN,NEW,9,2028-12-31,0
nloc-3006-22,2026-07-22,3006,MAIN,NEW,16,2028-12-31,0
nloc-3006-23,2026-07-23,3006,MAIN,NEW,6,2028-12-31,0
nloc-3006-24,2026-07-24,3006,MAIN,NEW,13,2028-12-31,0
nloc-3006-24-s,2026-07-24,3006,SECONDARY,NEW,2,2028-12-31,0
nloc-3006-25,2026-07-25,3006,MAIN,NEW,9,2028-12-31,0
nloc-3006-26,2026-07-26,3006,MAIN,NEW,7,2028-12-31,0
nloc-3006-27,2026-07-27,3006,MAIN,NEW,10,2028-12-31,0
nloc-3006-28,2026-07-28,3006,MAIN,NEW,6,2028-12-31,0
nloc-3006-29,2026-07-29,3006,MAIN,NEW,2,2028-12-31,0
nloc-3006-29-s,2026-07-29,3006,SECONDARY,NEW,1,2028-12-31,0
nloc-3006-30,2026-07-30,3006,MAIN,NEW,20,2028-12-31,0
nloc-3006-30-b,2026-07-30,3006,DAMAGED,B_STOCK,1,2028-12-31,0
nloc-3006-31,2026-07-31,3006,MAIN,NEW,0,2028-12-31,0
nloc-3007-01,2026-07-01,3007,MAIN,NEW,15,2028-12-31,0
nloc-3007-02,2026-07-02,3007,MAIN,NEW,19,2028-12-31,0
nloc-3007-03,2026-07-03,3007,MAIN,NEW,13,2028-12-31,0
nloc-3007-03-s,2026-07-03,3007,SECONDARY,NEW,10,2028-12-31,0
nloc-3007-04,2026-07-04,3007,MAIN,NEW,12,2028-12-31,0
nloc-3007-05,2026-07-05,3007,MAIN,NEW,15,2028-12-31,0
nloc-3007-06,2026-07-06,3007,MAIN,NEW,16,2028-12-31,0
nloc-3007-07,2026-07-07,3007,MAIN,NEW,7,2028-12-31,0
nloc-3007-07-b,2026-07-07,3007,DAMAGED,B_STOCK,9,2028-12-31,0
nloc-3007-08,2026-07-08,3007,MAIN,NEW,19,2028-12-31,0
nloc-3007-08-s,2026-07-08,3007,SECONDARY,NEW,8,2028-12-31,0
nloc-3007-09,2026-07-09,3007,MAIN,NEW,14,2028-12-31,0
nloc-3007-09-x,2026-07-09,3007,MAIN,NEW,6,2025-06-30,1
nloc-3007-10,2026-07-10,3007,MAIN,NEW,17,2028-12-31,0
nloc-3007-11,2026-07-11,3007,MAIN,NEW,7,2028-12-31,0
nloc-3007-12,2026-07-12,3007,MAIN,NEW,2,2028-12-31,0
nloc-3007-13,2026-07-13,3007,MAIN,NEW,7,2028-12-31,0
nloc-3007-13-s,2026-07-13,3007,SECONDARY,NEW,2,2028-12-31,0
nloc-3007-14,2026-07-14,3007,MAIN,NEW,18,2028-12-31,0
nloc-3007-15,2026-07-15,3007,MAIN,NEW,3,2028-12-31,0
nloc-3007-16,2026-07-16,3007,MAIN,NEW,10,2028-12-31,0
nloc-3007-17,2026-07-17,3007,MAIN,NEW,11,2028-12-31,0
nloc-3007-18,2026-07-18,3007,MAIN,NEW,0,2028-12-31,0
nloc-3007-18-s,2026-07-18,3007,SECONDARY,NEW,5,2028-12-31,0
nloc-3007-18-b,2026-07-18,3007,DAMAGED,B_STOCK,9,2028-12-31,0
nloc-3007-19,2026-07-19,3007,MAIN,NEW,0,2028-12-31,0
nloc-3007-20,2026-07-20,3007,MAIN,NEW,0,2028-12-31,0
nloc-3007-21,2026-07-21,3007,MAIN,NEW,7,2028-12-31,0
nloc-3007-22,2026-07-22,3007,MAIN,NEW,3,2028-12-31,0
nloc-3007-23,2026-07-23,3007,MAIN,NEW,10,2028-12-31,0
nloc-3007-23-s,2026-07-23,3007,SECONDARY,NEW,7,2028-12-31,0
nloc-3007-24,2026-07-24,3007,MAIN,NEW,0,2028-12-31,0
nloc-3007-25,2026-07-25,3007,MAIN,NEW,7,2028-12-31,0
nloc-3007-26,2026-07-26,3007,MAIN,NEW,9,2028-12-31,0
nloc-3007-27,2026-07-27,3007,MAIN,NEW,16,2028-12-31,0
nloc-3007-28,2026-07-28,3007,MAIN,NEW,0,2028-12-31,0
nloc-3007-28-s,2026-07-28,3007,SECONDARY,NEW,7,2028-12-31,0
nloc-3007-29,2026-07-29,3007,MAIN,NEW,0,2028-12-31,0
nloc-3007-29-b,2026-07-29,3007,DAMAGED,B_STOCK,2,2028-12-31,0
nloc-3007-30,2026-07-30,3007,MAIN,NEW,8,2028-12-31,0
nloc-3007-31,2026-07-31,3007,MAIN,NEW,5,2028-12-31,0
nloc-3008-01,2026-07-01,3008,MAIN,NEW,99,2028-12-31,0
nloc-3008-02,2026-07-02,3008,MAIN,NEW,105,2028-12-31,0
nloc-3008-02-s,2026-07-02,3008,SECONDARY,NEW,3,2028-12-31,0
nloc-3008-03,2026-07-03,3008,MAIN,NEW,94,2028-12-31,0
nloc-3008-04,2026-07-04,3008,MAIN,NEW,104,2028-12-31,0
nloc-3008-05,2026-07-05,3008,MAIN,NEW,103,2028-12-31,0
nloc-3008-06,2026-07-06,3008,MAIN,NEW,101,2028-12-31,0
nloc-3008-06-b,2026-07-06,3008,DAMAGED,B_STOCK,1,2028-12-31,0
nloc-3008-07,2026-07-07,3008,MAIN,NEW,89,2028-12-31,0
nloc-3008-07-s,2026-07-07,3008,SECONDARY,NEW,10,2028-12-31,0
nloc-3008-08,2026-07-08,3008,MAIN,NEW,98,2028-12-31,0
nloc-3008-08-x,2026-07-08,3008,MAIN,NEW,8,2025-06-30,1
nloc-3008-09,2026-07-09,3008,MAIN,NEW,104,2028-12-31,0
nloc-3008-10,2026-07-10,3008,MAIN,NEW,91,2028-12-31,0
nloc-3008-11,2026-07-11,3008,MAIN,NEW,100,2028-12-31,0
nloc-3008-12,2026-07-12,3008,MAIN,NEW,90,2028-12-31,0
nloc-3008-12-s,2026-07-12,3008,SECONDARY,NEW,4,2028-12-31,0
nloc-3008-13,2026-07-13,3008,MAIN,NEW,88,2028-12-31,0
nloc-3008-14,2026-07-14,3008,MAIN,NEW,92,2028-12-31,0
nloc-3008-15,2026-07-15,3008,MAIN,NEW,100,2028-12-31,0
nloc-3008-16,2026-07-16,3008,MAIN,NEW,100,2028-12-31,0
nloc-3008-17,2026-07-17,3008,MAIN,NEW,89,2028-12-31,0
nloc-3008-17-s,2026-07-17,3008,SECONDARY,NEW,4,2028-12-31,0
nloc-3008-17-b,2026-07-17,3008,DAMAGED,B_STOCK,4,2028-12-31,0
nloc-3008-18,2026-07-18,3008,MAIN,NEW,85,2028-12-31,0
nloc-3008-19,2026-07-19,3008,MAIN,NEW,98,2028-12-31,0
nloc-3008-20,2026-07-20,3008,MAIN,NEW,84,2028-12-31,0
nloc-3008-21,2026-07-21,3008,MAIN,NEW,78,2028-12-31,0
nloc-3008-22,2026-07-22,3008,MAIN,NEW,92,2028-12-31,0
nloc-3008-22-s,2026-07-22,3008,SECONDARY,NEW,9,2028-12-31,0
nloc-3008-23,2026-07-23,3008,MAIN,NEW,66,2028-12-31,0
nloc-3008-24,2026-07-24,3008,MAIN,NEW,98,2028-12-31,0
nloc-3008-25,2026-07-25,3008,MAIN,NEW,79,2028-12-31,0
nloc-3008-26,2026-07-26,3008,MAIN,NEW,91,2028-12-31,0
nloc-3008-27,2026-07-27,3008,MAIN,NEW,76,2028-12-31,0
nloc-3008-27-s,2026-07-27,3008,SECONDARY,NEW,3,2028-12-31,0
nloc-3008-28,2026-07-28,3008,MAIN,NEW,92,2028-12-31,0
nloc-3008-28-b,2026-07-28,3008,DAMAGED,B_STOCK,5,2028-12-31,0
nloc-3008-29,2026-07-29,3008,MAIN,NEW,87,2028-12-31,0
nloc-3008-30,2026-07-30,3008,MAIN,NEW,69,2028-12-31,0
nloc-3008-31,2026-07-31,3008,MAIN,NEW,84,2028-12-31,0
nloc-3009-01,2026-07-01,3009,MAIN,NEW,17,2028-12-31,0
nloc-3009-01-s,2026-07-01,3009,SECONDARY,NEW,1,2028-12-31,0
nloc-3009-02,2026-07-02,3009,MAIN,NEW,20,2028-12-31,0
nloc-3009-03,2026-07-03,3009,MAIN,NEW,19,2028-12-31,0
nloc-3009-04,2026-07-04,3009,MAIN,NEW,8,2028-12-31,0
nloc-3009-05,2026-07-05,3009,MAIN,NEW,13,2028-12-31,0
nloc-3009-05-b,2026-07-05,3009,DAMAGED,B_STOCK,14,2028-12-31,0
nloc-3009-06,2026-07-06,3009,MAIN,NEW,20,2028-12-31,0
nloc-3009-06-s,2026-07-06,3009,SECONDARY,NEW,3,2028-12-31,0
nloc-3009-07,2026-07-07,3009,MAIN,NEW,13,2028-12-31,0
nloc-3009-07-x,2026-07-07,3009,MAIN,NEW,22,2025-06-30,1
nloc-3009-08,2026-07-08,3009,MAIN,NEW,9,2028-12-31,0
nloc-3009-09,2026-07-09,3009,MAIN,NEW,15,2028-12-31,0
nloc-3009-10,2026-07-10,3009,MAIN,NEW,4,2028-12-31,0
nloc-3009-11,2026-07-11,3009,MAIN,NEW,5,2028-12-31,0
nloc-3009-11-s,2026-07-11,3009,SECONDARY,NEW,7,2028-12-31,0
nloc-3009-12,2026-07-12,3009,MAIN,NEW,0,2028-12-31,0
nloc-3009-13,2026-07-13,3009,MAIN,NEW,5,2028-12-31,0
nloc-3009-14,2026-07-14,3009,MAIN,NEW,4,2028-12-31,0
nloc-3009-15,2026-07-15,3009,MAIN,NEW,20,2028-12-31,0
nloc-3009-16,2026-07-16,3009,MAIN,NEW,7,2028-12-31,0
nloc-3009-16-s,2026-07-16,3009,SECONDARY,NEW,1,2028-12-31,0
nloc-3009-16-b,2026-07-16,3009,DAMAGED,B_STOCK,3,2028-12-31,0
nloc-3009-17,2026-07-17,3009,MAIN,NEW,22,2028-12-31,0
nloc-3009-18,2026-07-18,3009,MAIN,NEW,6,2028-12-31,0
nloc-3009-19,2026-07-19,3009,MAIN,NEW,0,2028-12-31,0
nloc-3009-20,2026-07-20,3009,MAIN,NEW,9,2028-12-31,0
nloc-3009-21,2026-07-21,3009,MAIN,NEW,17,2028-12-31,0
nloc-3009-21-s,2026-07-21,3009,SECONDARY,NEW,4,2028-12-31,0
nloc-3009-22,2026-07-22,3009,MAIN,NEW,0,2028-12-31,0
nloc-3009-23,2026-07-23,3009,MAIN,NEW,6,2028-12-31,0
nloc-3009-24,2026-07-24,3009,MAIN,NEW,10,2028-12-31,0
nloc-3009-25,2026-07-25,3009,MAIN,NEW,0,2028-12-31,0
nloc-3009-26,2026-07-26,3009,MAIN,NEW,16,2028-12-31,0
nloc-3009-26-s,2026-07-26,3009,SECONDARY,NEW,10,2028-12-31,0
nloc-3009-27,2026-07-27,3009,MAIN,NEW,12,2028-12-31,0
nloc-3009-27-b,2026-07-27,3009,DAMAGED,B_STOCK,14,2028-12-31,0
nloc-3009-28,2026-07-28,3009,MAIN,NEW,0,2028-12-31,0
nloc-3009-29,2026-07-29,3009,MAIN,NEW,0,2028-12-31,0
nloc-3009-30,2026-07-30,3009,MAIN,NEW,0,2028-12-31,0
nloc-3009-31,2026-07-31,3009,MAIN,NEW,6,2028-12-31,0
nloc-3009-31-s,2026-07-31,3009,SECONDARY,NEW,5,2028-12-31,0
nloc-3010-01,2026-07-01,3010,MAIN,NEW,36,2028-12-31,0
nloc-3010-02,2026-07-02,3010,MAIN,NEW,37,2028-12-31,0
nloc-3010-03,2026-07-03,3010,MAIN,NEW,31,2028-12-31,0
nloc-3010-04,2026-07-04,3010,MAIN,NEW,31,2028-12-31,0
nloc-3010-04-b,2026-07-04,3010,DAMAGED,B_STOCK,6,2028-12-31,0
nloc-3010-05,2026-07-05,3010,MAIN,NEW,31,2028-12-31,0
nloc-3010-05-s,2026-07-05,3010,SECONDARY,NEW,7,2028-12-31,0
nloc-3010-06,2026-07-06,3010,MAIN,NEW,33,2028-12-31,0
nloc-3010-06-x,2026-07-06,3010,MAIN,NEW,30,2025-06-30,1
nloc-3010-07,2026-07-07,3010,MAIN,NEW,22,2028-12-31,0
nloc-3010-08,2026-07-08,3010,MAIN,NEW,37,2028-12-31,0
nloc-3010-09,2026-07-09,3010,MAIN,NEW,32,2028-12-31,0
nloc-3010-10,2026-07-10,3010,MAIN,NEW,25,2028-12-31,0
nloc-3010-10-s,2026-07-10,3010,SECONDARY,NEW,4,2028-12-31,0
nloc-3010-11,2026-07-11,3010,MAIN,NEW,36,2028-12-31,0
nloc-3010-12,2026-07-12,3010,MAIN,NEW,19,2028-12-31,0
nloc-3010-13,2026-07-13,3010,MAIN,NEW,14,2028-12-31,0
nloc-3010-14,2026-07-14,3010,MAIN,NEW,23,2028-12-31,0
nloc-3010-15,2026-07-15,3010,MAIN,NEW,23,2028-12-31,0
nloc-3010-15-s,2026-07-15,3010,SECONDARY,NEW,7,2028-12-31,0
nloc-3010-15-b,2026-07-15,3010,DAMAGED,B_STOCK,15,2028-12-31,0
nloc-3010-16,2026-07-16,3010,MAIN,NEW,22,2028-12-31,0
nloc-3010-17,2026-07-17,3010,MAIN,NEW,26,2028-12-31,0
nloc-3010-18,2026-07-18,3010,MAIN,NEW,16,2028-12-31,0
nloc-3010-19,2026-07-19,3010,MAIN,NEW,20,2028-12-31,0
nloc-3010-20,2026-07-20,3010,MAIN,NEW,29,2028-12-31,0
nloc-3010-20-s,2026-07-20,3010,SECONDARY,NEW,2,2028-12-31,0
nloc-3010-21,2026-07-21,3010,MAIN,NEW,22,2028-12-31,0
nloc-3010-22,2026-07-22,3010,MAIN,NEW,21,2028-12-31,0
nloc-3010-23,2026-07-23,3010,MAIN,NEW,8,2028-12-31,0
nloc-3010-24,2026-07-24,3010,MAIN,NEW,12,2028-12-31,0
nloc-3010-25,2026-07-25,3010,MAIN,NEW,28,2028-12-31,0
nloc-3010-25-s,2026-07-25,3010,SECONDARY,NEW,6,2028-12-31,0
nloc-3010-26,2026-07-26,3010,MAIN,NEW,0,2028-12-31,0
nloc-3010-26-b,2026-07-26,3010,DAMAGED,B_STOCK,3,2028-12-31,0
nloc-3010-27,2026-07-27,3010,MAIN,NEW,12,2028-12-31,0
nloc-3010-28,2026-07-28,3010,MAIN,NEW,6,2028-12-31,0
nloc-3010-29,2026-07-29,3010,MAIN,NEW,23,2028-12-31,0
nloc-3010-30,2026-07-30,3010,MAIN,NEW,25,2028-12-31,0
nloc-3010-30-s,2026-07-30,3010,SECONDARY,NEW,2,2028-12-31,0
nloc-3010-31,2026-07-31,3010,MAIN,NEW,33,2028-12-31,0
nloc-3011-01,2026-07-01,3011,MAIN,NEW,119,2028-12-31,0
nloc-3011-02,2026-07-02,3011,MAIN,NEW,112,2028-12-31,0
nloc-3011-03,2026-07-03,3011,MAIN,NEW,117,2028-12-31,0
nloc-3011-03-b,2026-07-03,3011,DAMAGED,B_STOCK,3,2028-12-31,0
nloc-3011-04,2026-07-04,3011,MAIN,NEW,112,2028-12-31,0
nloc-3011-04-s,2026-07-04,3011,SECONDARY,NEW,6,2028-12-31,0
nloc-3011-05,2026-07-05,3011,MAIN,NEW,115,2028-12-31,0
nloc-3011-05-x,2026-07-05,3011,MAIN,NEW,24,2025-06-30,1
nloc-3011-06,2026-07-06,3011,MAIN,NEW,115,2028-12-31,0
nloc-3011-07,2026-07-07,3011,MAIN,NEW,123,2028-12-31,0
nloc-3011-08,2026-07-08,3011,MAIN,NEW,115,2028-12-31,0
nloc-3011-09,2026-07-09,3011,MAIN,NEW,110,2028-12-31,0
nloc-3011-09-s,2026-07-09,3011,SECONDARY,NEW,10,2028-12-31,0
nloc-3011-10,2026-07-10,3011,MAIN,NEW,108,2028-12-31,0
nloc-3011-11,2026-07-11,3011,MAIN,NEW,111,2028-12-31,0
nloc-3011-12,2026-07-12,3011,MAIN,NEW,122,2028-12-31,0
nloc-3011-13,2026-07-13,3011,MAIN,NEW,113,2028-12-31,0
nloc-3011-14,2026-07-14,3011,MAIN,NEW,113,2028-12-31,0
nloc-3011-14-s,2026-07-14,3011,SECONDARY,NEW,8,2028-12-31,0
nloc-3011-14-b,2026-07-14,3011,DAMAGED,B_STOCK,13,2028-12-31,0
nloc-3011-15,2026-07-15,3011,MAIN,NEW,104,2028-12-31,0
nloc-3011-16,2026-07-16,3011,MAIN,NEW,108,2028-12-31,0
nloc-3011-17,2026-07-17,3011,MAIN,NEW,99,2028-12-31,0
nloc-3011-18,2026-07-18,3011,MAIN,NEW,109,2028-12-31,0
nloc-3011-19,2026-07-19,3011,MAIN,NEW,116,2028-12-31,0
nloc-3011-19-s,2026-07-19,3011,SECONDARY,NEW,5,2028-12-31,0
nloc-3011-20,2026-07-20,3011,MAIN,NEW,105,2028-12-31,0
nloc-3011-21,2026-07-21,3011,MAIN,NEW,97,2028-12-31,0
nloc-3011-22,2026-07-22,3011,MAIN,NEW,92,2028-12-31,0
nloc-3011-23,2026-07-23,3011,MAIN,NEW,87,2028-12-31,0
nloc-3011-24,2026-07-24,3011,MAIN,NEW,119,2028-12-31,0
nloc-3011-24-s,2026-07-24,3011,SECONDARY,NEW,2,2028-12-31,0
nloc-3011-25,2026-07-25,3011,MAIN,NEW,107,2028-12-31,0
nloc-3011-25-b,2026-07-25,3011,DAMAGED,B_STOCK,5,2028-12-31,0
nloc-3011-26,2026-07-26,3011,MAIN,NEW,104,2028-12-31,0
nloc-3011-27,2026-07-27,3011,MAIN,NEW,100,2028-12-31,0
nloc-3011-28,2026-07-28,3011,MAIN,NEW,110,2028-12-31,0
nloc-3011-29,2026-07-29,3011,MAIN,NEW,104,2028-12-31,0
nloc-3011-29-s,2026-07-29,3011,SECONDARY,NEW,9,2028-12-31,0
nloc-3011-30,2026-07-30,3011,MAIN,NEW,89,2028-12-31,0
nloc-3011-31,2026-07-31,3011,MAIN,NEW,103,2028-12-31,0
nloc-3012-01,2026-07-01,3012,MAIN,NEW,20,2028-12-31,0
nloc-3012-02,2026-07-02,3012,MAIN,NEW,32,2028-12-31,0
nloc-3012-02-b,2026-07-02,3012,DAMAGED,B_STOCK,12,2028-12-31,0
nloc-3012-03,2026-07-03,3012,MAIN,NEW,23,2028-12-31,0
nloc-3012-03-s,2026-07-03,3012,SECONDARY,NEW,9,2028-12-31,0
nloc-3012-04,2026-07-04,3012,MAIN,NEW,26,2028-12-31,0
nloc-3012-04-x,2026-07-04,3012,MAIN,NEW,22,2025-06-30,1
nloc-3012-05,2026-07-05,3012,MAIN,NEW,27,2028-12-31,0
nloc-3012-06,2026-07-06,3012,MAIN,NEW,26,2028-12-31,0
nloc-3012-07,2026-07-07,3012,MAIN,NEW,26,2028-12-31,0
nloc-3012-08,2026-07-08,3012,MAIN,NEW,19,2028-12-31,0
nloc-3012-08-s,2026-07-08,3012,SECONDARY,NEW,8,2028-12-31,0
nloc-3012-09,2026-07-09,3012,MAIN,NEW,12,2028-12-31,0
nloc-3012-10,2026-07-10,3012,MAIN,NEW,19,2028-12-31,0
nloc-3012-11,2026-07-11,3012,MAIN,NEW,25,2028-12-31,0
nloc-3012-12,2026-07-12,3012,MAIN,NEW,11,2028-12-31,0
nloc-3012-13,2026-07-13,3012,MAIN,NEW,15,2028-12-31,0
nloc-3012-13-s,2026-07-13,3012,SECONDARY,NEW,1,2028-12-31,0
nloc-3012-13-b,2026-07-13,3012,DAMAGED,B_STOCK,13,2028-12-31,0
nloc-3012-14,2026-07-14,3012,MAIN,NEW,28,2028-12-31,0
nloc-3012-15,2026-07-15,3012,MAIN,NEW,13,2028-12-31,0
nloc-3012-16,2026-07-16,3012,MAIN,NEW,14,2028-12-31,0
nloc-3012-17,2026-07-17,3012,MAIN,NEW,15,2028-12-31,0
nloc-3012-18,2026-07-18,3012,MAIN,NEW,22,2028-12-31,0
nloc-3012-18-s,2026-07-18,3012,SECONDARY,NEW,5,2028-12-31,0
nloc-3012-19,2026-07-19,3012,MAIN,NEW,18,2028-12-31,0
nloc-3012-20,2026-07-20,3012,MAIN,NEW,2,2028-12-31,0
nloc-3012-21,2026-07-21,3012,MAIN,NEW,4,2028-12-31,0
nloc-3012-22,2026-07-22,3012,MAIN,NEW,6,2028-12-31,0
nloc-3012-23,2026-07-23,3012,MAIN,NEW,19,2028-12-31,0
nloc-3012-23-s,2026-07-23,3012,SECONDARY,NEW,5,2028-12-31,0
nloc-3012-24,2026-07-24,3012,MAIN,NEW,17,2028-12-31,0
nloc-3012-24-b,2026-07-24,3012,DAMAGED,B_STOCK,2,2028-12-31,0
nloc-3012-25,2026-07-25,3012,MAIN,NEW,25,2028-12-31,0
nloc-3012-26,2026-07-26,3012,MAIN,NEW,6,2028-12-31,0
nloc-3012-27,2026-07-27,3012,MAIN,NEW,13,2028-12-31,0
nloc-3012-28,2026-07-28,3012,MAIN,NEW,2,2028-12-31,0
nloc-3012-28-s,2026-07-28,3012,SECONDARY,NEW,3,2028-12-31,0
nloc-3012-29,2026-07-29,3012,MAIN,NEW,22,2028-12-31,0
nloc-3012-30,2026-07-30,3012,MAIN,NEW,6,2028-12-31,0
nloc-3012-31,2026-07-31,3012,MAIN,NEW,25,2028-12-31,0
nloc-3013-01,2026-07-01,3013,MAIN,NEW,30,2028-12-31,0
nloc-3013-01-b,2026-07-01,3013,DAMAGED,B_STOCK,11,2028-12-31,0
nloc-3013-02,2026-07-02,3013,MAIN,NEW,26,2028-12-31,0
nloc-3013-02-s,2026-07-02,3013,SECONDARY,NEW,2,2028-12-31,0
nloc-3013-03,2026-07-03,3013,MAIN,NEW,28,2028-12-31,0
nloc-3013-03-x,2026-07-03,3013,MAIN,NEW,15,2025-06-30,1
nloc-3013-04,2026-07-04,3013,MAIN,NEW,26,2028-12-31,0
nloc-3013-05,2026-07-05,3013,MAIN,NEW,25,2028-12-31,0
nloc-3013-06,2026-07-06,3013,MAIN,NEW,22,2028-12-31,0
nloc-3013-07,2026-07-07,3013,MAIN,NEW,26,2028-12-31,0
nloc-3013-07-s,2026-07-07,3013,SECONDARY,NEW,5,2028-12-31,0
nloc-3013-08,2026-07-08,3013,MAIN,NEW,24,2028-12-31,0
nloc-3013-09,2026-07-09,3013,MAIN,NEW,26,2028-12-31,0
nloc-3013-10,2026-07-10,3013,MAIN,NEW,30,2028-12-31,0
nloc-3013-11,2026-07-11,3013,MAIN,NEW,11,2028-12-31,0
nloc-3013-12,2026-07-12,3013,MAIN,NEW,20,2028-12-31,0
nloc-3013-12-s,2026-07-12,3013,SECONDARY,NEW,6,2028-12-31,0
nloc-3013-12-b,2026-07-12,3013,DAMAGED,B_STOCK,13,2028-12-31,0
nloc-3013-13,2026-07-13,3013,MAIN,NEW,17,2028-12-31,0
nloc-3013-14,2026-07-14,3013,MAIN,NEW,27,2028-12-31,0
nloc-3013-15,2026-07-15,3013,MAIN,NEW,20,2028-12-31,0
nloc-3013-16,2026-07-16,3013,MAIN,NEW,8,2028-12-31,0
nloc-3013-17,2026-07-17,3013,MAIN,NEW,16,2028-12-31,0
nloc-3013-17-s,2026-07-17,3013,SECONDARY,NEW,1,2028-12-31,0
nloc-3013-18,2026-07-18,3013,MAIN,NEW,20,2028-12-31,0
nloc-3013-19,2026-07-19,3013,MAIN,NEW,6,2028-12-31,0
nloc-3013-20,2026-07-20,3013,MAIN,NEW,16,2028-12-31,0
nloc-3013-21,2026-07-21,3013,MAIN,NEW,10,2028-12-31,0
nloc-3013-22,2026-07-22,3013,MAIN,NEW,27,2028-12-31,0
nloc-3013-22-s,2026-07-22,3013,SECONDARY,NEW,4,2028-12-31,0
nloc-3013-23,2026-07-23,3013,MAIN,NEW,1,2028-12-31,0
nloc-3013-23-b,2026-07-23,3013,DAMAGED,B_STOCK,11,2028-12-31,0
nloc-3013-24,2026-07-24,3013,MAIN,NEW,18,2028-12-31,0
nloc-3013-25,2026-07-25,3013,MAIN,NEW,10,2028-12-31,0
nloc-3013-26,2026-07-26,3013,MAIN,NEW,8,2028-12-31,0
nloc-3013-27,2026-07-27,3013,MAIN,NEW,0,2028-12-31,0
nloc-3013-27-s,2026-07-27,3013,SECONDARY,NEW,3,2028-12-31,0
nloc-3013-28,2026-07-28,3013,MAIN,NEW,15,2028-12-31,0
nloc-3013-29,2026-07-29,3013,MAIN,NEW,16,2028-12-31,0
nloc-3013-30,2026-07-30,3013,MAIN,NEW,2,2028-12-31,0
nloc-3013-31,2026-07-31,3013,MAIN,NEW,27,2028-12-31,0
nloc-3014-01,2026-07-01,3014,MAIN,NEW,60,2028-12-31,0
nloc-3014-01-s,2026-07-01,3014,SECONDARY,NEW,6,2028-12-31,0
nloc-3014-02,2026-07-02,3014,MAIN,NEW,68,2028-12-31,0
nloc-3014-02-x,2026-07-02,3014,MAIN,NEW,25,2025-06-30,1
nloc-3014-03,2026-07-03,3014,MAIN,NEW,66,2028-12-31,0
nloc-3014-04,2026-07-04,3014,MAIN,NEW,65,2028-12-31,0
nloc-3014-05,2026-07-05,3014,MAIN,NEW,60,2028-12-31,0
nloc-3014-06,2026-07-06,3014,MAIN,NEW,62,2028-12-31,0
nloc-3014-06-s,2026-07-06,3014,SECONDARY,NEW,2,2028-12-31,0
nloc-3014-07,2026-07-07,3014,MAIN,NEW,60,2028-12-31,0
nloc-3014-08,2026-07-08,3014,MAIN,NEW,67,2028-12-31,0
nloc-3014-09,2026-07-09,3014,MAIN,NEW,51,2028-12-31,0
nloc-3014-10,2026-07-10,3014,MAIN,NEW,60,2028-12-31,0
nloc-3014-11,2026-07-11,3014,MAIN,NEW,66,2028-12-31,0
nloc-3014-11-s,2026-07-11,3014,SECONDARY,NEW,6,2028-12-31,0
nloc-3014-11-b,2026-07-11,3014,DAMAGED,B_STOCK,3,2028-12-31,0
nloc-3014-12,2026-07-12,3014,MAIN,NEW,55,2028-12-31,0
nloc-3014-13,2026-07-13,3014,MAIN,NEW,52,2028-12-31,0
nloc-3014-14,2026-07-14,3014,MAIN,NEW,60,2028-12-31,0
nloc-3014-15,2026-07-15,3014,MAIN,NEW,52,2028-12-31,0
nloc-3014-16,2026-07-16,3014,MAIN,NEW,49,2028-12-31,0
nloc-3014-16-s,2026-07-16,3014,SECONDARY,NEW,9,2028-12-31,0
nloc-3014-17,2026-07-17,3014,MAIN,NEW,46,2028-12-31,0
nloc-3014-18,2026-07-18,3014,MAIN,NEW,48,2028-12-31,0
nloc-3014-19,2026-07-19,3014,MAIN,NEW,41,2028-12-31,0
nloc-3014-20,2026-07-20,3014,MAIN,NEW,64,2028-12-31,0
nloc-3014-21,2026-07-21,3014,MAIN,NEW,33,2028-12-31,0
nloc-3014-21-s,2026-07-21,3014,SECONDARY,NEW,2,2028-12-31,0
nloc-3014-22,2026-07-22,3014,MAIN,NEW,60,2028-12-31,0
nloc-3014-22-b,2026-07-22,3014,DAMAGED,B_STOCK,7,2028-12-31,0
nloc-3014-23,2026-07-23,3014,MAIN,NEW,44,2028-12-31,0
nloc-3014-24,2026-07-24,3014,MAIN,NEW,45,2028-12-31,0
nloc-3014-25,2026-07-25,3014,MAIN,NEW,45,2028-12-31,0
nloc-3014-26,2026-07-26,3014,MAIN,NEW,35,2028-12-31,0
nloc-3014-26-s,2026-07-26,3014,SECONDARY,NEW,4,2028-12-31,0
nloc-3014-27,2026-07-27,3014,MAIN,NEW,53,2028-12-31,0
nloc-3014-28,2026-07-28,3014,MAIN,NEW,32,2028-12-31,0
nloc-3014-29,2026-07-29,3014,MAIN,NEW,30,2028-12-31,0
nloc-3014-30,2026-07-30,3014,MAIN,NEW,58,2028-12-31,0
nloc-3014-31,2026-07-31,3014,MAIN,NEW,45,2028-12-31,0
nloc-3014-31-s,2026-07-31,3014,SECONDARY,NEW,4,2028-12-31,0
nloc-3014-31-x,2026-07-31,3014,MAIN,NEW,21,2025-06-30,1
nloc-3015-01,2026-07-01,3015,MAIN,NEW,39,2028-12-31,0
nloc-3015-01-x,2026-07-01,3015,MAIN,NEW,22,2025-06-30,1
nloc-3015-02,2026-07-02,3015,MAIN,NEW,49,2028-12-31,0
nloc-3015-03,2026-07-03,3015,MAIN,NEW,41,2028-12-31,0
nloc-3015-04,2026-07-04,3015,MAIN,NEW,47,2028-12-31,0
nloc-3015-05,2026-07-05,3015,MAIN,NEW,43,2028-12-31,0
nloc-3015-05-s,2026-07-05,3015,SECONDARY,NEW,6,2028-12-31,0
nloc-3015-06,2026-07-06,3015,MAIN,NEW,47,2028-12-31,0
nloc-3015-07,2026-07-07,3015,MAIN,NEW,41,2028-12-31,0
nloc-3015-08,2026-07-08,3015,MAIN,NEW,45,2028-12-31,0
nloc-3015-09,2026-07-09,3015,MAIN,NEW,39,2028-12-31,0
nloc-3015-10,2026-07-10,3015,MAIN,NEW,35,2028-12-31,0
nloc-3015-10-s,2026-07-10,3015,SECONDARY,NEW,10,2028-12-31,0
nloc-3015-10-b,2026-07-10,3015,DAMAGED,B_STOCK,8,2028-12-31,0
nloc-3015-11,2026-07-11,3015,MAIN,NEW,33,2028-12-31,0
nloc-3015-12,2026-07-12,3015,MAIN,NEW,40,2028-12-31,0
nloc-3015-13,2026-07-13,3015,MAIN,NEW,45,2028-12-31,0
nloc-3015-14,2026-07-14,3015,MAIN,NEW,37,2028-12-31,0
nloc-3015-15,2026-07-15,3015,MAIN,NEW,32,2028-12-31,0
nloc-3015-15-s,2026-07-15,3015,SECONDARY,NEW,1,2028-12-31,0
nloc-3015-16,2026-07-16,3015,MAIN,NEW,50,2028-12-31,0
nloc-3015-17,2026-07-17,3015,MAIN,NEW,39,2028-12-31,0
nloc-3015-18,2026-07-18,3015,MAIN,NEW,41,2028-12-31,0
nloc-3015-19,2026-07-19,3015,MAIN,NEW,36,2028-12-31,0
nloc-3015-20,2026-07-20,3015,MAIN,NEW,38,2028-12-31,0
nloc-3015-20-s,2026-07-20,3015,SECONDARY,NEW,4,2028-12-31,0
nloc-3015-21,2026-07-21,3015,MAIN,NEW,32,2028-12-31,0
nloc-3015-21-b,2026-07-21,3015,DAMAGED,B_STOCK,15,2028-12-31,0
nloc-3015-22,2026-07-22,3015,MAIN,NEW,22,2028-12-31,0
nloc-3015-23,2026-07-23,3015,MAIN,NEW,38,2028-12-31,0
nloc-3015-24,2026-07-24,3015,MAIN,NEW,31,2028-12-31,0
nloc-3015-25,2026-07-25,3015,MAIN,NEW,39,2028-12-31,0
nloc-3015-25-s,2026-07-25,3015,SECONDARY,NEW,2,2028-12-31,0
nloc-3015-26,2026-07-26,3015,MAIN,NEW,36,2028-12-31,0
nloc-3015-27,2026-07-27,3015,MAIN,NEW,21,2028-12-31,0
nloc-3015-28,2026-07-28,3015,MAIN,NEW,38,2028-12-31,0
nloc-3015-29,2026-07-29,3015,MAIN,NEW,23,2028-12-31,0
nloc-3015-30,2026-07-30,3015,MAIN,NEW,15,2028-12-31,0
nloc-3015-30-s,2026-07-30,3015,SECONDARY,NEW,10,2028-12-31,0
nloc-3015-30-x,2026-07-30,3015,MAIN,NEW,27,2025-06-30,1
nloc-3015-31,2026-07-31,3015,MAIN,NEW,21,2028-12-31,0
nloc-3016-01,2026-07-01,3016,MAIN,NEW,88,2028-12-31,0
nloc-3016-02,2026-07-02,3016,MAIN,NEW,91,2028-12-31,0
nloc-3016-03,2026-07-03,3016,MAIN,NEW,88,2028-12-31,0
nloc-3016-04,2026-07-04,3016,MAIN,NEW,78,2028-12-31,0
nloc-3016-04-s,2026-07-04,3016,SECONDARY,NEW,1,2028-12-31,0
nloc-3016-05,2026-07-05,3016,MAIN,NEW,89,2028-12-31,0
nloc-3016-06,2026-07-06,3016,MAIN,NEW,91,2028-12-31,0
nloc-3016-07,2026-07-07,3016,MAIN,NEW,83,2028-12-31,0
nloc-3016-08,2026-07-08,3016,MAIN,NEW,78,2028-12-31,0
nloc-3016-09,2026-07-09,3016,MAIN,NEW,81,2028-12-31,0
nloc-3016-09-s,2026-07-09,3016,SECONDARY,NEW,2,2028-12-31,0
nloc-3016-09-b,2026-07-09,3016,DAMAGED,B_STOCK,1,2028-12-31,0
nloc-3016-10,2026-07-10,3016,MAIN,NEW,82,2028-12-31,0
nloc-3016-11,2026-07-11,3016,MAIN,NEW,86,2028-12-31,0
nloc-3016-12,2026-07-12,3016,MAIN,NEW,85,2028-12-31,0
nloc-3016-13,2026-07-13,3016,MAIN,NEW,88,2028-12-31,0
nloc-3016-14,2026-07-14,3016,MAIN,NEW,65,2028-12-31,0
nloc-3016-14-s,2026-07-14,3016,SECONDARY,NEW,4,2028-12-31,0
nloc-3016-15,2026-07-15,3016,MAIN,NEW,77,2028-12-31,0
nloc-3016-16,2026-07-16,3016,MAIN,NEW,64,2028-12-31,0
nloc-3016-17,2026-07-17,3016,MAIN,NEW,66,2028-12-31,0
nloc-3016-18,2026-07-18,3016,MAIN,NEW,84,2028-12-31,0
nloc-3016-19,2026-07-19,3016,MAIN,NEW,77,2028-12-31,0
nloc-3016-19-s,2026-07-19,3016,SECONDARY,NEW,3,2028-12-31,0
nloc-3016-20,2026-07-20,3016,MAIN,NEW,73,2028-12-31,0
nloc-3016-20-b,2026-07-20,3016,DAMAGED,B_STOCK,1,2028-12-31,0
nloc-3016-21,2026-07-21,3016,MAIN,NEW,76,2028-12-31,0
nloc-3016-22,2026-07-22,3016,MAIN,NEW,65,2028-12-31,0
nloc-3016-23,2026-07-23,3016,MAIN,NEW,71,2028-12-31,0
nloc-3016-24,2026-07-24,3016,MAIN,NEW,76,2028-12-31,0
nloc-3016-24-s,2026-07-24,3016,SECONDARY,NEW,5,2028-12-31,0
nloc-3016-25,2026-07-25,3016,MAIN,NEW,69,2028-12-31,0
nloc-3016-26,2026-07-26,3016,MAIN,NEW,63,2028-12-31,0
nloc-3016-27,2026-07-27,3016,MAIN,NEW,69,2028-12-31,0
nloc-3016-28,2026-07-28,3016,MAIN,NEW,65,2028-12-31,0
nloc-3016-29,2026-07-29,3016,MAIN,NEW,62,2028-12-31,0
nloc-3016-29-s,2026-07-29,3016,SECONDARY,NEW,2,2028-12-31,0
nloc-3016-29-x,2026-07-29,3016,MAIN,NEW,13,2025-06-30,1
nloc-3016-30,2026-07-30,3016,MAIN,NEW,72,2028-12-31,0
nloc-3016-31,2026-07-31,3016,MAIN,NEW,68,2028-12-31,0
nloc-3016-31-b,2026-07-31,3016,DAMAGED,B_STOCK,6,2028-12-31,0
nloc-3017-01,2026-07-01,3017,MAIN,NEW,33,2028-12-31,0
nloc-3017-02,2026-07-02,3017,MAIN,NEW,27,2028-12-31,0
nloc-3017-03,2026-07-03,3017,MAIN,NEW,24,2028-12-31,0
nloc-3017-03-s,2026-07-03,3017,SECONDARY,NEW,5,2028-12-31,0
nloc-3017-04,2026-07-04,3017,MAIN,NEW,20,2028-12-31,0
nloc-3017-05,2026-07-05,3017,MAIN,NEW,17,2028-12-31,0
nloc-3017-06,2026-07-06,3017,MAIN,NEW,17,2028-12-31,0
nloc-3017-07,2026-07-07,3017,MAIN,NEW,16,2028-12-31,0
nloc-3017-08,2026-07-08,3017,MAIN,NEW,16,2028-12-31,0
nloc-3017-08-s,2026-07-08,3017,SECONDARY,NEW,10,2028-12-31,0
nloc-3017-08-b,2026-07-08,3017,DAMAGED,B_STOCK,7,2028-12-31,0
nloc-3017-09,2026-07-09,3017,MAIN,NEW,25,2028-12-31,0
nloc-3017-10,2026-07-10,3017,MAIN,NEW,20,2028-12-31,0
nloc-3017-11,2026-07-11,3017,MAIN,NEW,8,2028-12-31,0
nloc-3017-12,2026-07-12,3017,MAIN,NEW,28,2028-12-31,0
nloc-3017-13,2026-07-13,3017,MAIN,NEW,19,2028-12-31,0
nloc-3017-13-s,2026-07-13,3017,SECONDARY,NEW,4,2028-12-31,0
nloc-3017-14,2026-07-14,3017,MAIN,NEW,9,2028-12-31,0
nloc-3017-15,2026-07-15,3017,MAIN,NEW,20,2028-12-31,0
nloc-3017-16,2026-07-16,3017,MAIN,NEW,18,2028-12-31,0
nloc-3017-17,2026-07-17,3017,MAIN,NEW,12,2028-12-31,0
nloc-3017-18,2026-07-18,3017,MAIN,NEW,0,2028-12-31,0
nloc-3017-18-s,2026-07-18,3017,SECONDARY,NEW,10,2028-12-31,0
nloc-3017-19,2026-07-19,3017,MAIN,NEW,16,2028-12-31,0
nloc-3017-19-b,2026-07-19,3017,DAMAGED,B_STOCK,8,2028-12-31,0
nloc-3017-20,2026-07-20,3017,MAIN,NEW,16,2028-12-31,0
nloc-3017-21,2026-07-21,3017,MAIN,NEW,22,2028-12-31,0
nloc-3017-22,2026-07-22,3017,MAIN,NEW,21,2028-12-31,0
nloc-3017-23,2026-07-23,3017,MAIN,NEW,20,2028-12-31,0
nloc-3017-23-s,2026-07-23,3017,SECONDARY,NEW,4,2028-12-31,0
nloc-3017-24,2026-07-24,3017,MAIN,NEW,8,2028-12-31,0
nloc-3017-25,2026-07-25,3017,MAIN,NEW,0,2028-12-31,0
nloc-3017-26,2026-07-26,3017,MAIN,NEW,16,2028-12-31,0
nloc-3017-27,2026-07-27,3017,MAIN,NEW,11,2028-12-31,0
nloc-3017-28,2026-07-28,3017,MAIN,NEW,3,2028-12-31,0
nloc-3017-28-s,2026-07-28,3017,SECONDARY,NEW,4,2028-12-31,0
nloc-3017-28-x,2026-07-28,3017,MAIN,NEW,11,2025-06-30,1
nloc-3017-29,2026-07-29,3017,MAIN,NEW,17,2028-12-31,0
nloc-3017-30,2026-07-30,3017,MAIN,NEW,16,2028-12-31,0
nloc-3017-30-b,2026-07-30,3017,DAMAGED,B_STOCK,11,2028-12-31,0
nloc-3017-31,2026-07-31,3017,MAIN,NEW,27,2028-12-31,0
nloc-3018-01,2026-07-01,3018,MAIN,NEW,97,2028-12-31,0
nloc-3018-02,2026-07-02,3018,MAIN,NEW,108,2028-12-31,0
nloc-3018-02-s,2026-07-02,3018,SECONDARY,NEW,10,2028-12-31,0
nloc-3018-03,2026-07-03,3018,MAIN,NEW,106,2028-12-31,0
nloc-3018-04,2026-07-04,3018,MAIN,NEW,94,2028-12-31,0
nloc-3018-05,2026-07-05,3018,MAIN,NEW,104,2028-12-31,0
nloc-3018-06,2026-07-06,3018,MAIN,NEW,91,2028-12-31,0
nloc-3018-07,2026-07-07,3018,MAIN,NEW,95,2028-12-31,0
nloc-3018-07-s,2026-07-07,3018,SECONDARY,NEW,2,2028-12-31,0
nloc-3018-07-b,2026-07-07,3018,DAMAGED,B_STOCK,15,2028-12-31,0
nloc-3018-08,2026-07-08,3018,MAIN,NEW,96,2028-12-31,0
nloc-3018-09,2026-07-09,3018,MAIN,NEW,98,2028-12-31,0
nloc-3018-10,2026-07-10,3018,MAIN,NEW,93,2028-12-31,0
nloc-3018-11,2026-07-11,3018,MAIN,NEW,89,2028-12-31,0
nloc-3018-12,2026-07-12,3018,MAIN,NEW,91,2028-12-31,0
nloc-3018-12-s,2026-07-12,3018,SECONDARY,NEW,8,2028-12-31,0
nloc-3018-13,2026-07-13,3018,MAIN,NEW,86,2028-12-31,0
nloc-3018-14,2026-07-14,3018,MAIN,NEW,90,2028-12-31,0
nloc-3018-15,2026-07-15,3018,MAIN,NEW,83,2028-12-31,0
nloc-3018-16,2026-07-16,3018,MAIN,NEW,92,2028-12-31,0
nloc-3018-17,2026-07-17,3018,MAIN,NEW,77,2028-12-31,0
nloc-3018-17-s,2026-07-17,3018,SECONDARY,NEW,3,2028-12-31,0
nloc-3018-18,2026-07-18,3018,MAIN,NEW,87,2028-12-31,0
nloc-3018-18-b,2026-07-18,3018,DAMAGED,B_STOCK,15,2028-12-31,0
nloc-3018-19,2026-07-19,3018,MAIN,NEW,105,2028-12-31,0
nloc-3018-20,2026-07-20,3018,MAIN,NEW,85,2028-12-31,0
nloc-3018-21,2026-07-21,3018,MAIN,NEW,84,2028-12-31,0
nloc-3018-22,2026-07-22,3018,MAIN,NEW,73,2028-12-31,0
nloc-3018-22-s,2026-07-22,3018,SECONDARY,NEW,1,2028-12-31,0
nloc-3018-23,2026-07-23,3018,MAIN,NEW,89,2028-12-31,0
nloc-3018-24,2026-07-24,3018,MAIN,NEW,81,2028-12-31,0
nloc-3018-25,2026-07-25,3018,MAIN,NEW,96,2028-12-31,0
nloc-3018-26,2026-07-26,3018,MAIN,NEW,101,2028-12-31,0
nloc-3018-27,2026-07-27,3018,MAIN,NEW,70,2028-12-31,0
nloc-3018-27-s,2026-07-27,3018,SECONDARY,NEW,2,2028-12-31,0
nloc-3018-27-x,2026-07-27,3018,MAIN,NEW,11,2025-06-30,1
nloc-3018-28,2026-07-28,3018,MAIN,NEW,79,2028-12-31,0
nloc-3018-29,2026-07-29,3018,MAIN,NEW,85,2028-12-31,0
nloc-3018-29-b,2026-07-29,3018,DAMAGED,B_STOCK,1,2028-12-31,0
nloc-3018-30,2026-07-30,3018,MAIN,NEW,89,2028-12-31,0
nloc-3018-31,2026-07-31,3018,MAIN,NEW,80,2028-12-31,0
nloc-3019-01,2026-07-01,3019,MAIN,NEW,22,2028-12-31,0
nloc-3019-01-s,2026-07-01,3019,SECONDARY,NEW,5,2028-12-31,0
nloc-3019-02,2026-07-02,3019,MAIN,NEW,15,2028-12-31,0
nloc-3019-03,2026-07-03,3019,MAIN,NEW,24,2028-12-31,0
nloc-3019-04,2026-07-04,3019,MAIN,NEW,16,2028-12-31,0
nloc-3019-05,2026-07-05,3019,MAIN,NEW,22,2028-12-31,0
nloc-3019-06,2026-07-06,3019,MAIN,NEW,11,2028-12-31,0
nloc-3019-06-s,2026-07-06,3019,SECONDARY,NEW,5,2028-12-31,0
nloc-3019-06-b,2026-07-06,3019,DAMAGED,B_STOCK,4,2028-12-31,0
nloc-3019-07,2026-07-07,3019,MAIN,NEW,16,2028-12-31,0
nloc-3019-08,2026-07-08,3019,MAIN,NEW,18,2028-12-31,0
nloc-3019-09,2026-07-09,3019,MAIN,NEW,8,2028-12-31,0
nloc-3019-10,2026-07-10,3019,MAIN,NEW,15,2028-12-31,0
nloc-3019-11,2026-07-11,3019,MAIN,NEW,9,2028-12-31,0
nloc-3019-11-s,2026-07-11,3019,SECONDARY,NEW,1,2028-12-31,0
nloc-3019-12,2026-07-12,3019,MAIN,NEW,11,2028-12-31,0
nloc-3019-13,2026-07-13,3019,MAIN,NEW,10,2028-12-31,0
nloc-3019-14,2026-07-14,3019,MAIN,NEW,8,2028-12-31,0
nloc-3019-15,2026-07-15,3019,MAIN,NEW,6,2028-12-31,0
nloc-3019-16,2026-07-16,3019,MAIN,NEW,18,2028-12-31,0
nloc-3019-16-s,2026-07-16,3019,SECONDARY,NEW,10,2028-12-31,0
nloc-3019-17,2026-07-17,3019,MAIN,NEW,12,2028-12-31,0
nloc-3019-17-b,2026-07-17,3019,DAMAGED,B_STOCK,7,2028-12-31,0
nloc-3019-18,2026-07-18,3019,MAIN,NEW,13,2028-12-31,0
nloc-3019-19,2026-07-19,3019,MAIN,NEW,6,2028-12-31,0
nloc-3019-20,2026-07-20,3019,MAIN,NEW,11,2028-12-31,0
nloc-3019-21,2026-07-21,3019,MAIN,NEW,6,2028-12-31,0
nloc-3019-21-s,2026-07-21,3019,SECONDARY,NEW,9,2028-12-31,0
nloc-3019-22,2026-07-22,3019,MAIN,NEW,0,2028-12-31,0
nloc-3019-23,2026-07-23,3019,MAIN,NEW,0,2028-12-31,0
nloc-3019-24,2026-07-24,3019,MAIN,NEW,6,2028-12-31,0
nloc-3019-25,2026-07-25,3019,MAIN,NEW,4,2028-12-31,0
nloc-3019-26,2026-07-26,3019,MAIN,NEW,0,2028-12-31,0
nloc-3019-26-s,2026-07-26,3019,SECONDARY,NEW,4,2028-12-31,0
nloc-3019-26-x,2026-07-26,3019,MAIN,NEW,19,2025-06-30,1
nloc-3019-27,2026-07-27,3019,MAIN,NEW,0,2028-12-31,0
nloc-3019-28,2026-07-28,3019,MAIN,NEW,5,2028-12-31,0
nloc-3019-28-b,2026-07-28,3019,DAMAGED,B_STOCK,3,2028-12-31,0
nloc-3019-29,2026-07-29,3019,MAIN,NEW,0,2028-12-31,0
nloc-3019-30,2026-07-30,3019,MAIN,NEW,0,2028-12-31,0
nloc-3019-31,2026-07-31,3019,MAIN,NEW,0,2028-12-31,0
nloc-3019-31-s,2026-07-31,3019,SECONDARY,NEW,9,2028-12-31,0
nloc-3020-01,2026-07-01,3020,MAIN,NEW,29,2028-12-31,0
nloc-3020-02,2026-07-02,3020,MAIN,NEW,27,2028-12-31,0
nloc-3020-03,2026-07-03,3020,MAIN,NEW,26,2028-12-31,0
nloc-3020-04,2026-07-04,3020,MAIN,NEW,27,2028-12-31,0
nloc-3020-05,2026-07-05,3020,MAIN,NEW,25,2028-12-31,0
nloc-3020-05-s,2026-07-05,3020,SECONDARY,NEW,9,2028-12-31,0
nloc-3020-05-b,2026-07-05,3020,DAMAGED,B_STOCK,9,2028-12-31,0
nloc-3020-06,2026-07-06,3020,MAIN,NEW,26,2028-12-31,0
nloc-3020-07,2026-07-07,3020,MAIN,NEW,33,2028-12-31,0
nloc-3020-08,2026-07-08,3020,MAIN,NEW,27,2028-12-31,0
nloc-3020-09,2026-07-09,3020,MAIN,NEW,20,2028-12-31,0
nloc-3020-10,2026-07-10,3020,MAIN,NEW,22,2028-12-31,0
nloc-3020-10-s,2026-07-10,3020,SECONDARY,NEW,7,2028-12-31,0
nloc-3020-11,2026-07-11,3020,MAIN,NEW,24,2028-12-31,0
nloc-3020-12,2026-07-12,3020,MAIN,NEW,24,2028-12-31,0
nloc-3020-13,2026-07-13,3020,MAIN,NEW,20,2028-12-31,0
nloc-3020-14,2026-07-14,3020,MAIN,NEW,13,2028-12-31,0
nloc-3020-15,2026-07-15,3020,MAIN,NEW,18,2028-12-31,0
nloc-3020-15-s,2026-07-15,3020,SECONDARY,NEW,4,2028-12-31,0
nloc-3020-16,2026-07-16,3020,MAIN,NEW,26,2028-12-31,0
nloc-3020-16-b,2026-07-16,3020,DAMAGED,B_STOCK,11,2028-12-31,0
nloc-3020-17,2026-07-17,3020,MAIN,NEW,22,2028-12-31,0
nloc-3020-18,2026-07-18,3020,MAIN,NEW,10,2028-12-31,0
nloc-3020-19,2026-07-19,3020,MAIN,NEW,10,2028-12-31,0
nloc-3020-20,2026-07-20,3020,MAIN,NEW,13,2028-12-31,0
nloc-3020-20-s,2026-07-20,3020,SECONDARY,NEW,9,2028-12-31,0
nloc-3020-21,2026-07-21,3020,MAIN,NEW,29,2028-12-31,0
nloc-3020-22,2026-07-22,3020,MAIN,NEW,9,2028-12-31,0
nloc-3020-23,2026-07-23,3020,MAIN,NEW,19,2028-12-31,0
nloc-3020-24,2026-07-24,3020,MAIN,NEW,14,2028-12-31,0
nloc-3020-25,2026-07-25,3020,MAIN,NEW,17,2028-12-31,0
nloc-3020-25-s,2026-07-25,3020,SECONDARY,NEW,2,2028-12-31,0
nloc-3020-25-x,2026-07-25,3020,MAIN,NEW,5,2025-06-30,1
nloc-3020-26,2026-07-26,3020,MAIN,NEW,9,2028-12-31,0
nloc-3020-27,2026-07-27,3020,MAIN,NEW,11,2028-12-31,0
nloc-3020-27-b,2026-07-27,3020,DAMAGED,B_STOCK,10,2028-12-31,0
nloc-3020-28,2026-07-28,3020,MAIN,NEW,1,2028-12-31,0
nloc-3020-29,2026-07-29,3020,MAIN,NEW,0,2028-12-31,0
nloc-3020-30,2026-07-30,3020,MAIN,NEW,2,2028-12-31,0
nloc-3020-30-s,2026-07-30,3020,SECONDARY,NEW,4,2028-12-31,0
nloc-3020-31,2026-07-31,3020,MAIN,NEW,0,2028-12-31,0
nloc-3021-01,2026-07-01,3021,MAIN,NEW,23,2028-12-31,0
nloc-3021-02,2026-07-02,3021,MAIN,NEW,23,2028-12-31,0
nloc-3021-03,2026-07-03,3021,MAIN,NEW,23,2028-12-31,0
nloc-3021-04,2026-07-04,3021,MAIN,NEW,21,2028-12-31,0
nloc-3021-04-s,2026-07-04,3021,SECONDARY,NEW,5,2028-12-31,0
nloc-3021-04-b,2026-07-04,3021,DAMAGED,B_STOCK,10,2028-12-31,0
nloc-3021-05,2026-07-05,3021,MAIN,NEW,23,2028-12-31,0
nloc-3021-06,2026-07-06,3021,MAIN,NEW,16,2028-12-31,0
nloc-3021-07,2026-07-07,3021,MAIN,NEW,17,2028-12-31,0
nloc-3021-08,2026-07-08,3021,MAIN,NEW,15,2028-12-31,0
nloc-3021-09,2026-07-09,3021,MAIN,NEW,13,2028-12-31,0
nloc-3021-09-s,2026-07-09,3021,SECONDARY,NEW,9,2028-12-31,0
nloc-3021-10,2026-07-10,3021,MAIN,NEW,14,2028-12-31,0
nloc-3021-11,2026-07-11,3021,MAIN,NEW,13,2028-12-31,0
nloc-3021-12,2026-07-12,3021,MAIN,NEW,11,2028-12-31,0
nloc-3021-13,2026-07-13,3021,MAIN,NEW,10,2028-12-31,0
nloc-3021-14,2026-07-14,3021,MAIN,NEW,15,2028-12-31,0
nloc-3021-14-s,2026-07-14,3021,SECONDARY,NEW,5,2028-12-31,0
nloc-3021-15,2026-07-15,3021,MAIN,NEW,20,2028-12-31,0
nloc-3021-15-b,2026-07-15,3021,DAMAGED,B_STOCK,5,2028-12-31,0
nloc-3021-16,2026-07-16,3021,MAIN,NEW,9,2028-12-31,0
nloc-3021-17,2026-07-17,3021,MAIN,NEW,6,2028-12-31,0
nloc-3021-18,2026-07-18,3021,MAIN,NEW,14,2028-12-31,0
nloc-3021-19,2026-07-19,3021,MAIN,NEW,4,2028-12-31,0
nloc-3021-19-s,2026-07-19,3021,SECONDARY,NEW,9,2028-12-31,0
nloc-3021-20,2026-07-20,3021,MAIN,NEW,9,2028-12-31,0
nloc-3021-21,2026-07-21,3021,MAIN,NEW,15,2028-12-31,0
nloc-3021-22,2026-07-22,3021,MAIN,NEW,13,2028-12-31,0
nloc-3021-23,2026-07-23,3021,MAIN,NEW,19,2028-12-31,0
nloc-3021-24,2026-07-24,3021,MAIN,NEW,6,2028-12-31,0
nloc-3021-24-s,2026-07-24,3021,SECONDARY,NEW,5,2028-12-31,0
nloc-3021-24-x,2026-07-24,3021,MAIN,NEW,23,2025-06-30,1
nloc-3021-25,2026-07-25,3021,MAIN,NEW,0,2028-12-31,0
nloc-3021-26,2026-07-26,3021,MAIN,NEW,24,2028-12-31,0
nloc-3021-26-b,2026-07-26,3021,DAMAGED,B_STOCK,1,2028-12-31,0
nloc-3021-27,2026-07-27,3021,MAIN,NEW,4,2028-12-31,0
nloc-3021-28,2026-07-28,3021,MAIN,NEW,1,2028-12-31,0
nloc-3021-29,2026-07-29,3021,MAIN,NEW,0,2028-12-31,0
nloc-3021-29-s,2026-07-29,3021,SECONDARY,NEW,7,2028-12-31,0
nloc-3021-30,2026-07-30,3021,MAIN,NEW,0,2028-12-31,0
nloc-3021-31,2026-07-31,3021,MAIN,NEW,3,2028-12-31,0
nloc-3022-01,2026-07-01,3022,MAIN,NEW,29,2028-12-31,0
nloc-3022-02,2026-07-02,3022,MAIN,NEW,28,2028-12-31,0
nloc-3022-03,2026-07-03,3022,MAIN,NEW,30,2028-12-31,0
nloc-3022-03-s,2026-07-03,3022,SECONDARY,NEW,9,2028-12-31,0
nloc-3022-03-b,2026-07-03,3022,DAMAGED,B_STOCK,9,2028-12-31,0
nloc-3022-04,2026-07-04,3022,MAIN,NEW,39,2028-12-31,0
nloc-3022-05,2026-07-05,3022,MAIN,NEW,33,2028-12-31,0
nloc-3022-06,2026-07-06,3022,MAIN,NEW,34,2028-12-31,0
nloc-3022-07,2026-07-07,3022,MAIN,NEW,30,2028-12-31,0
nloc-3022-08,2026-07-08,3022,MAIN,NEW,26,2028-12-31,0
nloc-3022-08-s,2026-07-08,3022,SECONDARY,NEW,6,2028-12-31,0
nloc-3022-09,2026-07-09,3022,MAIN,NEW,35,2028-12-31,0
nloc-3022-10,2026-07-10,3022,MAIN,NEW,23,2028-12-31,0
nloc-3022-11,2026-07-11,3022,MAIN,NEW,25,2028-12-31,0
nloc-3022-12,2026-07-12,3022,MAIN,NEW,33,2028-12-31,0
nloc-3022-13,2026-07-13,3022,MAIN,NEW,31,2028-12-31,0
nloc-3022-13-s,2026-07-13,3022,SECONDARY,NEW,8,2028-12-31,0
nloc-3022-14,2026-07-14,3022,MAIN,NEW,22,2028-12-31,0
nloc-3022-14-b,2026-07-14,3022,DAMAGED,B_STOCK,8,2028-12-31,0
nloc-3022-15,2026-07-15,3022,MAIN,NEW,15,2028-12-31,0
nloc-3022-16,2026-07-16,3022,MAIN,NEW,24,2028-12-31,0
nloc-3022-17,2026-07-17,3022,MAIN,NEW,23,2028-12-31,0
nloc-3022-18,2026-07-18,3022,MAIN,NEW,34,2028-12-31,0
nloc-3022-18-s,2026-07-18,3022,SECONDARY,NEW,4,2028-12-31,0
nloc-3022-19,2026-07-19,3022,MAIN,NEW,16,2028-12-31,0
nloc-3022-20,2026-07-20,3022,MAIN,NEW,16,2028-12-31,0
nloc-3022-21,2026-07-21,3022,MAIN,NEW,34,2028-12-31,0
nloc-3022-22,2026-07-22,3022,MAIN,NEW,14,2028-12-31,0
nloc-3022-23,2026-07-23,3022,MAIN,NEW,7,2028-12-31,0
nloc-3022-23-s,2026-07-23,3022,SECONDARY,NEW,9,2028-12-31,0
nloc-3022-23-x,2026-07-23,3022,MAIN,NEW,16,2025-06-30,1
nloc-3022-24,2026-07-24,3022,MAIN,NEW,9,2028-12-31,0
nloc-3022-25,2026-07-25,3022,MAIN,NEW,11,2028-12-31,0
nloc-3022-25-b,2026-07-25,3022,DAMAGED,B_STOCK,1,2028-12-31,0
nloc-3022-26,2026-07-26,3022,MAIN,NEW,19,2028-12-31,0
nloc-3022-27,2026-07-27,3022,MAIN,NEW,19,2028-12-31,0
nloc-3022-28,2026-07-28,3022,MAIN,NEW,7,2028-12-31,0
nloc-3022-28-s,2026-07-28,3022,SECONDARY,NEW,9,2028-12-31,0
nloc-3022-29,2026-07-29,3022,MAIN,NEW,34,2028-12-31,0
nloc-3022-30,2026-07-30,3022,MAIN,NEW,14,2028-12-31,0
nloc-3022-31,2026-07-31,3022,MAIN,NEW,18,2028-12-31,0
nloc-3023-01,2026-07-01,3023,MAIN,NEW,65,2028-12-31,0
nloc-3023-02,2026-07-02,3023,MAIN,NEW,72,2028-12-31,0
nloc-3023-02-s,2026-07-02,3023,SECONDARY,NEW,5,2028-12-31,0
nloc-3023-02-b,2026-07-02,3023,DAMAGED,B_STOCK,15,2028-12-31,0
nloc-3023-03,2026-07-03,3023,MAIN,NEW,66,2028-12-31,0
nloc-3023-04,2026-07-04,3023,MAIN,NEW,71,2028-12-31,0
nloc-3023-05,2026-07-05,3023,MAIN,NEW,76,2028-12-31,0
nloc-3023-06,2026-07-06,3023,MAIN,NEW,70,2028-12-31,0
nloc-3023-07,2026-07-07,3023,MAIN,NEW,66,2028-12-31,0
nloc-3023-07-s,2026-07-07,3023,SECONDARY,NEW,9,2028-12-31,0
nloc-3023-08,2026-07-08,3023,MAIN,NEW,64,2028-12-31,0
nloc-3023-09,2026-07-09,3023,MAIN,NEW,67,2028-12-31,0
nloc-3023-10,2026-07-10,3023,MAIN,NEW,65,2028-12-31,0
nloc-3023-11,2026-07-11,3023,MAIN,NEW,67,2028-12-31,0
nloc-3023-12,2026-07-12,3023,MAIN,NEW,67,2028-12-31,0
nloc-3023-12-s,2026-07-12,3023,SECONDARY,NEW,4,2028-12-31,0
nloc-3023-13,2026-07-13,3023,MAIN,NEW,63,2028-12-31,0
nloc-3023-13-b,2026-07-13,3023,DAMAGED,B_STOCK,2,2028-12-31,0
nloc-3023-14,2026-07-14,3023,MAIN,NEW,68,2028-12-31,0
nloc-3023-15,2026-07-15,3023,MAIN,NEW,63,2028-12-31,0
nloc-3023-16,2026-07-16,3023,MAIN,NEW,49,2028-12-31,0
nloc-3023-17,2026-07-17,3023,MAIN,NEW,69,2028-12-31,0
nloc-3023-17-s,2026-07-17,3023,SECONDARY,NEW,4,2028-12-31,0
nloc-3023-18,2026-07-18,3023,MAIN,NEW,69,2028-12-31,0
nloc-3023-19,2026-07-19,3023,MAIN,NEW,50,2028-12-31,0
nloc-3023-20,2026-07-20,3023,MAIN,NEW,48,2028-12-31,0
nloc-3023-21,2026-07-21,3023,MAIN,NEW,52,2028-12-31,0
nloc-3023-22,2026-07-22,3023,MAIN,NEW,56,2028-12-31,0
nloc-3023-22-s,2026-07-22,3023,SECONDARY,NEW,3,2028-12-31,0
nloc-3023-22-x,2026-07-22,3023,MAIN,NEW,14,2025-06-30,1
nloc-3023-23,2026-07-23,3023,MAIN,NEW,54,2028-12-31,0
nloc-3023-24,2026-07-24,3023,MAIN,NEW,67,2028-12-31,0
nloc-3023-24-b,2026-07-24,3023,DAMAGED,B_STOCK,6,2028-12-31,0
nloc-3023-25,2026-07-25,3023,MAIN,NEW,46,2028-12-31,0
nloc-3023-26,2026-07-26,3023,MAIN,NEW,55,2028-12-31,0
nloc-3023-27,2026-07-27,3023,MAIN,NEW,54,2028-12-31,0
nloc-3023-27-s,2026-07-27,3023,SECONDARY,NEW,8,2028-12-31,0
nloc-3023-28,2026-07-28,3023,MAIN,NEW,42,2028-12-31,0
nloc-3023-29,2026-07-29,3023,MAIN,NEW,56,2028-12-31,0
nloc-3023-30,2026-07-30,3023,MAIN,NEW,41,2028-12-31,0
nloc-3023-31,2026-07-31,3023,MAIN,NEW,57,2028-12-31,0
nloc-3024-01,2026-07-01,3024,MAIN,NEW,79,2028-12-31,0
nloc-3024-01-s,2026-07-01,3024,SECONDARY,NEW,10,2028-12-31,0
nloc-3024-01-b,2026-07-01,3024,DAMAGED,B_STOCK,13,2028-12-31,0
nloc-3024-02,2026-07-02,3024,MAIN,NEW,80,2028-12-31,0
nloc-3024-03,2026-07-03,3024,MAIN,NEW,82,2028-12-31,0
nloc-3024-04,2026-07-04,3024,MAIN,NEW,74,2028-12-31,0
nloc-3024-05,2026-07-05,3024,MAIN,NEW,76,2028-12-31,0
nloc-3024-06,2026-07-06,3024,MAIN,NEW,79,2028-12-31,0
nloc-3024-06-s,2026-07-06,3024,SECONDARY,NEW,5,2028-12-31,0
nloc-3024-07,2026-07-07,3024,MAIN,NEW,72,2028-12-31,0
nloc-3024-08,2026-07-08,3024,MAIN,NEW,74,2028-12-31,0
nloc-3024-09,2026-07-09,3024,MAIN,NEW,69,2028-12-31,0
nloc-3024-10,2026-07-10,3024,MAIN,NEW,63,2028-12-31,0
nloc-3024-11,2026-07-11,3024,MAIN,NEW,67,2028-12-31,0
nloc-3024-11-s,2026-07-11,3024,SECONDARY,NEW,7,2028-12-31,0
nloc-3024-12,2026-07-12,3024,MAIN,NEW,73,2028-12-31,0
nloc-3024-12-b,2026-07-12,3024,DAMAGED,B_STOCK,7,2028-12-31,0
nloc-3024-13,2026-07-13,3024,MAIN,NEW,72,2028-12-31,0
nloc-3024-14,2026-07-14,3024,MAIN,NEW,67,2028-12-31,0
nloc-3024-15,2026-07-15,3024,MAIN,NEW,67,2028-12-31,0
nloc-3024-16,2026-07-16,3024,MAIN,NEW,58,2028-12-31,0
nloc-3024-16-s,2026-07-16,3024,SECONDARY,NEW,4,2028-12-31,0
nloc-3024-17,2026-07-17,3024,MAIN,NEW,68,2028-12-31,0
nloc-3024-18,2026-07-18,3024,MAIN,NEW,75,2028-12-31,0
nloc-3024-19,2026-07-19,3024,MAIN,NEW,75,2028-12-31,0
nloc-3024-20,2026-07-20,3024,MAIN,NEW,53,2028-12-31,0
nloc-3024-21,2026-07-21,3024,MAIN,NEW,62,2028-12-31,0
nloc-3024-21-s,2026-07-21,3024,SECONDARY,NEW,3,2028-12-31,0
nloc-3024-21-x,2026-07-21,3024,MAIN,NEW,15,2025-06-30,1
nloc-3024-22,2026-07-22,3024,MAIN,NEW,59,2028-12-31,0
nloc-3024-23,2026-07-23,3024,MAIN,NEW,71,2028-12-31,0
nloc-3024-23-b,2026-07-23,3024,DAMAGED,B_STOCK,5,2028-12-31,0
nloc-3024-24,2026-07-24,3024,MAIN,NEW,62,2028-12-31,0
nloc-3024-25,2026-07-25,3024,MAIN,NEW,62,2028-12-31,0
nloc-3024-26,2026-07-26,3024,MAIN,NEW,76,2028-12-31,0
nloc-3024-26-s,2026-07-26,3024,SECONDARY,NEW,4,2028-12-31,0
nloc-3024-27,2026-07-27,3024,MAIN,NEW,60,2028-12-31,0
nloc-3024-28,2026-07-28,3024,MAIN,NEW,73,2028-12-31,0
nloc-3024-29,2026-07-29,3024,MAIN,NEW,59,2028-12-31,0
nloc-3024-30,2026-07-30,3024,MAIN,NEW,77,2028-12-31,0
nloc-3024-31,2026-07-31,3024,MAIN,NEW,69,2028-12-31,0
nloc-3024-31-s,2026-07-31,3024,SECONDARY,NEW,4,2028-12-31,0
nloc-3025-01,2026-07-01,3025,MAIN,NEW,109,2028-12-31,0
nloc-3025-02,2026-07-02,3025,MAIN,NEW,102,2028-12-31,0
nloc-3025-03,2026-07-03,3025,MAIN,NEW,109,2028-12-31,0
nloc-3025-04,2026-07-04,3025,MAIN,NEW,112,2028-12-31,0
nloc-3025-05,2026-07-05,3025,MAIN,NEW,98,2028-12-31,0
nloc-3025-05-s,2026-07-05,3025,SECONDARY,NEW,9,2028-12-31,0
nloc-3025-06,2026-07-06,3025,MAIN,NEW,92,2028-12-31,0
nloc-3025-07,2026-07-07,3025,MAIN,NEW,106,2028-12-31,0
nloc-3025-08,2026-07-08,3025,MAIN,NEW,97,2028-12-31,0
nloc-3025-09,2026-07-09,3025,MAIN,NEW,94,2028-12-31,0
nloc-3025-10,2026-07-10,3025,MAIN,NEW,90,2028-12-31,0
nloc-3025-10-s,2026-07-10,3025,SECONDARY,NEW,9,2028-12-31,0
nloc-3025-11,2026-07-11,3025,MAIN,NEW,93,2028-12-31,0
nloc-3025-11-b,2026-07-11,3025,DAMAGED,B_STOCK,8,2028-12-31,0
nloc-3025-12,2026-07-12,3025,MAIN,NEW,91,2028-12-31,0
nloc-3025-13,2026-07-13,3025,MAIN,NEW,95,2028-12-31,0
nloc-3025-14,2026-07-14,3025,MAIN,NEW,96,2028-12-31,0
nloc-3025-15,2026-07-15,3025,MAIN,NEW,89,2028-12-31,0
nloc-3025-15-s,2026-07-15,3025,SECONDARY,NEW,6,2028-12-31,0
nloc-3025-16,2026-07-16,3025,MAIN,NEW,109,2028-12-31,0
nloc-3025-17,2026-07-17,3025,MAIN,NEW,98,2028-12-31,0
nloc-3025-18,2026-07-18,3025,MAIN,NEW,99,2028-12-31,0
nloc-3025-19,2026-07-19,3025,MAIN,NEW,82,2028-12-31,0
nloc-3025-20,2026-07-20,3025,MAIN,NEW,97,2028-12-31,0
nloc-3025-20-s,2026-07-20,3025,SECONDARY,NEW,8,2028-12-31,0
nloc-3025-20-x,2026-07-20,3025,MAIN,NEW,10,2025-06-30,1
nloc-3025-21,2026-07-21,3025,MAIN,NEW,100,2028-12-31,0
nloc-3025-22,2026-07-22,3025,MAIN,NEW,89,2028-12-31,0
nloc-3025-22-b,2026-07-22,3025,DAMAGED,B_STOCK,12,2028-12-31,0
nloc-3025-23,2026-07-23,3025,MAIN,NEW,93,2028-12-31,0
nloc-3025-24,2026-07-24,3025,MAIN,NEW,92,2028-12-31,0
nloc-3025-25,2026-07-25,3025,MAIN,NEW,86,2028-12-31,0
nloc-3025-25-s,2026-07-25,3025,SECONDARY,NEW,8,2028-12-31,0
nloc-3025-26,2026-07-26,3025,MAIN,NEW,96,2028-12-31,0
nloc-3025-27,2026-07-27,3025,MAIN,NEW,76,2028-12-31,0
nloc-3025-28,2026-07-28,3025,MAIN,NEW,95,2028-12-31,0
nloc-3025-29,2026-07-29,3025,MAIN,NEW,68,2028-12-31,0
nloc-3025-30,2026-07-30,3025,MAIN,NEW,98,2028-12-31,0
nloc-3025-30-s,2026-07-30,3025,SECONDARY,NEW,2,2028-12-31,0
nloc-3025-31,2026-07-31,3025,MAIN,NEW,74,2028-12-31,0
nloc-3026-01,2026-07-01,3026,MAIN,NEW,91,2028-12-31,0
nloc-3026-02,2026-07-02,3026,MAIN,NEW,86,2028-12-31,0
nloc-3026-03,2026-07-03,3026,MAIN,NEW,85,2028-12-31,0
nloc-3026-04,2026-07-04,3026,MAIN,NEW,85,2028-12-31,0
nloc-3026-04-s,2026-07-04,3026,SECONDARY,NEW,7,2028-12-31,0
nloc-3026-05,2026-07-05,3026,MAIN,NEW,79,2028-12-31,0
nloc-3026-06,2026-07-06,3026,MAIN,NEW,75,2028-12-31,0
nloc-3026-07,2026-07-07,3026,MAIN,NEW,79,2028-12-31,0
nloc-3026-08,2026-07-08,3026,MAIN,NEW,82,2028-12-31,0
nloc-3026-09,2026-07-09,3026,MAIN,NEW,81,2028-12-31,0
nloc-3026-09-s,2026-07-09,3026,SECONDARY,NEW,5,2028-12-31,0
nloc-3026-10,2026-07-10,3026,MAIN,NEW,83,2028-12-31,0
nloc-3026-10-b,2026-07-10,3026,DAMAGED,B_STOCK,13,2028-12-31,0
nloc-3026-11,2026-07-11,3026,MAIN,NEW,79,2028-12-31,0
nloc-3026-12,2026-07-12,3026,MAIN,NEW,76,2028-12-31,0
nloc-3026-13,2026-07-13,3026,MAIN,NEW,74,2028-12-31,0
nloc-3026-14,2026-07-14,3026,MAIN,NEW,82,2028-12-31,0
nloc-3026-14-s,2026-07-14,3026,SECONDARY,NEW,6,2028-12-31,0
nloc-3026-15,2026-07-15,3026,MAIN,NEW,65,2028-12-31,0
nloc-3026-16,2026-07-16,3026,MAIN,NEW,80,2028-12-31,0
nloc-3026-17,2026-07-17,3026,MAIN,NEW,84,2028-12-31,0
nloc-3026-18,2026-07-18,3026,MAIN,NEW,84,2028-12-31,0
nloc-3026-19,2026-07-19,3026,MAIN,NEW,74,2028-12-31,0
nloc-3026-19-s,2026-07-19,3026,SECONDARY,NEW,1,2028-12-31,0
nloc-3026-19-x,2026-07-19,3026,MAIN,NEW,7,2025-06-30,1
nloc-3026-20,2026-07-20,3026,MAIN,NEW,58,2028-12-31,0
nloc-3026-21,2026-07-21,3026,MAIN,NEW,61,2028-12-31,0
nloc-3026-21-b,2026-07-21,3026,DAMAGED,B_STOCK,10,2028-12-31,0
nloc-3026-22,2026-07-22,3026,MAIN,NEW,69,2028-12-31,0
nloc-3026-23,2026-07-23,3026,MAIN,NEW,55,2028-12-31,0
nloc-3026-24,2026-07-24,3026,MAIN,NEW,80,2028-12-31,0
nloc-3026-24-s,2026-07-24,3026,SECONDARY,NEW,2,2028-12-31,0
nloc-3026-25,2026-07-25,3026,MAIN,NEW,76,2028-12-31,0
nloc-3026-26,2026-07-26,3026,MAIN,NEW,77,2028-12-31,0
nloc-3026-27,2026-07-27,3026,MAIN,NEW,62,2028-12-31,0
nloc-3026-28,2026-07-28,3026,MAIN,NEW,70,2028-12-31,0
nloc-3026-29,2026-07-29,3026,MAIN,NEW,51,2028-12-31,0
nloc-3026-29-s,2026-07-29,3026,SECONDARY,NEW,8,2028-12-31,0
nloc-3026-30,2026-07-30,3026,MAIN,NEW,62,2028-12-31,0
nloc-3026-31,2026-07-31,3026,MAIN,NEW,77,2028-12-31,0
nloc-3027-01,2026-07-01,3027,MAIN,NEW,55,2028-12-31,0
nloc-3027-02,2026-07-02,3027,MAIN,NEW,44,2028-12-31,0
nloc-3027-03,2026-07-03,3027,MAIN,NEW,55,2028-12-31,0
nloc-3027-03-s,2026-07-03,3027,SECONDARY,NEW,7,2028-12-31,0
nloc-3027-04,2026-07-04,3027,MAIN,NEW,48,2028-12-31,0
nloc-3027-05,2026-07-05,3027,MAIN,NEW,49,2028-12-31,0
nloc-3027-06,2026-07-06,3027,MAIN,NEW,54,2028-12-31,0
nloc-3027-07,2026-07-07,3027,MAIN,NEW,47,2028-12-31,0
nloc-3027-08,2026-07-08,3027,MAIN,NEW,47,2028-12-31,0
nloc-3027-08-s,2026-07-08,3027,SECONDARY,NEW,5,2028-12-31,0
nloc-3027-09,2026-07-09,3027,MAIN,NEW,50,2028-12-31,0
nloc-3027-09-b,2026-07-09,3027,DAMAGED,B_STOCK,1,2028-12-31,0
nloc-3027-10,2026-07-10,3027,MAIN,NEW,35,2028-12-31,0
nloc-3027-11,2026-07-11,3027,MAIN,NEW,47,2028-12-31,0
nloc-3027-12,2026-07-12,3027,MAIN,NEW,50,2028-12-31,0
nloc-3027-13,2026-07-13,3027,MAIN,NEW,44,2028-12-31,0
nloc-3027-13-s,2026-07-13,3027,SECONDARY,NEW,5,2028-12-31,0
nloc-3027-14,2026-07-14,3027,MAIN,NEW,47,2028-12-31,0
nloc-3027-15,2026-07-15,3027,MAIN,NEW,41,2028-12-31,0
nloc-3027-16,2026-07-16,3027,MAIN,NEW,47,2028-12-31,0
nloc-3027-17,2026-07-17,3027,MAIN,NEW,32,2028-12-31,0
nloc-3027-18,2026-07-18,3027,MAIN,NEW,42,2028-12-31,0
nloc-3027-18-s,2026-07-18,3027,SECONDARY,NEW,7,2028-12-31,0
nloc-3027-18-x,2026-07-18,3027,MAIN,NEW,23,2025-06-30,1
nloc-3027-19,2026-07-19,3027,MAIN,NEW,36,2028-12-31,0
nloc-3027-20,2026-07-20,3027,MAIN,NEW,41,2028-12-31,0
nloc-3027-20-b,2026-07-20,3027,DAMAGED,B_STOCK,2,2028-12-31,0
nloc-3027-21,2026-07-21,3027,MAIN,NEW,27,2028-12-31,0
nloc-3027-22,2026-07-22,3027,MAIN,NEW,46,2028-12-31,0
nloc-3027-23,2026-07-23,3027,MAIN,NEW,41,2028-12-31,0
nloc-3027-23-s,2026-07-23,3027,SECONDARY,NEW,8,2028-12-31,0
nloc-3027-24,2026-07-24,3027,MAIN,NEW,39,2028-12-31,0
nloc-3027-25,2026-07-25,3027,MAIN,NEW,55,2028-12-31,0
nloc-3027-26,2026-07-26,3027,MAIN,NEW,43,2028-12-31,0
nloc-3027-27,2026-07-27,3027,MAIN,NEW,26,2028-12-31,0
nloc-3027-28,2026-07-28,3027,MAIN,NEW,24,2028-12-31,0
nloc-3027-28-s,2026-07-28,3027,SECONDARY,NEW,7,2028-12-31,0
nloc-3027-29,2026-07-29,3027,MAIN,NEW,27,2028-12-31,0
nloc-3027-30,2026-07-30,3027,MAIN,NEW,53,2028-12-31,0
nloc-3027-31,2026-07-31,3027,MAIN,NEW,14,2028-12-31,0
nloc-3027-31-b,2026-07-31,3027,DAMAGED,B_STOCK,6,2028-12-31,0
nloc-3028-01,2026-07-01,3028,MAIN,NEW,121,2028-12-31,0
nloc-3028-02,2026-07-02,3028,MAIN,NEW,111,2028-12-31,0
nloc-3028-02-s,2026-07-02,3028,SECONDARY,NEW,8,2028-12-31,0
nloc-3028-03,2026-07-03,3028,MAIN,NEW,110,2028-12-31,0
nloc-3028-04,2026-07-04,3028,MAIN,NEW,109,2028-12-31,0
nloc-3028-05,2026-07-05,3028,MAIN,NEW,109,2028-12-31,0
nloc-3028-06,2026-07-06,3028,MAIN,NEW,112,2028-12-31,0
nloc-3028-07,2026-07-07,3028,MAIN,NEW,115,2028-12-31,0
nloc-3028-07-s,2026-07-07,3028,SECONDARY,NEW,5,2028-12-31,0
nloc-3028-08,2026-07-08,3028,MAIN,NEW,119,2028-12-31,0
nloc-3028-08-b,2026-07-08,3028,DAMAGED,B_STOCK,14,2028-12-31,0
nloc-3028-09,2026-07-09,3028,MAIN,NEW,114,2028-12-31,0
nloc-3028-10,2026-07-10,3028,MAIN,NEW,102,2028-12-31,0
nloc-3028-11,2026-07-11,3028,MAIN,NEW,104,2028-12-31,0
nloc-3028-12,2026-07-12,3028,MAIN,NEW,116,2028-12-31,0
nloc-3028-12-s,2026-07-12,3028,SECONDARY,NEW,5,2028-12-31,0
nloc-3028-13,2026-07-13,3028,MAIN,NEW,112,2028-12-31,0
nloc-3028-14,2026-07-14,3028,MAIN,NEW,109,2028-12-31,0
nloc-3028-15,2026-07-15,3028,MAIN,NEW,105,2028-12-31,0
nloc-3028-16,2026-07-16,3028,MAIN,NEW,95,2028-12-31,0
nloc-3028-17,2026-07-17,3028,MAIN,NEW,107,2028-12-31,0
nloc-3028-17-s,2026-07-17,3028,SECONDARY,NEW,1,2028-12-31,0
nloc-3028-17-x,2026-07-17,3028,MAIN,NEW,20,2025-06-30,1
nloc-3028-18,2026-07-18,3028,MAIN,NEW,97,2028-12-31,0
nloc-3028-19,2026-07-19,3028,MAIN,NEW,101,2028-12-31,0
nloc-3028-19-b,2026-07-19,3028,DAMAGED,B_STOCK,7,2028-12-31,0
nloc-3028-20,2026-07-20,3028,MAIN,NEW,108,2028-12-31,0
nloc-3028-21,2026-07-21,3028,MAIN,NEW,96,2028-12-31,0
nloc-3028-22,2026-07-22,3028,MAIN,NEW,109,2028-12-31,0
nloc-3028-22-s,2026-07-22,3028,SECONDARY,NEW,10,2028-12-31,0
nloc-3028-23,2026-07-23,3028,MAIN,NEW,98,2028-12-31,0
nloc-3028-24,2026-07-24,3028,MAIN,NEW,96,2028-12-31,0
nloc-3028-25,2026-07-25,3028,MAIN,NEW,102,2028-12-31,0
nloc-3028-26,2026-07-26,3028,MAIN,NEW,85,2028-12-31,0
nloc-3028-27,2026-07-27,3028,MAIN,NEW,103,2028-12-31,0
nloc-3028-27-s,2026-07-27,3028,SECONDARY,NEW,1,2028-12-31,0
nloc-3028-28,2026-07-28,3028,MAIN,NEW,94,2028-12-31,0
nloc-3028-29,2026-07-29,3028,MAIN,NEW,86,2028-12-31,0
nloc-3028-30,2026-07-30,3028,MAIN,NEW,101,2028-12-31,0
nloc-3028-30-b,2026-07-30,3028,DAMAGED,B_STOCK,8,2028-12-31,0
nloc-3028-31,2026-07-31,3028,MAIN,NEW,102,2028-12-31,0
nloc-3029-01,2026-07-01,3029,MAIN,NEW,22,2028-12-31,0
nloc-3029-01-s,2026-07-01,3029,SECONDARY,NEW,9,2028-12-31,0
nloc-3029-02,2026-07-02,3029,MAIN,NEW,21,2028-12-31,0
nloc-3029-03,2026-07-03,3029,MAIN,NEW,19,2028-12-31,0
nloc-3029-04,2026-07-04,3029,MAIN,NEW,16,2028-12-31,0
nloc-3029-05,2026-07-05,3029,MAIN,NEW,11,2028-12-31,0
nloc-3029-06,2026-07-06,3029,MAIN,NEW,7,2028-12-31,0
nloc-3029-06-s,2026-07-06,3029,SECONDARY,NEW,9,2028-12-31,0
nloc-3029-07,2026-07-07,3029,MAIN,NEW,18,2028-12-31,0
nloc-3029-07-b,2026-07-07,3029,DAMAGED,B_STOCK,3,2028-12-31,0
nloc-3029-08,2026-07-08,3029,MAIN,NEW,12,2028-12-31,0
nloc-3029-09,2026-07-09,3029,MAIN,NEW,12,2028-12-31,0
nloc-3029-10,2026-07-10,3029,MAIN,NEW,9,2028-12-31,0
nloc-3029-11,2026-07-11,3029,MAIN,NEW,0,2028-12-31,0
nloc-3029-11-s,2026-07-11,3029,SECONDARY,NEW,6,2028-12-31,0
nloc-3029-12,2026-07-12,3029,MAIN,NEW,11,2028-12-31,0
nloc-3029-13,2026-07-13,3029,MAIN,NEW,6,2028-12-31,0
nloc-3029-14,2026-07-14,3029,MAIN,NEW,11,2028-12-31,0
nloc-3029-15,2026-07-15,3029,MAIN,NEW,1,2028-12-31,0
nloc-3029-16,2026-07-16,3029,MAIN,NEW,1,2028-12-31,0
nloc-3029-16-s,2026-07-16,3029,SECONDARY,NEW,9,2028-12-31,0
nloc-3029-16-x,2026-07-16,3029,MAIN,NEW,30,2025-06-30,1
nloc-3029-17,2026-07-17,3029,MAIN,NEW,6,2028-12-31,0
nloc-3029-18,2026-07-18,3029,MAIN,NEW,0,2028-12-31,0
nloc-3029-18-b,2026-07-18,3029,DAMAGED,B_STOCK,7,2028-12-31,0
nloc-3029-19,2026-07-19,3029,MAIN,NEW,3,2028-12-31,0
nloc-3029-20,2026-07-20,3029,MAIN,NEW,0,2028-12-31,0
nloc-3029-21,2026-07-21,3029,MAIN,NEW,0,2028-12-31,0
nloc-3029-21-s,2026-07-21,3029,SECONDARY,NEW,6,2028-12-31,0
nloc-3029-22,2026-07-22,3029,MAIN,NEW,0,2028-12-31,0
nloc-3029-23,2026-07-23,3029,MAIN,NEW,0,2028-12-31,0
nloc-3029-24,2026-07-24,3029,MAIN,NEW,9,2028-12-31,0
nloc-3029-25,2026-07-25,3029,MAIN,NEW,0,2028-12-31,0
nloc-3029-26,2026-07-26,3029,MAIN,NEW,0,2028-12-31,0
nloc-3029-26-s,2026-07-26,3029,SECONDARY,NEW,6,2028-12-31,0
nloc-3029-27,2026-07-27,3029,MAIN,NEW,8,2028-12-31,0
nloc-3029-28,2026-07-28,3029,MAIN,NEW,0,2028-12-31,0
nloc-3029-29,2026-07-29,3029,MAIN,NEW,0,2028-12-31,0
nloc-3029-29-b,2026-07-29,3029,DAMAGED,B_STOCK,6,2028-12-31,0
nloc-3029-30,2026-07-30,3029,MAIN,NEW,0,2028-12-31,0
nloc-3029-31,2026-07-31,3029,MAIN,NEW,0,2028-12-31,0
nloc-3029-31-s,2026-07-31,3029,SECONDARY,NEW,2,2028-12-31,0
nloc-3030-01,2026-07-01,3030,MAIN,NEW,121,2028-12-31,0
nloc-3030-02,2026-07-02,3030,MAIN,NEW,114,2028-12-31,0
nloc-3030-03,2026-07-03,3030,MAIN,NEW,126,2028-12-31,0
nloc-3030-04,2026-07-04,3030,MAIN,NEW,125,2028-12-31,0
nloc-3030-05,2026-07-05,3030,MAIN,NEW,115,2028-12-31,0
nloc-3030-05-s,2026-07-05,3030,SECONDARY,NEW,4,2028-12-31,0
nloc-3030-06,2026-07-06,3030,MAIN,NEW,125,2028-12-31,0
nloc-3030-06-b,2026-07-06,3030,DAMAGED,B_STOCK,1,2028-12-31,0
nloc-3030-07,2026-07-07,3030,MAIN,NEW,110,2028-12-31,0
nloc-3030-08,2026-07-08,3030,MAIN,NEW,109,2028-12-31,0
nloc-3030-09,2026-07-09,3030,MAIN,NEW,115,2028-12-31,0
nloc-3030-10,2026-07-10,3030,MAIN,NEW,106,2028-12-31,0
nloc-3030-10-s,2026-07-10,3030,SECONDARY,NEW,5,2028-12-31,0
nloc-3030-11,2026-07-11,3030,MAIN,NEW,118,2028-12-31,0
nloc-3030-12,2026-07-12,3030,MAIN,NEW,114,2028-12-31,0
nloc-3030-13,2026-07-13,3030,MAIN,NEW,112,2028-12-31,0
nloc-3030-14,2026-07-14,3030,MAIN,NEW,110,2028-12-31,0
nloc-3030-15,2026-07-15,3030,MAIN,NEW,99,2028-12-31,0
nloc-3030-15-s,2026-07-15,3030,SECONDARY,NEW,8,2028-12-31,0
nloc-3030-15-x,2026-07-15,3030,MAIN,NEW,22,2025-06-30,1
nloc-3030-16,2026-07-16,3030,MAIN,NEW,104,2028-12-31,0
nloc-3030-17,2026-07-17,3030,MAIN,NEW,98,2028-12-31,0
nloc-3030-17-b,2026-07-17,3030,DAMAGED,B_STOCK,15,2028-12-31,0
nloc-3030-18,2026-07-18,3030,MAIN,NEW,100,2028-12-31,0
nloc-3030-19,2026-07-19,3030,MAIN,NEW,124,2028-12-31,0
nloc-3030-20,2026-07-20,3030,MAIN,NEW,118,2028-12-31,0
nloc-3030-20-s,2026-07-20,3030,SECONDARY,NEW,2,2028-12-31,0
nloc-3030-21,2026-07-21,3030,MAIN,NEW,114,2028-12-31,0
nloc-3030-22,2026-07-22,3030,MAIN,NEW,102,2028-12-31,0
nloc-3030-23,2026-07-23,3030,MAIN,NEW,99,2028-12-31,0
nloc-3030-24,2026-07-24,3030,MAIN,NEW,108,2028-12-31,0
nloc-3030-25,2026-07-25,3030,MAIN,NEW,101,2028-12-31,0
nloc-3030-25-s,2026-07-25,3030,SECONDARY,NEW,1,2028-12-31,0
nloc-3030-26,2026-07-26,3030,MAIN,NEW,111,2028-12-31,0
nloc-3030-27,2026-07-27,3030,MAIN,NEW,116,2028-12-31,0
nloc-3030-28,2026-07-28,3030,MAIN,NEW,95,2028-12-31,0
nloc-3030-28-b,2026-07-28,3030,DAMAGED,B_STOCK,6,2028-12-31,0
nloc-3030-29,2026-07-29,3030,MAIN,NEW,84,2028-12-31,0
nloc-3030-30,2026-07-30,3030,MAIN,NEW,112,2028-12-31,0
nloc-3030-30-s,2026-07-30,3030,SECONDARY,NEW,1,2028-12-31,0
nloc-3030-31,2026-07-31,3030,MAIN,NEW,113,2028-12-31,0
nloc-3031-01,2026-07-01,3031,MAIN,NEW,48,2028-12-31,0
nloc-3031-02,2026-07-02,3031,MAIN,NEW,45,2028-12-31,0
nloc-3031-03,2026-07-03,3031,MAIN,NEW,43,2028-12-31,0
nloc-3031-04,2026-07-04,3031,MAIN,NEW,40,2028-12-31,0
nloc-3031-04-s,2026-07-04,3031,SECONDARY,NEW,8,2028-12-31,0
nloc-3031-05,2026-07-05,3031,MAIN,NEW,38,2028-12-31,0
nloc-3031-05-b,2026-07-05,3031,DAMAGED,B_STOCK,10,2028-12-31,0
nloc-3031-06,2026-07-06,3031,MAIN,NEW,40,2028-12-31,0
nloc-3031-07,2026-07-07,3031,MAIN,NEW,42,2028-12-31,0
nloc-3031-08,2026-07-08,3031,MAIN,NEW,44,2028-12-31,0
nloc-3031-09,2026-07-09,3031,MAIN,NEW,37,2028-12-31,0
nloc-3031-09-s,2026-07-09,3031,SECONDARY,NEW,2,2028-12-31,0
nloc-3031-10,2026-07-10,3031,MAIN,NEW,35,2028-12-31,0
nloc-3031-11,2026-07-11,3031,MAIN,NEW,39,2028-12-31,0
nloc-3031-12,2026-07-12,3031,MAIN,NEW,35,2028-12-31,0
nloc-3031-13,2026-07-13,3031,MAIN,NEW,40,2028-12-31,0
nloc-3031-14,2026-07-14,3031,MAIN,NEW,35,2028-12-31,0
nloc-3031-14-s,2026-07-14,3031,SECONDARY,NEW,9,2028-12-31,0
nloc-3031-14-x,2026-07-14,3031,MAIN,NEW,18,2025-06-30,1
nloc-3031-15,2026-07-15,3031,MAIN,NEW,32,2028-12-31,0
nloc-3031-16,2026-07-16,3031,MAIN,NEW,30,2028-12-31,0
nloc-3031-16-b,2026-07-16,3031,DAMAGED,B_STOCK,2,2028-12-31,0
nloc-3031-17,2026-07-17,3031,MAIN,NEW,25,2028-12-31,0
nloc-3031-18,2026-07-18,3031,MAIN,NEW,32,2028-12-31,0
nloc-3031-19,2026-07-19,3031,MAIN,NEW,29,2028-12-31,0
nloc-3031-19-s,2026-07-19,3031,SECONDARY,NEW,9,2028-12-31,0
nloc-3031-20,2026-07-20,3031,MAIN,NEW,37,2028-12-31,0
nloc-3031-21,2026-07-21,3031,MAIN,NEW,26,2028-12-31,0
nloc-3031-22,2026-07-22,3031,MAIN,NEW,20,2028-12-31,0
nloc-3031-23,2026-07-23,3031,MAIN,NEW,35,2028-12-31,0
nloc-3031-24,2026-07-24,3031,MAIN,NEW,36,2028-12-31,0
nloc-3031-24-s,2026-07-24,3031,SECONDARY,NEW,7,2028-12-31,0
nloc-3031-25,2026-07-25,3031,MAIN,NEW,7,2028-12-31,0
nloc-3031-26,2026-07-26,3031,MAIN,NEW,39,2028-12-31,0
nloc-3031-27,2026-07-27,3031,MAIN,NEW,15,2028-12-31,0
nloc-3031-27-b,2026-07-27,3031,DAMAGED,B_STOCK,3,2028-12-31,0
nloc-3031-28,2026-07-28,3031,MAIN,NEW,10,2028-12-31,0
nloc-3031-29,2026-07-29,3031,MAIN,NEW,34,2028-12-31,0
nloc-3031-29-s,2026-07-29,3031,SECONDARY,NEW,3,2028-12-31,0
nloc-3031-30,2026-07-30,3031,MAIN,NEW,23,2028-12-31,0
nloc-3031-31,2026-07-31,3031,MAIN,NEW,20,2028-12-31,0
nloc-3032-01,2026-07-01,3032,MAIN,NEW,84,2028-12-31,0
nloc-3032-02,2026-07-02,3032,MAIN,NEW,86,2028-12-31,0
nloc-3032-03,2026-07-03,3032,MAIN,NEW,83,2028-12-31,0
nloc-3032-03-s,2026-07-03,3032,SECONDARY,NEW,4,2028-12-31,0
nloc-3032-04,2026-07-04,3032,MAIN,NEW,80,2028-12-31,0
nloc-3032-04-b,2026-07-04,3032,DAMAGED,B_STOCK,6,2028-12-31,0
nloc-3032-05,2026-07-05,3032,MAIN,NEW,88,2028-12-31,0
nloc-3032-06,2026-07-06,3032,MAIN,NEW,83,2028-12-31,0
nloc-3032-07,2026-07-07,3032,MAIN,NEW,72,2028-12-31,0
nloc-3032-08,2026-07-08,3032,MAIN,NEW,70,2028-12-31,0
nloc-3032-08-s,2026-07-08,3032,SECONDARY,NEW,8,2028-12-31,0
nloc-3032-09,2026-07-09,3032,MAIN,NEW,80,2028-12-31,0
nloc-3032-10,2026-07-10,3032,MAIN,NEW,84,2028-12-31,0
nloc-3032-11,2026-07-11,3032,MAIN,NEW,85,2028-12-31,0
nloc-3032-12,2026-07-12,3032,MAIN,NEW,76,2028-12-31,0
nloc-3032-13,2026-07-13,3032,MAIN,NEW,65,2028-12-31,0
nloc-3032-13-s,2026-07-13,3032,SECONDARY,NEW,2,2028-12-31,0
nloc-3032-13-x,2026-07-13,3032,MAIN,NEW,25,2025-06-30,1
nloc-3032-14,2026-07-14,3032,MAIN,NEW,68,2028-12-31,0
nloc-3032-15,2026-07-15,3032,MAIN,NEW,76,2028-12-31,0
nloc-3032-15-b,2026-07-15,3032,DAMAGED,B_STOCK,4,2028-12-31,0
nloc-3032-16,2026-07-16,3032,MAIN,NEW,78,2028-12-31,0
nloc-3032-17,2026-07-17,3032,MAIN,NEW,67,2028-12-31,0
nloc-3032-18,2026-07-18,3032,MAIN,NEW,59,2028-12-31,0
nloc-3032-18-s,2026-07-18,3032,SECONDARY,NEW,4,2028-12-31,0
nloc-3032-19,2026-07-19,3032,MAIN,NEW,68,2028-12-31,0
nloc-3032-20,2026-07-20,3032,MAIN,NEW,72,2028-12-31,0
nloc-3032-21,2026-07-21,3032,MAIN,NEW,69,2028-12-31,0
nloc-3032-22,2026-07-22,3032,MAIN,NEW,60,2028-12-31,0
nloc-3032-23,2026-07-23,3032,MAIN,NEW,59,2028-12-31,0
nloc-3032-23-s,2026-07-23,3032,SECONDARY,NEW,9,2028-12-31,0
nloc-3032-24,2026-07-24,3032,MAIN,NEW,68,2028-12-31,0
nloc-3032-25,2026-07-25,3032,MAIN,NEW,62,2028-12-31,0
nloc-3032-26,2026-07-26,3032,MAIN,NEW,61,2028-12-31,0
nloc-3032-26-b,2026-07-26,3032,DAMAGED,B_STOCK,5,2028-12-31,0
nloc-3032-27,2026-07-27,3032,MAIN,NEW,51,2028-12-31,0
nloc-3032-28,2026-07-28,3032,MAIN,NEW,51,2028-12-31,0
nloc-3032-28-s,2026-07-28,3032,SECONDARY,NEW,3,2028-12-31,0
nloc-3032-29,2026-07-29,3032,MAIN,NEW,82,2028-12-31,0
nloc-3032-30,2026-07-30,3032,MAIN,NEW,78,2028-12-31,0
nloc-3032-31,2026-07-31,3032,MAIN,NEW,75,2028-12-31,0
nloc-3033-01,2026-07-01,3033,MAIN,NEW,59,2028-12-31,0
nloc-3033-02,2026-07-02,3033,MAIN,NEW,50,2028-12-31,0
nloc-3033-02-s,2026-07-02,3033,SECONDARY,NEW,4,2028-12-31,0
nloc-3033-03,2026-07-03,3033,MAIN,NEW,55,2028-12-31,0
nloc-3033-03-b,2026-07-03,3033,DAMAGED,B_STOCK,1,2028-12-31,0
nloc-3033-04,2026-07-04,3033,MAIN,NEW,57,2028-12-31,0
nloc-3033-05,2026-07-05,3033,MAIN,NEW,58,2028-12-31,0
nloc-3033-06,2026-07-06,3033,MAIN,NEW,53,2028-12-31,0
nloc-3033-07,2026-07-07,3033,MAIN,NEW,48,2028-12-31,0
nloc-3033-07-s,2026-07-07,3033,SECONDARY,NEW,4,2028-12-31,0
nloc-3033-08,2026-07-08,3033,MAIN,NEW,44,2028-12-31,0
nloc-3033-09,2026-07-09,3033,MAIN,NEW,54,2028-12-31,0
nloc-3033-10,2026-07-10,3033,MAIN,NEW,58,2028-12-31,0
nloc-3033-11,2026-07-11,3033,MAIN,NEW,47,2028-12-31,0
nloc-3033-12,2026-07-12,3033,MAIN,NEW,48,2028-12-31,0
nloc-3033-12-s,2026-07-12,3033,SECONDARY,NEW,9,2028-12-31,0
nloc-3033-12-x,2026-07-12,3033,MAIN,NEW,16,2025-06-30,1
nloc-3033-13,2026-07-13,3033,MAIN,NEW,32,2028-12-31,0
nloc-3033-14,2026-07-14,3033,MAIN,NEW,50,2028-12-31,0
nloc-3033-14-b,2026-07-14,3033,DAMAGED,B_STOCK,10,2028-12-31,0
nloc-3033-15,2026-07-15,3033,MAIN,NEW,40,2028-12-31,0
nloc-3033-16,2026-07-16,3033,MAIN,NEW,54,2028-12-31,0
nloc-3033-17,2026-07-17,3033,MAIN,NEW,41,2028-12-31,0
nloc-3033-17-s,2026-07-17,3033,SECONDARY,NEW,10,2028-12-31,0
nloc-3033-18,2026-07-18,3033,MAIN,NEW,48,2028-12-31,0
nloc-3033-19,2026-07-19,3033,MAIN,NEW,30,2028-12-31,0
nloc-3033-20,2026-07-20,3033,MAIN,NEW,41,2028-12-31,0
nloc-3033-21,2026-07-21,3033,MAIN,NEW,36,2028-12-31,0
nloc-3033-22,2026-07-22,3033,MAIN,NEW,40,2028-12-31,0
nloc-3033-22-s,2026-07-22,3033,SECONDARY,NEW,9,2028-12-31,0
nloc-3033-23,2026-07-23,3033,MAIN,NEW,45,2028-12-31,0
nloc-3033-24,2026-07-24,3033,MAIN,NEW,25,2028-12-31,0
nloc-3033-25,2026-07-25,3033,MAIN,NEW,42,2028-12-31,0
nloc-3033-25-b,2026-07-25,3033,DAMAGED,B_STOCK,5,2028-12-31,0
nloc-3033-26,2026-07-26,3033,MAIN,NEW,38,2028-12-31,0
nloc-3033-27,2026-07-27,3033,MAIN,NEW,21,2028-12-31,0
nloc-3033-27-s,2026-07-27,3033,SECONDARY,NEW,5,2028-12-31,0
nloc-3033-28,2026-07-28,3033,MAIN,NEW,21,2028-12-31,0
nloc-3033-29,2026-07-29,3033,MAIN,NEW,33,2028-12-31,0
nloc-3033-30,2026-07-30,3033,MAIN,NEW,31,2028-12-31,0
nloc-3033-31,2026-07-31,3033,MAIN,NEW,49,2028-12-31,0
nloc-3034-01,2026-07-01,3034,MAIN,NEW,111,2028-12-31,0
nloc-3034-01-s,2026-07-01,3034,SECONDARY,NEW,9,2028-12-31,0
nloc-3034-02,2026-07-02,3034,MAIN,NEW,121,2028-12-31,0
nloc-3034-02-b,2026-07-02,3034,DAMAGED,B_STOCK,4,2028-12-31,0
nloc-3034-03,2026-07-03,3034,MAIN,NEW,112,2028-12-31,0
nloc-3034-04,2026-07-04,3034,MAIN,NEW,107,2028-12-31,0
nloc-3034-05,2026-07-05,3034,MAIN,NEW,117,2028-12-31,0
nloc-3034-06,2026-07-06,3034,MAIN,NEW,116,2028-12-31,0
nloc-3034-06-s,2026-07-06,3034,SECONDARY,NEW,6,2028-12-31,0
nloc-3034-07,2026-07-07,3034,MAIN,NEW,119,2028-12-31,0
nloc-3034-08,2026-07-08,3034,MAIN,NEW,110,2028-12-31,0
nloc-3034-09,2026-07-09,3034,MAIN,NEW,110,2028-12-31,0
nloc-3034-10,2026-07-10,3034,MAIN,NEW,100,2028-12-31,0
nloc-3034-11,2026-07-11,3034,MAIN,NEW,116,2028-12-31,0
nloc-3034-11-s,2026-07-11,3034,SECONDARY,NEW,1,2028-12-31,0
nloc-3034-11-x,2026-07-11,3034,MAIN,NEW,12,2025-06-30,1
nloc-3034-12,2026-07-12,3034,MAIN,NEW,115,2028-12-31,0
nloc-3034-13,2026-07-13,3034,MAIN,NEW,116,2028-12-31,0
nloc-3034-13-b,2026-07-13,3034,DAMAGED,B_STOCK,11,2028-12-31,0
nloc-3034-14,2026-07-14,3034,MAIN,NEW,108,2028-12-31,0
nloc-3034-15,2026-07-15,3034,MAIN,NEW,118,2028-12-31,0
nloc-3034-16,2026-07-16,3034,MAIN,NEW,105,2028-12-31,0
nloc-3034-16-s,2026-07-16,3034,SECONDARY,NEW,8,2028-12-31,0
nloc-3034-17,2026-07-17,3034,MAIN,NEW,104,2028-12-31,0
nloc-3034-18,2026-07-18,3034,MAIN,NEW,116,2028-12-31,0
nloc-3034-19,2026-07-19,3034,MAIN,NEW,97,2028-12-31,0
nloc-3034-20,2026-07-20,3034,MAIN,NEW,94,2028-12-31,0
nloc-3034-21,2026-07-21,3034,MAIN,NEW,92,2028-12-31,0
nloc-3034-21-s,2026-07-21,3034,SECONDARY,NEW,8,2028-12-31,0
nloc-3034-22,2026-07-22,3034,MAIN,NEW,114,2028-12-31,0
nloc-3034-23,2026-07-23,3034,MAIN,NEW,91,2028-12-31,0
nloc-3034-24,2026-07-24,3034,MAIN,NEW,91,2028-12-31,0
nloc-3034-24-b,2026-07-24,3034,DAMAGED,B_STOCK,12,2028-12-31,0
nloc-3034-25,2026-07-25,3034,MAIN,NEW,99,2028-12-31,0
nloc-3034-26,2026-07-26,3034,MAIN,NEW,111,2028-12-31,0
nloc-3034-26-s,2026-07-26,3034,SECONDARY,NEW,2,2028-12-31,0
nloc-3034-27,2026-07-27,3034,MAIN,NEW,102,2028-12-31,0
nloc-3034-28,2026-07-28,3034,MAIN,NEW,90,2028-12-31,0
nloc-3034-29,2026-07-29,3034,MAIN,NEW,89,2028-12-31,0
nloc-3034-30,2026-07-30,3034,MAIN,NEW,109,2028-12-31,0
nloc-3034-31,2026-07-31,3034,MAIN,NEW,117,2028-12-31,0
nloc-3034-31-s,2026-07-31,3034,SECONDARY,NEW,7,2028-12-31,0
nloc-3035-01,2026-07-01,3035,MAIN,NEW,73,2028-12-31,0
nloc-3035-01-b,2026-07-01,3035,DAMAGED,B_STOCK,12,2028-12-31,0
nloc-3035-02,2026-07-02,3035,MAIN,NEW,73,2028-12-31,0
nloc-3035-03,2026-07-03,3035,MAIN,NEW,69,2028-12-31,0
nloc-3035-04,2026-07-04,3035,MAIN,NEW,65,2028-12-31,0
nloc-3035-05,2026-07-05,3035,MAIN,NEW,62,2028-12-31,0
nloc-3035-05-s,2026-07-05,3035,SECONDARY,NEW,1,2028-12-31,0
nloc-3035-06,2026-07-06,3035,MAIN,NEW,57,2028-12-31,0
nloc-3035-07,2026-07-07,3035,MAIN,NEW,66,2028-12-31,0
nloc-3035-08,2026-07-08,3035,MAIN,NEW,57,2028-12-31,0
nloc-3035-09,2026-07-09,3035,MAIN,NEW,64,2028-12-31,0
nloc-3035-10,2026-07-10,3035,MAIN,NEW,63,2028-12-31,0
nloc-3035-10-s,2026-07-10,3035,SECONDARY,NEW,8,2028-12-31,0
nloc-3035-10-x,2026-07-10,3035,MAIN,NEW,19,2025-06-30,1
nloc-3035-11,2026-07-11,3035,MAIN,NEW,54,2028-12-31,0
nloc-3035-12,2026-07-12,3035,MAIN,NEW,66,2028-12-31,0
nloc-3035-12-b,2026-07-12,3035,DAMAGED,B_STOCK,6,2028-12-31,0
nloc-3035-13,2026-07-13,3035,MAIN,NEW,61,2028-12-31,0
nloc-3035-14,2026-07-14,3035,MAIN,NEW,65,2028-12-31,0
nloc-3035-15,2026-07-15,3035,MAIN,NEW,55,2028-12-31,0
nloc-3035-15-s,2026-07-15,3035,SECONDARY,NEW,9,2028-12-31,0
nloc-3035-16,2026-07-16,3035,MAIN,NEW,59,2028-12-31,0
nloc-3035-17,2026-07-17,3035,MAIN,NEW,61,2028-12-31,0
nloc-3035-18,2026-07-18,3035,MAIN,NEW,66,2028-12-31,0
nloc-3035-19,2026-07-19,3035,MAIN,NEW,62,2028-12-31,0
nloc-3035-20,2026-07-20,3035,MAIN,NEW,69,2028-12-31,0
nloc-3035-20-s,2026-07-20,3035,SECONDARY,NEW,2,2028-12-31,0
nloc-3035-21,2026-07-21,3035,MAIN,NEW,64,2028-12-31,0
nloc-3035-22,2026-07-22,3035,MAIN,NEW,42,2028-12-31,0
nloc-3035-23,2026-07-23,3035,MAIN,NEW,62,2028-12-31,0
nloc-3035-23-b,2026-07-23,3035,DAMAGED,B_STOCK,6,2028-12-31,0
nloc-3035-24,2026-07-24,3035,MAIN,NEW,53,2028-12-31,0
nloc-3035-25,2026-07-25,3035,MAIN,NEW,67,2028-12-31,0
nloc-3035-25-s,2026-07-25,3035,SECONDARY,NEW,3,2028-12-31,0
nloc-3035-26,2026-07-26,3035,MAIN,NEW,46,2028-12-31,0
nloc-3035-27,2026-07-27,3035,MAIN,NEW,34,2028-12-31,0
nloc-3035-28,2026-07-28,3035,MAIN,NEW,51,2028-12-31,0
nloc-3035-29,2026-07-29,3035,MAIN,NEW,52,2028-12-31,0
nloc-3035-30,2026-07-30,3035,MAIN,NEW,59,2028-12-31,0
nloc-3035-30-s,2026-07-30,3035,SECONDARY,NEW,10,2028-12-31,0
nloc-3035-31,2026-07-31,3035,MAIN,NEW,59,2028-12-31,0
nloc-3036-01,2026-07-01,3036,MAIN,NEW,49,2028-12-31,0
nloc-3036-02,2026-07-02,3036,MAIN,NEW,53,2028-12-31,0
nloc-3036-03,2026-07-03,3036,MAIN,NEW,45,2028-12-31,0
nloc-3036-04,2026-07-04,3036,MAIN,NEW,49,2028-12-31,0
nloc-3036-04-s,2026-07-04,3036,SECONDARY,NEW,1,2028-12-31,0
nloc-3036-05,2026-07-05,3036,MAIN,NEW,42,2028-12-31,0
nloc-3036-06,2026-07-06,3036,MAIN,NEW,56,2028-12-31,0
nloc-3036-07,2026-07-07,3036,MAIN,NEW,48,2028-12-31,0
nloc-3036-08,2026-07-08,3036,MAIN,NEW,50,2028-12-31,0
nloc-3036-09,2026-07-09,3036,MAIN,NEW,55,2028-12-31,0
nloc-3036-09-s,2026-07-09,3036,SECONDARY,NEW,9,2028-12-31,0
nloc-3036-09-x,2026-07-09,3036,MAIN,NEW,6,2025-06-30,1
nloc-3036-10,2026-07-10,3036,MAIN,NEW,37,2028-12-31,0
nloc-3036-11,2026-07-11,3036,MAIN,NEW,35,2028-12-31,0
nloc-3036-11-b,2026-07-11,3036,DAMAGED,B_STOCK,10,2028-12-31,0
nloc-3036-12,2026-07-12,3036,MAIN,NEW,41,2028-12-31,0
nloc-3036-13,2026-07-13,3036,MAIN,NEW,46,2028-12-31,0
nloc-3036-14,2026-07-14,3036,MAIN,NEW,53,2028-12-31,0
nloc-3036-14-s,2026-07-14,3036,SECONDARY,NEW,10,2028-12-31,0
nloc-3036-15,2026-07-15,3036,MAIN,NEW,42,2028-12-31,0
nloc-3036-16,2026-07-16,3036,MAIN,NEW,37,2028-12-31,0
nloc-3036-17,2026-07-17,3036,MAIN,NEW,40,2028-12-31,0
nloc-3036-18,2026-07-18,3036,MAIN,NEW,48,2028-12-31,0
nloc-3036-19,2026-07-19,3036,MAIN,NEW,34,2028-12-31,0
nloc-3036-19-s,2026-07-19,3036,SECONDARY,NEW,2,2028-12-31,0
nloc-3036-20,2026-07-20,3036,MAIN,NEW,49,2028-12-31,0
nloc-3036-21,2026-07-21,3036,MAIN,NEW,42,2028-12-31,0
nloc-3036-22,2026-07-22,3036,MAIN,NEW,30,2028-12-31,0
nloc-3036-22-b,2026-07-22,3036,DAMAGED,B_STOCK,9,2028-12-31,0
nloc-3036-23,2026-07-23,3036,MAIN,NEW,26,2028-12-31,0
nloc-3036-24,2026-07-24,3036,MAIN,NEW,30,2028-12-31,0
nloc-3036-24-s,2026-07-24,3036,SECONDARY,NEW,7,2028-12-31,0
nloc-3036-25,2026-07-25,3036,MAIN,NEW,35,2028-12-31,0
nloc-3036-26,2026-07-26,3036,MAIN,NEW,35,2028-12-31,0
nloc-3036-27,2026-07-27,3036,MAIN,NEW,30,2028-12-31,0
nloc-3036-28,2026-07-28,3036,MAIN,NEW,18,2028-12-31,0
nloc-3036-29,2026-07-29,3036,MAIN,NEW,27,2028-12-31,0
nloc-3036-29-s,2026-07-29,3036,SECONDARY,NEW,2,2028-12-31,0
nloc-3036-30,2026-07-30,3036,MAIN,NEW,18,2028-12-31,0
nloc-3036-31,2026-07-31,3036,MAIN,NEW,20,2028-12-31,0
nloc-3037-01,2026-07-01,3037,MAIN,NEW,34,2028-12-31,0
nloc-3037-02,2026-07-02,3037,MAIN,NEW,25,2028-12-31,0
nloc-3037-03,2026-07-03,3037,MAIN,NEW,22,2028-12-31,0
nloc-3037-03-s,2026-07-03,3037,SECONDARY,NEW,10,2028-12-31,0
nloc-3037-04,2026-07-04,3037,MAIN,NEW,19,2028-12-31,0
nloc-3037-05,2026-07-05,3037,MAIN,NEW,24,2028-12-31,0
nloc-3037-06,2026-07-06,3037,MAIN,NEW,24,2028-12-31,0
nloc-3037-07,2026-07-07,3037,MAIN,NEW,14,2028-12-31,0
nloc-3037-08,2026-07-08,3037,MAIN,NEW,26,2028-12-31,0
nloc-3037-08-s,2026-07-08,3037,SECONDARY,NEW,5,2028-12-31,0
nloc-3037-08-x,2026-07-08,3037,MAIN,NEW,13,2025-06-30,1
nloc-3037-09,2026-07-09,3037,MAIN,NEW,19,2028-12-31,0
nloc-3037-10,2026-07-10,3037,MAIN,NEW,25,2028-12-31,0
nloc-3037-10-b,2026-07-10,3037,DAMAGED,B_STOCK,2,2028-12-31,0
nloc-3037-11,2026-07-11,3037,MAIN,NEW,20,2028-12-31,0
nloc-3037-12,2026-07-12,3037,MAIN,NEW,14,2028-12-31,0
nloc-3037-13,2026-07-13,3037,MAIN,NEW,29,2028-12-31,0
nloc-3037-13-s,2026-07-13,3037,SECONDARY,NEW,9,2028-12-31,0
nloc-3037-14,2026-07-14,3037,MAIN,NEW,16,2028-12-31,0
nloc-3037-15,2026-07-15,3037,MAIN,NEW,12,2028-12-31,0
nloc-3037-16,2026-07-16,3037,MAIN,NEW,14,2028-12-31,0
nloc-3037-17,2026-07-17,3037,MAIN,NEW,21,2028-12-31,0
nloc-3037-18,2026-07-18,3037,MAIN,NEW,11,2028-12-31,0
nloc-3037-18-s,2026-07-18,3037,SECONDARY,NEW,8,2028-12-31,0
nloc-3037-19,2026-07-19,3037,MAIN,NEW,16,2028-12-31,0
nloc-3037-20,2026-07-20,3037,MAIN,NEW,13,2028-12-31,0
nloc-3037-21,2026-07-21,3037,MAIN,NEW,21,2028-12-31,0
nloc-3037-21-b,2026-07-21,3037,DAMAGED,B_STOCK,1,2028-12-31,0
nloc-3037-22,2026-07-22,3037,MAIN,NEW,7,2028-12-31,0
nloc-3037-23,2026-07-23,3037,MAIN,NEW,22,2028-12-31,0
nloc-3037-23-s,2026-07-23,3037,SECONDARY,NEW,1,2028-12-31,0
nloc-3037-24,2026-07-24,3037,MAIN,NEW,0,2028-12-31,0
nloc-3037-25,2026-07-25,3037,MAIN,NEW,8,2028-12-31,0
nloc-3037-26,2026-07-26,3037,MAIN,NEW,1,2028-12-31,0
nloc-3037-27,2026-07-27,3037,MAIN,NEW,15,2028-12-31,0
nloc-3037-28,2026-07-28,3037,MAIN,NEW,6,2028-12-31,0
nloc-3037-28-s,2026-07-28,3037,SECONDARY,NEW,8,2028-12-31,0
nloc-3037-29,2026-07-29,3037,MAIN,NEW,0,2028-12-31,0
nloc-3037-30,2026-07-30,3037,MAIN,NEW,0,2028-12-31,0
nloc-3037-31,2026-07-31,3037,MAIN,NEW,0,2028-12-31,0
nloc-3038-01,2026-07-01,3038,MAIN,NEW,49,2028-12-31,0
nloc-3038-02,2026-07-02,3038,MAIN,NEW,49,2028-12-31,0
nloc-3038-02-s,2026-07-02,3038,SECONDARY,NEW,8,2028-12-31,0
nloc-3038-03,2026-07-03,3038,MAIN,NEW,56,2028-12-31,0
nloc-3038-04,2026-07-04,3038,MAIN,NEW,52,2028-12-31,0
nloc-3038-05,2026-07-05,3038,MAIN,NEW,45,2028-12-31,0
nloc-3038-06,2026-07-06,3038,MAIN,NEW,44,2028-12-31,0
nloc-3038-07,2026-07-07,3038,MAIN,NEW,44,2028-12-31,0
nloc-3038-07-s,2026-07-07,3038,SECONDARY,NEW,9,2028-12-31,0
nloc-3038-07-x,2026-07-07,3038,MAIN,NEW,8,2025-06-30,1
nloc-3038-08,2026-07-08,3038,MAIN,NEW,50,2028-12-31,0
nloc-3038-09,2026-07-09,3038,MAIN,NEW,51,2028-12-31,0
nloc-3038-09-b,2026-07-09,3038,DAMAGED,B_STOCK,9,2028-12-31,0
nloc-3038-10,2026-07-10,3038,MAIN,NEW,44,2028-12-31,0
nloc-3038-11,2026-07-11,3038,MAIN,NEW,50,2028-12-31,0
nloc-3038-12,2026-07-12,3038,MAIN,NEW,37,2028-12-31,0
nloc-3038-12-s,2026-07-12,3038,SECONDARY,NEW,1,2028-12-31,0
nloc-3038-13,2026-07-13,3038,MAIN,NEW,44,2028-12-31,0
nloc-3038-14,2026-07-14,3038,MAIN,NEW,43,2028-12-31,0
nloc-3038-15,2026-07-15,3038,MAIN,NEW,46,2028-12-31,0
nloc-3038-16,2026-07-16,3038,MAIN,NEW,48,2028-12-31,0
nloc-3038-17,2026-07-17,3038,MAIN,NEW,44,2028-12-31,0
nloc-3038-17-s,2026-07-17,3038,SECONDARY,NEW,2,2028-12-31,0
nloc-3038-18,2026-07-18,3038,MAIN,NEW,43,2028-12-31,0
nloc-3038-19,2026-07-19,3038,MAIN,NEW,46,2028-12-31,0
nloc-3038-20,2026-07-20,3038,MAIN,NEW,49,2028-12-31,0
nloc-3038-20-b,2026-07-20,3038,DAMAGED,B_STOCK,13,2028-12-31,0
nloc-3038-21,2026-07-21,3038,MAIN,NEW,22,2028-12-31,0
nloc-3038-22,2026-07-22,3038,MAIN,NEW,36,2028-12-31,0
nloc-3038-22-s,2026-07-22,3038,SECONDARY,NEW,3,2028-12-31,0
nloc-3038-23,2026-07-23,3038,MAIN,NEW,20,2028-12-31,0
nloc-3038-24,2026-07-24,3038,MAIN,NEW,30,2028-12-31,0
nloc-3038-25,2026-07-25,3038,MAIN,NEW,35,2028-12-31,0
nloc-3038-26,2026-07-26,3038,MAIN,NEW,47,2028-12-31,0
nloc-3038-27,2026-07-27,3038,MAIN,NEW,13,2028-12-31,0
nloc-3038-27-s,2026-07-27,3038,SECONDARY,NEW,3,2028-12-31,0
nloc-3038-28,2026-07-28,3038,MAIN,NEW,35,2028-12-31,0
nloc-3038-29,2026-07-29,3038,MAIN,NEW,49,2028-12-31,0
nloc-3038-30,2026-07-30,3038,MAIN,NEW,35,2028-12-31,0
nloc-3038-31,2026-07-31,3038,MAIN,NEW,33,2028-12-31,0
nloc-3038-31-b,2026-07-31,3038,DAMAGED,B_STOCK,11,2028-12-31,0
nloc-3039-01,2026-07-01,3039,MAIN,NEW,66,2028-12-31,0
nloc-3039-01-s,2026-07-01,3039,SECONDARY,NEW,6,2028-12-31,0
nloc-3039-02,2026-07-02,3039,MAIN,NEW,71,2028-12-31,0
nloc-3039-03,2026-07-03,3039,MAIN,NEW,62,2028-12-31,0
nloc-3039-04,2026-07-04,3039,MAIN,NEW,73,2028-12-31,0
nloc-3039-05,2026-07-05,3039,MAIN,NEW,58,2028-12-31,0
nloc-3039-06,2026-07-06,3039,MAIN,NEW,62,2028-12-31,0
nloc-3039-06-s,2026-07-06,3039,SECONDARY,NEW,6,2028-12-31,0
nloc-3039-06-x,2026-07-06,3039,MAIN,NEW,12,2025-06-30,1
nloc-3039-07,2026-07-07,3039,MAIN,NEW,61,2028-12-31,0
nloc-3039-08,2026-07-08,3039,MAIN,NEW,58,2028-12-31,0
nloc-3039-08-b,2026-07-08,3039,DAMAGED,B_STOCK,7,2028-12-31,0
nloc-3039-09,2026-07-09,3039,MAIN,NEW,51,2028-12-31,0
nloc-3039-10,2026-07-10,3039,MAIN,NEW,65,2028-12-31,0
nloc-3039-11,2026-07-11,3039,MAIN,NEW,59,2028-12-31,0
nloc-3039-11-s,2026-07-11,3039,SECONDARY,NEW,8,2028-12-31,0
nloc-3039-12,2026-07-12,3039,MAIN,NEW,59,2028-12-31,0
nloc-3039-13,2026-07-13,3039,MAIN,NEW,69,2028-12-31,0
nloc-3039-14,2026-07-14,3039,MAIN,NEW,65,2028-12-31,0
nloc-3039-15,2026-07-15,3039,MAIN,NEW,56,2028-12-31,0
nloc-3039-16,2026-07-16,3039,MAIN,NEW,60,2028-12-31,0
nloc-3039-16-s,2026-07-16,3039,SECONDARY,NEW,9,2028-12-31,0
nloc-3039-17,2026-07-17,3039,MAIN,NEW,53,2028-12-31,0
nloc-3039-18,2026-07-18,3039,MAIN,NEW,42,2028-12-31,0
nloc-3039-19,2026-07-19,3039,MAIN,NEW,56,2028-12-31,0
nloc-3039-19-b,2026-07-19,3039,DAMAGED,B_STOCK,4,2028-12-31,0
nloc-3039-20,2026-07-20,3039,MAIN,NEW,59,2028-12-31,0
nloc-3039-21,2026-07-21,3039,MAIN,NEW,40,2028-12-31,0
nloc-3039-21-s,2026-07-21,3039,SECONDARY,NEW,1,2028-12-31,0
nloc-3039-22,2026-07-22,3039,MAIN,NEW,60,2028-12-31,0
nloc-3039-23,2026-07-23,3039,MAIN,NEW,43,2028-12-31,0
nloc-3039-24,2026-07-24,3039,MAIN,NEW,69,2028-12-31,0
nloc-3039-25,2026-07-25,3039,MAIN,NEW,50,2028-12-31,0
nloc-3039-26,2026-07-26,3039,MAIN,NEW,60,2028-12-31,0
nloc-3039-26-s,2026-07-26,3039,SECONDARY,NEW,2,2028-12-31,0
nloc-3039-27,2026-07-27,3039,MAIN,NEW,37,2028-12-31,0
nloc-3039-28,2026-07-28,3039,MAIN,NEW,57,2028-12-31,0
nloc-3039-29,2026-07-29,3039,MAIN,NEW,30,2028-12-31,0
nloc-3039-30,2026-07-30,3039,MAIN,NEW,66,2028-12-31,0
nloc-3039-30-b,2026-07-30,3039,DAMAGED,B_STOCK,1,2028-12-31,0
nloc-3039-31,2026-07-31,3039,MAIN,NEW,64,2028-12-31,0
nloc-3039-31-s,2026-07-31,3039,SECONDARY,NEW,9,2028-12-31,0
nloc-3040-01,2026-07-01,3040,MAIN,NEW,56,2028-12-31,0
nloc-3040-02,2026-07-02,3040,MAIN,NEW,44,2028-12-31,0
nloc-3040-03,2026-07-03,3040,MAIN,NEW,44,2028-12-31,0
nloc-3040-04,2026-07-04,3040,MAIN,NEW,47,2028-12-31,0
nloc-3040-05,2026-07-05,3040,MAIN,NEW,49,2028-12-31,0
nloc-3040-05-s,2026-07-05,3040,SECONDARY,NEW,4,2028-12-31,0
nloc-3040-05-x,2026-07-05,3040,MAIN,NEW,29,2025-06-30,1
nloc-3040-06,2026-07-06,3040,MAIN,NEW,48,2028-12-31,0
nloc-3040-07,2026-07-07,3040,MAIN,NEW,43,2028-12-31,0
nloc-3040-07-b,2026-07-07,3040,DAMAGED,B_STOCK,12,2028-12-31,0
nloc-3040-08,2026-07-08,3040,MAIN,NEW,41,2028-12-31,0
nloc-3040-09,2026-07-09,3040,MAIN,NEW,34,2028-12-31,0
nloc-3040-10,2026-07-10,3040,MAIN,NEW,45,2028-12-31,0
nloc-3040-10-s,2026-07-10,3040,SECONDARY,NEW,7,2028-12-31,0
nloc-3040-11,2026-07-11,3040,MAIN,NEW,44,2028-12-31,0
nloc-3040-12,2026-07-12,3040,MAIN,NEW,33,2028-12-31,0
nloc-3040-13,2026-07-13,3040,MAIN,NEW,47,2028-12-31,0
nloc-3040-14,2026-07-14,3040,MAIN,NEW,33,2028-12-31,0
nloc-3040-15,2026-07-15,3040,MAIN,NEW,41,2028-12-31,0
nloc-3040-15-s,2026-07-15,3040,SECONDARY,NEW,9,2028-12-31,0
nloc-3040-16,2026-07-16,3040,MAIN,NEW,45,2028-12-31,0
nloc-3040-17,2026-07-17,3040,MAIN,NEW,31,2028-12-31,0
nloc-3040-18,2026-07-18,3040,MAIN,NEW,37,2028-12-31,0
nloc-3040-18-b,2026-07-18,3040,DAMAGED,B_STOCK,10,2028-12-31,0
nloc-3040-19,2026-07-19,3040,MAIN,NEW,40,2028-12-31,0
nloc-3040-20,2026-07-20,3040,MAIN,NEW,42,2028-12-31,0
nloc-3040-20-s,2026-07-20,3040,SECONDARY,NEW,10,2028-12-31,0
nloc-3040-21,2026-07-21,3040,MAIN,NEW,32,2028-12-31,0
nloc-3040-22,2026-07-22,3040,MAIN,NEW,18,2028-12-31,0
nloc-3040-23,2026-07-23,3040,MAIN,NEW,22,2028-12-31,0
nloc-3040-24,2026-07-24,3040,MAIN,NEW,46,2028-12-31,0
nloc-3040-25,2026-07-25,3040,MAIN,NEW,19,2028-12-31,0
nloc-3040-25-s,2026-07-25,3040,SECONDARY,NEW,1,2028-12-31,0
nloc-3040-26,2026-07-26,3040,MAIN,NEW,38,2028-12-31,0
nloc-3040-27,2026-07-27,3040,MAIN,NEW,18,2028-12-31,0
nloc-3040-28,2026-07-28,3040,MAIN,NEW,26,2028-12-31,0
nloc-3040-29,2026-07-29,3040,MAIN,NEW,22,2028-12-31,0
nloc-3040-29-b,2026-07-29,3040,DAMAGED,B_STOCK,12,2028-12-31,0
nloc-3040-30,2026-07-30,3040,MAIN,NEW,32,2028-12-31,0
nloc-3040-30-s,2026-07-30,3040,SECONDARY,NEW,5,2028-12-31,0
nloc-3040-31,2026-07-31,3040,MAIN,NEW,33,2028-12-31,0
nloc-3041-01,2026-07-01,3041,MAIN,NEW,40,2028-12-31,0
nloc-3041-02,2026-07-02,3041,MAIN,NEW,48,2028-12-31,0
nloc-3041-03,2026-07-03,3041,MAIN,NEW,43,2028-12-31,0
nloc-3041-04,2026-07-04,3041,MAIN,NEW,42,2028-12-31,0
nloc-3041-04-s,2026-07-04,3041,SECONDARY,NEW,1,2028-12-31,0
nloc-3041-04-x,2026-07-04,3041,MAIN,NEW,11,2025-06-30,1
nloc-3041-05,2026-07-05,3041,MAIN,NEW,38,2028-12-31,0
nloc-3041-06,2026-07-06,3041,MAIN,NEW,37,2028-12-31,0
nloc-3041-06-b,2026-07-06,3041,DAMAGED,B_STOCK,11,2028-12-31,0
nloc-3041-07,2026-07-07,3041,MAIN,NEW,34,2028-12-31,0
nloc-3041-08,2026-07-08,3041,MAIN,NEW,49,2028-12-31,0
nloc-3041-09,2026-07-09,3041,MAIN,NEW,31,2028-12-31,0
nloc-3041-09-s,2026-07-09,3041,SECONDARY,NEW,4,2028-12-31,0
nloc-3041-10,2026-07-10,3041,MAIN,NEW,42,2028-12-31,0
nloc-3041-11,2026-07-11,3041,MAIN,NEW,30,2028-12-31,0
nloc-3041-12,2026-07-12,3041,MAIN,NEW,37,2028-12-31,0
nloc-3041-13,2026-07-13,3041,MAIN,NEW,22,2028-12-31,0
nloc-3041-14,2026-07-14,3041,MAIN,NEW,34,2028-12-31,0
nloc-3041-14-s,2026-07-14,3041,SECONDARY,NEW,3,2028-12-31,0
nloc-3041-15,2026-07-15,3041,MAIN,NEW,29,2028-12-31,0
nloc-3041-16,2026-07-16,3041,MAIN,NEW,32,2028-12-31,0
nloc-3041-17,2026-07-17,3041,MAIN,NEW,40,2028-12-31,0
nloc-3041-17-b,2026-07-17,3041,DAMAGED,B_STOCK,10,2028-12-31,0
nloc-3041-18,2026-07-18,3041,MAIN,NEW,46,2028-12-31,0
nloc-3041-19,2026-07-19,3041,MAIN,NEW,38,2028-12-31,0
nloc-3041-19-s,2026-07-19,3041,SECONDARY,NEW,5,2028-12-31,0
nloc-3041-20,2026-07-20,3041,MAIN,NEW,34,2028-12-31,0
nloc-3041-21,2026-07-21,3041,MAIN,NEW,20,2028-12-31,0
nloc-3041-22,2026-07-22,3041,MAIN,NEW,31,2028-12-31,0
nloc-3041-23,2026-07-23,3041,MAIN,NEW,12,2028-12-31,0
nloc-3041-24,2026-07-24,3041,MAIN,NEW,39,2028-12-31,0
nloc-3041-24-s,2026-07-24,3041,SECONDARY,NEW,9,2028-12-31,0
nloc-3041-25,2026-07-25,3041,MAIN,NEW,27,2028-12-31,0
nloc-3041-26,2026-07-26,3041,MAIN,NEW,14,2028-12-31,0
nloc-3041-27,2026-07-27,3041,MAIN,NEW,20,2028-12-31,0
nloc-3041-28,2026-07-28,3041,MAIN,NEW,33,2028-12-31,0
nloc-3041-28-b,2026-07-28,3041,DAMAGED,B_STOCK,14,2028-12-31,0
nloc-3041-29,2026-07-29,3041,MAIN,NEW,13,2028-12-31,0
nloc-3041-29-s,2026-07-29,3041,SECONDARY,NEW,3,2028-12-31,0
nloc-3041-30,2026-07-30,3041,MAIN,NEW,35,2028-12-31,0
nloc-3041-31,2026-07-31,3041,MAIN,NEW,15,2028-12-31,0
nloc-3042-01,2026-07-01,3042,MAIN,NEW,48,2028-12-31,0
nloc-3042-02,2026-07-02,3042,MAIN,NEW,50,2028-12-31,0
nloc-3042-03,2026-07-03,3042,MAIN,NEW,41,2028-12-31,0
nloc-3042-03-s,2026-07-03,3042,SECONDARY,NEW,4,2028-12-31,0
nloc-3042-03-x,2026-07-03,3042,MAIN,NEW,25,2025-06-30,1
nloc-3042-04,2026-07-04,3042,MAIN,NEW,37,2028-12-31,0
nloc-3042-05,2026-07-05,3042,MAIN,NEW,40,2028-12-31,0
nloc-3042-05-b,2026-07-05,3042,DAMAGED,B_STOCK,14,2028-12-31,0
nloc-3042-06,2026-07-06,3042,MAIN,NEW,41,2028-12-31,0
nloc-3042-07,2026-07-07,3042,MAIN,NEW,37,2028-12-31,0
nloc-3042-08,2026-07-08,3042,MAIN,NEW,44,2028-12-31,0
nloc-3042-08-s,2026-07-08,3042,SECONDARY,NEW,3,2028-12-31,0
nloc-3042-09,2026-07-09,3042,MAIN,NEW,40,2028-12-31,0
nloc-3042-10,2026-07-10,3042,MAIN,NEW,34,2028-12-31,0
nloc-3042-11,2026-07-11,3042,MAIN,NEW,39,2028-12-31,0
nloc-3042-12,2026-07-12,3042,MAIN,NEW,37,2028-12-31,0
nloc-3042-13,2026-07-13,3042,MAIN,NEW,48,2028-12-31,0
nloc-3042-13-s,2026-07-13,3042,SECONDARY,NEW,1,2028-12-31,0
nloc-3042-14,2026-07-14,3042,MAIN,NEW,38,2028-12-31,0
nloc-3042-15,2026-07-15,3042,MAIN,NEW,37,2028-12-31,0
nloc-3042-16,2026-07-16,3042,MAIN,NEW,32,2028-12-31,0
nloc-3042-16-b,2026-07-16,3042,DAMAGED,B_STOCK,7,2028-12-31,0
nloc-3042-17,2026-07-17,3042,MAIN,NEW,36,2028-12-31,0
nloc-3042-18,2026-07-18,3042,MAIN,NEW,27,2028-12-31,0
nloc-3042-18-s,2026-07-18,3042,SECONDARY,NEW,8,2028-12-31,0
nloc-3042-19,2026-07-19,3042,MAIN,NEW,38,2028-12-31,0
nloc-3042-20,2026-07-20,3042,MAIN,NEW,33,2028-12-31,0
nloc-3042-21,2026-07-21,3042,MAIN,NEW,22,2028-12-31,0
nloc-3042-22,2026-07-22,3042,MAIN,NEW,39,2028-12-31,0
nloc-3042-23,2026-07-23,3042,MAIN,NEW,25,2028-12-31,0
nloc-3042-23-s,2026-07-23,3042,SECONDARY,NEW,9,2028-12-31,0
nloc-3042-24,2026-07-24,3042,MAIN,NEW,24,2028-12-31,0
nloc-3042-25,2026-07-25,3042,MAIN,NEW,27,2028-12-31,0
nloc-3042-26,2026-07-26,3042,MAIN,NEW,35,2028-12-31,0
nloc-3042-27,2026-07-27,3042,MAIN,NEW,19,2028-12-31,0
nloc-3042-27-b,2026-07-27,3042,DAMAGED,B_STOCK,15,2028-12-31,0
nloc-3042-28,2026-07-28,3042,MAIN,NEW,22,2028-12-31,0
nloc-3042-28-s,2026-07-28,3042,SECONDARY,NEW,2,2028-12-31,0
nloc-3042-29,2026-07-29,3042,MAIN,NEW,44,2028-12-31,0
nloc-3042-30,2026-07-30,3042,MAIN,NEW,37,2028-12-31,0
nloc-3042-31,2026-07-31,3042,MAIN,NEW,8,2028-12-31,0
nloc-3043-01,2026-07-01,3043,MAIN,NEW,101,2028-12-31,0
nloc-3043-02,2026-07-02,3043,MAIN,NEW,102,2028-12-31,0
nloc-3043-02-s,2026-07-02,3043,SECONDARY,NEW,6,2028-12-31,0
nloc-3043-02-x,2026-07-02,3043,MAIN,NEW,27,2025-06-30,1
nloc-3043-03,2026-07-03,3043,MAIN,NEW,95,2028-12-31,0
nloc-3043-04,2026-07-04,3043,MAIN,NEW,90,2028-12-31,0
nloc-3043-04-b,2026-07-04,3043,DAMAGED,B_STOCK,13,2028-12-31,0
nloc-3043-05,2026-07-05,3043,MAIN,NEW,103,2028-12-31,0
nloc-3043-06,2026-07-06,3043,MAIN,NEW,99,2028-12-31,0
nloc-3043-07,2026-07-07,3043,MAIN,NEW,103,2028-12-31,0
nloc-3043-07-s,2026-07-07,3043,SECONDARY,NEW,8,2028-12-31,0
nloc-3043-08,2026-07-08,3043,MAIN,NEW,89,2028-12-31,0
nloc-3043-09,2026-07-09,3043,MAIN,NEW,89,2028-12-31,0
nloc-3043-10,2026-07-10,3043,MAIN,NEW,93,2028-12-31,0
nloc-3043-11,2026-07-11,3043,MAIN,NEW,89,2028-12-31,0
nloc-3043-12,2026-07-12,3043,MAIN,NEW,93,2028-12-31,0
nloc-3043-12-s,2026-07-12,3043,SECONDARY,NEW,10,2028-12-31,0
nloc-3043-13,2026-07-13,3043,MAIN,NEW,81,2028-12-31,0
nloc-3043-14,2026-07-14,3043,MAIN,NEW,78,2028-12-31,0
nloc-3043-15,2026-07-15,3043,MAIN,NEW,86,2028-12-31,0
nloc-3043-15-b,2026-07-15,3043,DAMAGED,B_STOCK,3,2028-12-31,0
nloc-3043-16,2026-07-16,3043,MAIN,NEW,80,2028-12-31,0
nloc-3043-17,2026-07-17,3043,MAIN,NEW,90,2028-12-31,0
nloc-3043-17-s,2026-07-17,3043,SECONDARY,NEW,10,2028-12-31,0
nloc-3043-18,2026-07-18,3043,MAIN,NEW,88,2028-12-31,0
nloc-3043-19,2026-07-19,3043,MAIN,NEW,85,2028-12-31,0
nloc-3043-20,2026-07-20,3043,MAIN,NEW,79,2028-12-31,0
nloc-3043-21,2026-07-21,3043,MAIN,NEW,82,2028-12-31,0
nloc-3043-22,2026-07-22,3043,MAIN,NEW,63,2028-12-31,0
nloc-3043-22-s,2026-07-22,3043,SECONDARY,NEW,7,2028-12-31,0
nloc-3043-23,2026-07-23,3043,MAIN,NEW,72,2028-12-31,0
nloc-3043-24,2026-07-24,3043,MAIN,NEW,79,2028-12-31,0
nloc-3043-25,2026-07-25,3043,MAIN,NEW,84,2028-12-31,0
nloc-3043-26,2026-07-26,3043,MAIN,NEW,74,2028-12-31,0
nloc-3043-26-b,2026-07-26,3043,DAMAGED,B_STOCK,11,2028-12-31,0
nloc-3043-27,2026-07-27,3043,MAIN,NEW,65,2028-12-31,0
nloc-3043-27-s,2026-07-27,3043,SECONDARY,NEW,4,2028-12-31,0
nloc-3043-28,2026-07-28,3043,MAIN,NEW,82,2028-12-31,0
nloc-3043-29,2026-07-29,3043,MAIN,NEW,78,2028-12-31,0
nloc-3043-30,2026-07-30,3043,MAIN,NEW,84,2028-12-31,0
nloc-3043-31,2026-07-31,3043,MAIN,NEW,66,2028-12-31,0
nloc-3043-31-x,2026-07-31,3043,MAIN,NEW,28,2025-06-30,1
nloc-3044-01,2026-07-01,3044,MAIN,NEW,27,2028-12-31,0
nloc-3044-01-s,2026-07-01,3044,SECONDARY,NEW,1,2028-12-31,0
nloc-3044-01-x,2026-07-01,3044,MAIN,NEW,8,2025-06-30,1
nloc-3044-02,2026-07-02,3044,MAIN,NEW,33,2028-12-31,0
nloc-3044-03,2026-07-03,3044,MAIN,NEW,32,2028-12-31,0
nloc-3044-03-b,2026-07-03,3044,DAMAGED,B_STOCK,3,2028-12-31,0
nloc-3044-04,2026-07-04,3044,MAIN,NEW,33,2028-12-31,0
nloc-3044-05,2026-07-05,3044,MAIN,NEW,31,2028-12-31,0
nloc-3044-06,2026-07-06,3044,MAIN,NEW,31,2028-12-31,0
nloc-3044-06-s,2026-07-06,3044,SECONDARY,NEW,10,2028-12-31,0
nloc-3044-07,2026-07-07,3044,MAIN,NEW,29,2028-12-31,0
nloc-3044-08,2026-07-08,3044,MAIN,NEW,18,2028-12-31,0
nloc-3044-09,2026-07-09,3044,MAIN,NEW,29,2028-12-31,0
nloc-3044-10,2026-07-10,3044,MAIN,NEW,21,2028-12-31,0
nloc-3044-11,2026-07-11,3044,MAIN,NEW,28,2028-12-31,0
nloc-3044-11-s,2026-07-11,3044,SECONDARY,NEW,5,2028-12-31,0
nloc-3044-12,2026-07-12,3044,MAIN,NEW,22,2028-12-31,0
nloc-3044-13,2026-07-13,3044,MAIN,NEW,21,2028-12-31,0
nloc-3044-14,2026-07-14,3044,MAIN,NEW,21,2028-12-31,0
nloc-3044-14-b,2026-07-14,3044,DAMAGED,B_STOCK,8,2028-12-31,0
nloc-3044-15,2026-07-15,3044,MAIN,NEW,25,2028-12-31,0
nloc-3044-16,2026-07-16,3044,MAIN,NEW,25,2028-12-31,0
nloc-3044-16-s,2026-07-16,3044,SECONDARY,NEW,10,2028-12-31,0
nloc-3044-17,2026-07-17,3044,MAIN,NEW,27,2028-12-31,0
nloc-3044-18,2026-07-18,3044,MAIN,NEW,30,2028-12-31,0
nloc-3044-19,2026-07-19,3044,MAIN,NEW,16,2028-12-31,0
nloc-3044-20,2026-07-20,3044,MAIN,NEW,16,2028-12-31,0
nloc-3044-21,2026-07-21,3044,MAIN,NEW,3,2028-12-31,0
nloc-3044-21-s,2026-07-21,3044,SECONDARY,NEW,3,2028-12-31,0
nloc-3044-22,2026-07-22,3044,MAIN,NEW,8,2028-12-31,0
nloc-3044-23,2026-07-23,3044,MAIN,NEW,34,2028-12-31,0
nloc-3044-24,2026-07-24,3044,MAIN,NEW,26,2028-12-31,0
nloc-3044-25,2026-07-25,3044,MAIN,NEW,20,2028-12-31,0
nloc-3044-25-b,2026-07-25,3044,DAMAGED,B_STOCK,4,2028-12-31,0
nloc-3044-26,2026-07-26,3044,MAIN,NEW,0,2028-12-31,0
nloc-3044-26-s,2026-07-26,3044,SECONDARY,NEW,3,2028-12-31,0
nloc-3044-27,2026-07-27,3044,MAIN,NEW,6,2028-12-31,0
nloc-3044-28,2026-07-28,3044,MAIN,NEW,22,2028-12-31,0
nloc-3044-29,2026-07-29,3044,MAIN,NEW,0,2028-12-31,0
nloc-3044-30,2026-07-30,3044,MAIN,NEW,0,2028-12-31,0
nloc-3044-30-x,2026-07-30,3044,MAIN,NEW,23,2025-06-30,1
nloc-3044-31,2026-07-31,3044,MAIN,NEW,0,2028-12-31,0
nloc-3044-31-s,2026-07-31,3044,SECONDARY,NEW,2,2028-12-31,0
nloc-3045-01,2026-07-01,3045,MAIN,NEW,17,2028-12-31,0
nloc-3045-02,2026-07-02,3045,MAIN,NEW,19,2028-12-31,0
nloc-3045-02-b,2026-07-02,3045,DAMAGED,B_STOCK,7,2028-12-31,0
nloc-3045-03,2026-07-03,3045,MAIN,NEW,22,2028-12-31,0
nloc-3045-04,2026-07-04,3045,MAIN,NEW,19,2028-12-31,0
nloc-3045-05,2026-07-05,3045,MAIN,NEW,22,2028-12-31,0
nloc-3045-05-s,2026-07-05,3045,SECONDARY,NEW,3,2028-12-31,0
nloc-3045-06,2026-07-06,3045,MAIN,NEW,22,2028-12-31,0
nloc-3045-07,2026-07-07,3045,MAIN,NEW,22,2028-12-31,0
nloc-3045-08,2026-07-08,3045,MAIN,NEW,13,2028-12-31,0
nloc-3045-09,2026-07-09,3045,MAIN,NEW,23,2028-12-31,0
nloc-3045-10,2026-07-10,3045,MAIN,NEW,8,2028-12-31,0
nloc-3045-10-s,2026-07-10,3045,SECONDARY,NEW,5,2028-12-31,0
nloc-3045-11,2026-07-11,3045,MAIN,NEW,14,2028-12-31,0
nloc-3045-12,2026-07-12,3045,MAIN,NEW,14,2028-12-31,0
nloc-3045-13,2026-07-13,3045,MAIN,NEW,26,2028-12-31,0
nloc-3045-13-b,2026-07-13,3045,DAMAGED,B_STOCK,15,2028-12-31,0
nloc-3045-14,2026-07-14,3045,MAIN,NEW,14,2028-12-31,0
nloc-3045-15,2026-07-15,3045,MAIN,NEW,23,2028-12-31,0
nloc-3045-15-s,2026-07-15,3045,SECONDARY,NEW,6,2028-12-31,0
nloc-3045-16,2026-07-16,3045,MAIN,NEW,5,2028-12-31,0
nloc-3045-17,2026-07-17,3045,MAIN,NEW,12,2028-12-31,0
nloc-3045-18,2026-07-18,3045,MAIN,NEW,,2028-12-31,0
nloc-3045-19,2026-07-19,3045,MAIN,NEW,14,2028-12-31,0
nloc-3045-20,2026-07-20,3045,MAIN,NEW,11,2028-12-31,0
nloc-3045-20-s,2026-07-20,3045,SECONDARY,NEW,5,2028-12-31,0
nloc-3045-21,2026-07-21,3045,MAIN,NEW,19,2028-12-31,0
nloc-3045-22,2026-07-22,3045,MAIN,NEW,18,2028-12-31,0
nloc-3045-23,2026-07-23,3045,MAIN,NEW,18,2028-12-31,0
nloc-3045-24,2026-07-24,3045,MAIN,NEW,0,2028-12-31,0
nloc-3045-24-b,2026-07-24,3045,DAMAGED,B_STOCK,3,2028-12-31,0
nloc-3045-25,2026-07-25,3045,MAIN,NEW,6,2028-12-31,0
nloc-3045-25-s,2026-07-25,3045,SECONDARY,NEW,5,2028-12-31,0
nloc-3045-26,2026-07-26,3045,MAIN,NEW,8,2028-12-31,0
nloc-3045-27,2026-07-27,3045,MAIN,NEW,12,2028-12-31,0
nloc-3045-28,2026-07-28,3045,MAIN,NEW,0,2028-12-31,0
nloc-3045-29,2026-07-29,3045,MAIN,NEW,0,2028-12-31,0
nloc-3045-29-x,2026-07-29,3045,MAIN,NEW,15,2025-06-30,1
nloc-3045-30,2026-07-30,3045,MAIN,NEW,12,2028-12-31,0
nloc-3045-30-s,2026-07-30,3045,SECONDARY,NEW,3,2028-12-31,0
nloc-3045-31,2026-07-31,3045,MAIN,NEW,14,2028-12-31,0
nloc-3046-01,2026-07-01,3046,MAIN,NEW,86,2028-12-31,0
nloc-3046-01-b,2026-07-01,3046,DAMAGED,B_STOCK,11,2028-12-31,0
nloc-3046-02,2026-07-02,3046,MAIN,NEW,88,2028-12-31,0
nloc-3046-03,2026-07-03,3046,MAIN,NEW,92,2028-12-31,0
nloc-3046-04,2026-07-04,3046,MAIN,NEW,95,2028-12-31,0
nloc-3046-04-s,2026-07-04,3046,SECONDARY,NEW,8,2028-12-31,0
nloc-3046-05,2026-07-05,3046,MAIN,NEW,95,2028-12-31,0
nloc-3046-06,2026-07-06,3046,MAIN,NEW,84,2028-12-31,0
nloc-3046-07,2026-07-07,3046,MAIN,NEW,90,2028-12-31,0
nloc-3046-08,2026-07-08,3046,MAIN,NEW,93,2028-12-31,0
nloc-3046-09,2026-07-09,3046,MAIN,NEW,79,2028-12-31,0
nloc-3046-09-s,2026-07-09,3046,SECONDARY,NEW,6,2028-12-31,0
nloc-3046-10,2026-07-10,3046,MAIN,NEW,78,2028-12-31,0
nloc-3046-11,2026-07-11,3046,MAIN,NEW,81,2028-12-31,0
nloc-3046-12,2026-07-12,3046,MAIN,NEW,86,2028-12-31,0
nloc-3046-12-b,2026-07-12,3046,DAMAGED,B_STOCK,11,2028-12-31,0
nloc-3046-13,2026-07-13,3046,MAIN,NEW,99,2028-12-31,0
nloc-3046-14,2026-07-14,3046,MAIN,NEW,75,2028-12-31,0
nloc-3046-14-s,2026-07-14,3046,SECONDARY,NEW,7,2028-12-31,0
nloc-3046-15,2026-07-15,3046,MAIN,NEW,73,2028-12-31,0
nloc-3046-16,2026-07-16,3046,MAIN,NEW,95,2028-12-31,0
nloc-3046-17,2026-07-17,3046,MAIN,NEW,86,2028-12-31,0
nloc-3046-18,2026-07-18,3046,MAIN,NEW,86,2028-12-31,0
nloc-3046-19,2026-07-19,3046,MAIN,NEW,83,2028-12-31,0
nloc-3046-19-s,2026-07-19,3046,SECONDARY,NEW,5,2028-12-31,0
nloc-3046-20,2026-07-20,3046,MAIN,NEW,85,2028-12-31,0
nloc-3046-21,2026-07-21,3046,MAIN,NEW,79,2028-12-31,0
nloc-3046-22,2026-07-22,3046,MAIN,NEW,74,2028-12-31,0
nloc-3046-23,2026-07-23,3046,MAIN,NEW,67,2028-12-31,0
nloc-3046-23-b,2026-07-23,3046,DAMAGED,B_STOCK,4,2028-12-31,0
nloc-3046-24,2026-07-24,3046,MAIN,NEW,79,2028-12-31,0
nloc-3046-24-s,2026-07-24,3046,SECONDARY,NEW,6,2028-12-31,0
nloc-3046-25,2026-07-25,3046,MAIN,NEW,78,2028-12-31,0
nloc-3046-26,2026-07-26,3046,MAIN,NEW,80,2028-12-31,0
nloc-3046-27,2026-07-27,3046,MAIN,NEW,79,2028-12-31,0
nloc-3046-28,2026-07-28,3046,MAIN,NEW,70,2028-12-31,0
nloc-3046-28-x,2026-07-28,3046,MAIN,NEW,16,2025-06-30,1
nloc-3046-29,2026-07-29,3046,MAIN,NEW,69,2028-12-31,0
nloc-3046-29-s,2026-07-29,3046,SECONDARY,NEW,1,2028-12-31,0
nloc-3046-30,2026-07-30,3046,MAIN,NEW,65,2028-12-31,0
nloc-3046-31,2026-07-31,3046,MAIN,NEW,51,2028-12-31,0
nloc-3047-01,2026-07-01,3047,MAIN,NEW,85,2028-12-31,0
nloc-3047-02,2026-07-02,3047,MAIN,NEW,87,2028-12-31,0
nloc-3047-03,2026-07-03,3047,MAIN,NEW,95,2028-12-31,0
nloc-3047-03-s,2026-07-03,3047,SECONDARY,NEW,4,2028-12-31,0
nloc-3047-04,2026-07-04,3047,MAIN,NEW,92,2028-12-31,0
nloc-3047-05,2026-07-05,3047,MAIN,NEW,87,2028-12-31,0
nloc-3047-06,2026-07-06,3047,MAIN,NEW,82,2028-12-31,0
nloc-3047-07,2026-07-07,3047,MAIN,NEW,81,2028-12-31,0
nloc-3047-08,2026-07-08,3047,MAIN,NEW,89,2028-12-31,0
nloc-3047-08-s,2026-07-08,3047,SECONDARY,NEW,4,2028-12-31,0
nloc-3047-09,2026-07-09,3047,MAIN,NEW,89,2028-12-31,0
nloc-3047-10,2026-07-10,3047,MAIN,NEW,81,2028-12-31,0
nloc-3047-11,2026-07-11,3047,MAIN,NEW,89,2028-12-31,0
nloc-3047-11-b,2026-07-11,3047,DAMAGED,B_STOCK,12,2028-12-31,0
nloc-3047-12,2026-07-12,3047,MAIN,NEW,84,2028-12-31,0
nloc-3047-13,2026-07-13,3047,MAIN,NEW,87,2028-12-31,0
nloc-3047-13-s,2026-07-13,3047,SECONDARY,NEW,4,2028-12-31,0
nloc-3047-14,2026-07-14,3047,MAIN,NEW,85,2028-12-31,0
nloc-3047-15,2026-07-15,3047,MAIN,NEW,90,2028-12-31,0
nloc-3047-16,2026-07-16,3047,MAIN,NEW,83,2028-12-31,0
nloc-3047-17,2026-07-17,3047,MAIN,NEW,75,2028-12-31,0
nloc-3047-18,2026-07-18,3047,MAIN,NEW,78,2028-12-31,0
nloc-3047-18-s,2026-07-18,3047,SECONDARY,NEW,1,2028-12-31,0
nloc-3047-19,2026-07-19,3047,MAIN,NEW,70,2028-12-31,0
nloc-3047-20,2026-07-20,3047,MAIN,NEW,85,2028-12-31,0
nloc-3047-21,2026-07-21,3047,MAIN,NEW,83,2028-12-31,0
nloc-3047-22,2026-07-22,3047,MAIN,NEW,86,2028-12-31,0
nloc-3047-22-b,2026-07-22,3047,DAMAGED,B_STOCK,10,2028-12-31,0
nloc-3047-23,2026-07-23,3047,MAIN,NEW,78,2028-12-31,0
nloc-3047-23-s,2026-07-23,3047,SECONDARY,NEW,10,2028-12-31,0
nloc-3047-24,2026-07-24,3047,MAIN,NEW,75,2028-12-31,0
nloc-3047-25,2026-07-25,3047,MAIN,NEW,77,2028-12-31,0
nloc-3047-26,2026-07-26,3047,MAIN,NEW,78,2028-12-31,0
nloc-3047-27,2026-07-27,3047,MAIN,NEW,64,2028-12-31,0
nloc-3047-27-x,2026-07-27,3047,MAIN,NEW,22,2025-06-30,1
nloc-3047-28,2026-07-28,3047,MAIN,NEW,70,2028-12-31,0
nloc-3047-28-s,2026-07-28,3047,SECONDARY,NEW,9,2028-12-31,0
nloc-3047-29,2026-07-29,3047,MAIN,NEW,55,2028-12-31,0
nloc-3047-30,2026-07-30,3047,MAIN,NEW,57,2028-12-31,0
nloc-3047-31,2026-07-31,3047,MAIN,NEW,66,2028-12-31,0
nloc-3048-01,2026-07-01,3048,MAIN,NEW,100,2028-12-31,0
nloc-3048-02,2026-07-02,3048,MAIN,NEW,110,2028-12-31,0
nloc-3048-02-s,2026-07-02,3048,SECONDARY,NEW,4,2028-12-31,0
nloc-3048-03,2026-07-03,3048,MAIN,NEW,99,2028-12-31,0
nloc-3048-04,2026-07-04,3048,MAIN,NEW,101,2028-12-31,0
nloc-3048-05,2026-07-05,3048,MAIN,NEW,99,2028-12-31,0
nloc-3048-06,2026-07-06,3048,MAIN,NEW,98,2028-12-31,0
nloc-3048-07,2026-07-07,3048,MAIN,NEW,97,2028-12-31,0
nloc-3048-07-s,2026-07-07,3048,SECONDARY,NEW,3,2028-12-31,0
nloc-3048-08,2026-07-08,3048,MAIN,NEW,95,2028-12-31,0
nloc-3048-09,2026-07-09,3048,MAIN,NEW,97,2028-12-31,0
nloc-3048-10,2026-07-10,3048,MAIN,NEW,90,2028-12-31,0
nloc-3048-10-b,2026-07-10,3048,DAMAGED,B_STOCK,7,2028-12-31,0
nloc-3048-11,2026-07-11,3048,MAIN,NEW,93,2028-12-31,0
nloc-3048-12,2026-07-12,3048,MAIN,NEW,87,2028-12-31,0
nloc-3048-12-s,2026-07-12,3048,SECONDARY,NEW,2,2028-12-31,0
nloc-3048-13,2026-07-13,3048,MAIN,NEW,93,2028-12-31,0
nloc-3048-14,2026-07-14,3048,MAIN,NEW,89,2028-12-31,0
nloc-3048-15,2026-07-15,3048,MAIN,NEW,93,2028-12-31,0
nloc-3048-16,2026-07-16,3048,MAIN,NEW,93,2028-12-31,0
nloc-3048-17,2026-07-17,3048,MAIN,NEW,91,2028-12-31,0
nloc-3048-17-s,2026-07-17,3048,SECONDARY,NEW,7,2028-12-31,0
nloc-3048-18,2026-07-18,3048,MAIN,NEW,88,2028-12-31,0
nloc-3048-19,2026-07-19,3048,MAIN,NEW,93,2028-12-31,0
nloc-3048-20,2026-07-20,3048,MAIN,NEW,79,2028-12-31,0
nloc-3048-21,2026-07-21,3048,MAIN,NEW,90,2028-12-31,0
nloc-3048-21-b,2026-07-21,3048,DAMAGED,B_STOCK,4,2028-12-31,0
nloc-3048-22,2026-07-22,3048,MAIN,NEW,78,2028-12-31,0
nloc-3048-22-s,2026-07-22,3048,SECONDARY,NEW,1,2028-12-31,0
nloc-3048-23,2026-07-23,3048,MAIN,NEW,87,2028-12-31,0
nloc-3048-24,2026-07-24,3048,MAIN,NEW,92,2028-12-31,0
nloc-3048-25,2026-07-25,3048,MAIN,NEW,71,2028-12-31,0
nloc-3048-26,2026-07-26,3048,MAIN,NEW,87,2028-12-31,0
nloc-3048-26-x,2026-07-26,3048,MAIN,NEW,12,2025-06-30,1
nloc-3048-27,2026-07-27,3048,MAIN,NEW,71,2028-12-31,0
nloc-3048-27-s,2026-07-27,3048,SECONDARY,NEW,8,2028-12-31,0
nloc-3048-28,2026-07-28,3048,MAIN,NEW,74,2028-12-31,0
nloc-3048-29,2026-07-29,3048,MAIN,NEW,80,2028-12-31,0
nloc-3048-30,2026-07-30,3048,MAIN,NEW,101,2028-12-31,0
nloc-3048-31,2026-07-31,3048,MAIN,NEW,86,2028-12-31,0
nloc-3049-01,2026-07-01,3049,MAIN,NEW,68,2028-12-31,0
nloc-3049-01-s,2026-07-01,3049,SECONDARY,NEW,8,2028-12-31,0
nloc-3049-02,2026-07-02,3049,MAIN,NEW,73,2028-12-31,0
nloc-3049-03,2026-07-03,3049,MAIN,NEW,68,2028-12-31,0
nloc-3049-04,2026-07-04,3049,MAIN,NEW,68,2028-12-31,0
nloc-3049-05,2026-07-05,3049,MAIN,NEW,70,2028-12-31,0
nloc-3049-06,2026-07-06,3049,MAIN,NEW,69,2028-12-31,0
nloc-3049-06-s,2026-07-06,3049,SECONDARY,NEW,5,2028-12-31,0
nloc-3049-07,2026-07-07,3049,MAIN,NEW,54,2028-12-31,0
nloc-3049-08,2026-07-08,3049,MAIN,NEW,62,2028-12-31,0
nloc-3049-09,2026-07-09,3049,MAIN,NEW,62,2028-12-31,0
nloc-3049-09-b,2026-07-09,3049,DAMAGED,B_STOCK,8,2028-12-31,0
nloc-3049-10,2026-07-10,3049,MAIN,NEW,56,2028-12-31,0
nloc-3049-11,2026-07-11,3049,MAIN,NEW,49,2028-12-31,0
nloc-3049-11-s,2026-07-11,3049,SECONDARY,NEW,9,2028-12-31,0
nloc-3049-12,2026-07-12,3049,MAIN,NEW,58,2028-12-31,0
nloc-3049-13,2026-07-13,3049,MAIN,NEW,54,2028-12-31,0
nloc-3049-14,2026-07-14,3049,MAIN,NEW,53,2028-12-31,0
nloc-3049-15,2026-07-15,3049,MAIN,NEW,63,2028-12-31,0
nloc-3049-16,2026-07-16,3049,MAIN,NEW,62,2028-12-31,0
nloc-3049-16-s,2026-07-16,3049,SECONDARY,NEW,10,2028-12-31,0
nloc-3049-17,2026-07-17,3049,MAIN,NEW,68,2028-12-31,0
nloc-3049-18,2026-07-18,3049,MAIN,NEW,53,2028-12-31,0
nloc-3049-19,2026-07-19,3049,MAIN,NEW,65,2028-12-31,0
nloc-3049-20,2026-07-20,3049,MAIN,NEW,60,2028-12-31,0
nloc-3049-20-b,2026-07-20,3049,DAMAGED,B_STOCK,7,2028-12-31,0
nloc-3049-21,2026-07-21,3049,MAIN,NEW,34,2028-12-31,0
nloc-3049-21-s,2026-07-21,3049,SECONDARY,NEW,7,2028-12-31,0
nloc-3049-22,2026-07-22,3049,MAIN,NEW,55,2028-12-31,0
nloc-3049-23,2026-07-23,3049,MAIN,NEW,56,2028-12-31,0
nloc-3049-24,2026-07-24,3049,MAIN,NEW,59,2028-12-31,0
nloc-3049-25,2026-07-25,3049,MAIN,NEW,48,2028-12-31,0
nloc-3049-25-x,2026-07-25,3049,MAIN,NEW,20,2025-06-30,1
nloc-3049-26,2026-07-26,3049,MAIN,NEW,39,2028-12-31,0
nloc-3049-26-s,2026-07-26,3049,SECONDARY,NEW,9,2028-12-31,0
nloc-3049-27,2026-07-27,3049,MAIN,NEW,61,2028-12-31,0
nloc-3049-28,2026-07-28,3049,MAIN,NEW,59,2028-12-31,0
nloc-3049-29,2026-07-29,3049,MAIN,NEW,50,2028-12-31,0
nloc-3049-30,2026-07-30,3049,MAIN,NEW,37,2028-12-31,0
nloc-3049-31,2026-07-31,3049,MAIN,NEW,63,2028-12-31,0
nloc-3049-31-s,2026-07-31,3049,SECONDARY,NEW,4,2028-12-31,0
nloc-3049-31-b,2026-07-31,3049,DAMAGED,B_STOCK,8,2028-12-31,0
nloc-3050-01,2026-07-01,3050,MAIN,NEW,122,2028-12-31,0
nloc-3050-02,2026-07-02,3050,MAIN,NEW,116,2028-12-31,0
nloc-3050-03,2026-07-03,3050,MAIN,NEW,114,2028-12-31,0
nloc-3050-04,2026-07-04,3050,MAIN,NEW,116,2028-12-31,0
nloc-3050-05,2026-07-05,3050,MAIN,NEW,118,2028-12-31,0
nloc-3050-05-s,2026-07-05,3050,SECONDARY,NEW,6,2028-12-31,0
nloc-3050-06,2026-07-06,3050,MAIN,NEW,123,2028-12-31,0
nloc-3050-07,2026-07-07,3050,MAIN,NEW,116,2028-12-31,0
nloc-3050-08,2026-07-08,3050,MAIN,NEW,116,2028-12-31,0
nloc-3050-08-b,2026-07-08,3050,DAMAGED,B_STOCK,9,2028-12-31,0
nloc-3050-09,2026-07-09,3050,MAIN,NEW,109,2028-12-31,0
nloc-3050-10,2026-07-10,3050,MAIN,NEW,113,2028-12-31,0
nloc-3050-10-s,2026-07-10,3050,SECONDARY,NEW,3,2028-12-31,0
nloc-3050-11,2026-07-11,3050,MAIN,NEW,121,2028-12-31,0
nloc-3050-12,2026-07-12,3050,MAIN,NEW,116,2028-12-31,0
nloc-3050-13,2026-07-13,3050,MAIN,NEW,110,2028-12-31,0
nloc-3050-14,2026-07-14,3050,MAIN,NEW,112,2028-12-31,0
nloc-3050-15,2026-07-15,3050,MAIN,NEW,120,2028-12-31,0
nloc-3050-15-s,2026-07-15,3050,SECONDARY,NEW,4,2028-12-31,0
nloc-3050-16,2026-07-16,3050,MAIN,NEW,116,2028-12-31,0
nloc-3050-17,2026-07-17,3050,MAIN,NEW,106,2028-12-31,0
nloc-3050-18,2026-07-18,3050,MAIN,NEW,115,2028-12-31,0
nloc-3050-19,2026-07-19,3050,MAIN,NEW,123,2028-12-31,0
nloc-3050-19-b,2026-07-19,3050,DAMAGED,B_STOCK,13,2028-12-31,0
nloc-3050-20,2026-07-20,3050,MAIN,NEW,94,2028-12-31,0
nloc-3050-20-s,2026-07-20,3050,SECONDARY,NEW,5,2028-12-31,0
nloc-3050-21,2026-07-21,3050,MAIN,NEW,116,2028-12-31,0
nloc-3050-22,2026-07-22,3050,MAIN,NEW,111,2028-12-31,0
nloc-3050-23,2026-07-23,3050,MAIN,NEW,114,2028-12-31,0
nloc-3050-24,2026-07-24,3050,MAIN,NEW,98,2028-12-31,0
nloc-3050-24-x,2026-07-24,3050,MAIN,NEW,12,2025-06-30,1
nloc-3050-25,2026-07-25,3050,MAIN,NEW,98,2028-12-31,0
nloc-3050-25-s,2026-07-25,3050,SECONDARY,NEW,8,2028-12-31,0
nloc-3050-26,2026-07-26,3050,MAIN,NEW,84,2028-12-31,0
nloc-3050-27,2026-07-27,3050,MAIN,NEW,95,2028-12-31,0
nloc-3050-28,2026-07-28,3050,MAIN,NEW,103,2028-12-31,0
nloc-3050-29,2026-07-29,3050,MAIN,NEW,112,2028-12-31,0
nloc-3050-30,2026-07-30,3050,MAIN,NEW,112,2028-12-31,0
nloc-3050-30-s,2026-07-30,3050,SECONDARY,NEW,7,2028-12-31,0
nloc-3050-30-b,2026-07-30,3050,DAMAGED,B_STOCK,8,2028-12-31,0
nloc-3050-31,2026-07-31,3050,MAIN,NEW,114,2028-12-31,0
nloc-3051-01,2026-07-01,3051,MAIN,NEW,78,2028-12-31,0
nloc-3051-02,2026-07-02,3051,MAIN,NEW,71,2028-12-31,0
nloc-3051-03,2026-07-03,3051,MAIN,NEW,76,2028-12-31,0
nloc-3051-04,2026-07-04,3051,MAIN,NEW,72,2028-12-31,0
nloc-3051-04-s,2026-07-04,3051,SECONDARY,NEW,5,2028-12-31,0
nloc-3051-05,2026-07-05,3051,MAIN,NEW,78,2028-12-31,0
nloc-3051-06,2026-07-06,3051,MAIN,NEW,66,2028-12-31,0
nloc-3051-07,2026-07-07,3051,MAIN,NEW,72,2028-12-31,0
nloc-3051-07-b,2026-07-07,3051,DAMAGED,B_STOCK,8,2028-12-31,0
nloc-3051-08,2026-07-08,3051,MAIN,NEW,76,2028-12-31,0
nloc-3051-09,2026-07-09,3051,MAIN,NEW,65,2028-12-31,0
nloc-3051-09-s,2026-07-09,3051,SECONDARY,NEW,5,2028-12-31,0
nloc-3051-10,2026-07-10,3051,MAIN,NEW,62,2028-12-31,0
nloc-3051-11,2026-07-11,3051,MAIN,NEW,69,2028-12-31,0
nloc-3051-12,2026-07-12,3051,MAIN,NEW,72,2028-12-31,0
nloc-3051-13,2026-07-13,3051,MAIN,NEW,67,2028-12-31,0
nloc-3051-14,2026-07-14,3051,MAIN,NEW,69,2028-12-31,0
nloc-3051-14-s,2026-07-14,3051,SECONDARY,NEW,2,2028-12-31,0
nloc-3051-15,2026-07-15,3051,MAIN,NEW,59,2028-12-31,0
nloc-3051-16,2026-07-16,3051,MAIN,NEW,68,2028-12-31,0
nloc-3051-17,2026-07-17,3051,MAIN,NEW,56,2028-12-31,0
nloc-3051-18,2026-07-18,3051,MAIN,NEW,75,2028-12-31,0
nloc-3051-18-b,2026-07-18,3051,DAMAGED,B_STOCK,9,2028-12-31,0
nloc-3051-19,2026-07-19,3051,MAIN,NEW,61,2028-12-31,0
nloc-3051-19-s,2026-07-19,3051,SECONDARY,NEW,8,2028-12-31,0
nloc-3051-20,2026-07-20,3051,MAIN,NEW,66,2028-12-31,0
nloc-3051-21,2026-07-21,3051,MAIN,NEW,51,2028-12-31,0
nloc-3051-22,2026-07-22,3051,MAIN,NEW,54,2028-12-31,0
nloc-3051-23,2026-07-23,3051,MAIN,NEW,72,2028-12-31,0
nloc-3051-23-x,2026-07-23,3051,MAIN,NEW,6,2025-06-30,1
nloc-3051-24,2026-07-24,3051,MAIN,NEW,66,2028-12-31,0
nloc-3051-24-s,2026-07-24,3051,SECONDARY,NEW,6,2028-12-31,0
nloc-3051-25,2026-07-25,3051,MAIN,NEW,47,2028-12-31,0
nloc-3051-26,2026-07-26,3051,MAIN,NEW,54,2028-12-31,0
nloc-3051-27,2026-07-27,3051,MAIN,NEW,45,2028-12-31,0
nloc-3051-28,2026-07-28,3051,MAIN,NEW,54,2028-12-31,0
nloc-3051-29,2026-07-29,3051,MAIN,NEW,52,2028-12-31,0
nloc-3051-29-s,2026-07-29,3051,SECONDARY,NEW,1,2028-12-31,0
nloc-3051-29-b,2026-07-29,3051,DAMAGED,B_STOCK,8,2028-12-31,0
nloc-3051-30,2026-07-30,3051,MAIN,NEW,61,2028-12-31,0
nloc-3051-31,2026-07-31,3051,MAIN,NEW,74,2028-12-31,0
nloc-3052-01,2026-07-01,3052,MAIN,NEW,90,2028-12-31,0
nloc-3052-02,2026-07-02,3052,MAIN,NEW,87,2028-12-31,0
nloc-3052-03,2026-07-03,3052,MAIN,NEW,92,2028-12-31,0
nloc-3052-03-s,2026-07-03,3052,SECONDARY,NEW,10,2028-12-31,0
nloc-3052-04,2026-07-04,3052,MAIN,NEW,95,2028-12-31,0
nloc-3052-05,2026-07-05,3052,MAIN,NEW,92,2028-12-31,0
nloc-3052-06,2026-07-06,3052,MAIN,NEW,91,2028-12-31,0
nloc-3052-06-b,2026-07-06,3052,DAMAGED,B_STOCK,14,2028-12-31,0
nloc-3052-07,2026-07-07,3052,MAIN,NEW,88,2028-12-31,0
nloc-3052-08,2026-07-08,3052,MAIN,NEW,86,2028-12-31,0
nloc-3052-08-s,2026-07-08,3052,SECONDARY,NEW,6,2028-12-31,0
nloc-3052-09,2026-07-09,3052,MAIN,NEW,87,2028-12-31,0
nloc-3052-10,2026-07-10,3052,MAIN,NEW,83,2028-12-31,0
nloc-3052-11,2026-07-11,3052,MAIN,NEW,86,2028-12-31,0
nloc-3052-12,2026-07-12,3052,MAIN,NEW,73,2028-12-31,0
nloc-3052-13,2026-07-13,3052,MAIN,NEW,90,2028-12-31,0
nloc-3052-13-s,2026-07-13,3052,SECONDARY,NEW,7,2028-12-31,0
nloc-3052-14,2026-07-14,3052,MAIN,NEW,77,2028-12-31,0
nloc-3052-15,2026-07-15,3052,MAIN,NEW,91,2028-12-31,0
nloc-3052-16,2026-07-16,3052,MAIN,NEW,94,2028-12-31,0
nloc-3052-17,2026-07-17,3052,MAIN,NEW,90,2028-12-31,0
nloc-3052-17-b,2026-07-17,3052,DAMAGED,B_STOCK,11,2028-12-31,0
nloc-3052-18,2026-07-18,3052,MAIN,NEW,79,2028-12-31,0
nloc-3052-18-s,2026-07-18,3052,SECONDARY,NEW,6,2028-12-31,0
nloc-3052-19,2026-07-19,3052,MAIN,NEW,71,2028-12-31,0
nloc-3052-20,2026-07-20,3052,MAIN,NEW,65,2028-12-31,0
nloc-3052-21,2026-07-21,3052,MAIN,NEW,85,2028-12-31,0
nloc-3052-22,2026-07-22,3052,MAIN,NEW,77,2028-12-31,0
nloc-3052-22-x,2026-07-22,3052,MAIN,NEW,21,2025-06-30,1
nloc-3052-23,2026-07-23,3052,MAIN,NEW,76,2028-12-31,0
nloc-3052-23-s,2026-07-23,3052,SECONDARY,NEW,9,2028-12-31,0
nloc-3052-24,2026-07-24,3052,MAIN,NEW,89,2028-12-31,0
nloc-3052-25,2026-07-25,3052,MAIN,NEW,70,2028-12-31,0
nloc-3052-26,2026-07-26,3052,MAIN,NEW,76,2028-12-31,0
nloc-3052-27,2026-07-27,3052,MAIN,NEW,62,2028-12-31,0
nloc-3052-28,2026-07-28,3052,MAIN,NEW,86,2028-12-31,0
nloc-3052-28-s,2026-07-28,3052,SECONDARY,NEW,3,2028-12-31,0
nloc-3052-28-b,2026-07-28,3052,DAMAGED,B_STOCK,12,2028-12-31,0
nloc-3052-29,2026-07-29,3052,MAIN,NEW,75,2028-12-31,0
nloc-3052-30,2026-07-30,3052,MAIN,NEW,84,2028-12-31,0
nloc-3052-31,2026-07-31,3052,MAIN,NEW,69,2028-12-31,0
nloc-3053-01,2026-07-01,3053,MAIN,NEW,93,2028-12-31,0
nloc-3053-02,2026-07-02,3053,MAIN,NEW,90,2028-12-31,0
nloc-3053-02-s,2026-07-02,3053,SECONDARY,NEW,3,2028-12-31,0
nloc-3053-03,2026-07-03,3053,MAIN,NEW,95,2028-12-31,0
nloc-3053-04,2026-07-04,3053,MAIN,NEW,100,2028-12-31,0
nloc-3053-05,2026-07-05,3053,MAIN,NEW,91,2028-12-31,0
nloc-3053-05-b,2026-07-05,3053,DAMAGED,B_STOCK,2,2028-12-31,0
nloc-3053-06,2026-07-06,3053,MAIN,NEW,101,2028-12-31,0
nloc-3053-07,2026-07-07,3053,MAIN,NEW,90,2028-12-31,0
nloc-3053-07-s,2026-07-07,3053,SECONDARY,NEW,9,2028-12-31,0
nloc-3053-08,2026-07-08,3053,MAIN,NEW,89,2028-12-31,0
nloc-3053-09,2026-07-09,3053,MAIN,NEW,99,2028-12-31,0
nloc-3053-10,2026-07-10,3053,MAIN,NEW,87,2028-12-31,0
nloc-3053-11,2026-07-11,3053,MAIN,NEW,93,2028-12-31,0
nloc-3053-12,2026-07-12,3053,MAIN,NEW,83,2028-12-31,0
nloc-3053-12-s,2026-07-12,3053,SECONDARY,NEW,10,2028-12-31,0
nloc-3053-13,2026-07-13,3053,MAIN,NEW,99,2028-12-31,0
nloc-3053-14,2026-07-14,3053,MAIN,NEW,90,2028-12-31,0
nloc-3053-15,2026-07-15,3053,MAIN,NEW,81,2028-12-31,0
nloc-3053-16,2026-07-16,3053,MAIN,NEW,75,2028-12-31,0
nloc-3053-16-b,2026-07-16,3053,DAMAGED,B_STOCK,13,2028-12-31,0
nloc-3053-17,2026-07-17,3053,MAIN,NEW,98,2028-12-31,0
nloc-3053-17-s,2026-07-17,3053,SECONDARY,NEW,7,2028-12-31,0
nloc-3053-18,2026-07-18,3053,MAIN,NEW,74,2028-12-31,0
nloc-3053-19,2026-07-19,3053,MAIN,NEW,97,2028-12-31,0
nloc-3053-20,2026-07-20,3053,MAIN,NEW,96,2028-12-31,0
nloc-3053-21,2026-07-21,3053,MAIN,NEW,97,2028-12-31,0
nloc-3053-21-x,2026-07-21,3053,MAIN,NEW,25,2025-06-30,1
nloc-3053-22,2026-07-22,3053,MAIN,NEW,93,2028-12-31,0
nloc-3053-22-s,2026-07-22,3053,SECONDARY,NEW,10,2028-12-31,0
nloc-3053-23,2026-07-23,3053,MAIN,NEW,72,2028-12-31,0
nloc-3053-24,2026-07-24,3053,MAIN,NEW,70,2028-12-31,0
nloc-3053-25,2026-07-25,3053,MAIN,NEW,89,2028-12-31,0
nloc-3053-26,2026-07-26,3053,MAIN,NEW,67,2028-12-31,0
nloc-3053-27,2026-07-27,3053,MAIN,NEW,71,2028-12-31,0
nloc-3053-27-s,2026-07-27,3053,SECONDARY,NEW,8,2028-12-31,0
nloc-3053-27-b,2026-07-27,3053,DAMAGED,B_STOCK,4,2028-12-31,0
nloc-3053-28,2026-07-28,3053,MAIN,NEW,92,2028-12-31,0
nloc-3053-29,2026-07-29,3053,MAIN,NEW,90,2028-12-31,0
nloc-3053-30,2026-07-30,3053,MAIN,NEW,84,2028-12-31,0
nloc-3053-31,2026-07-31,3053,MAIN,NEW,75,2028-12-31,0
nloc-3054-01,2026-07-01,3054,MAIN,NEW,91,2028-12-31,0
nloc-3054-01-s,2026-07-01,3054,SECONDARY,NEW,2,2028-12-31,0
nloc-3054-02,2026-07-02,3054,MAIN,NEW,91,2028-12-31,0
nloc-3054-03,2026-07-03,3054,MAIN,NEW,89,2028-12-31,0
nloc-3054-04,2026-07-04,3054,MAIN,NEW,93,2028-12-31,0
nloc-3054-04-b,2026-07-04,3054,DAMAGED,B_STOCK,10,2028-12-31,0
nloc-3054-05,2026-07-05,3054,MAIN,NEW,92,2028-12-31,0
nloc-3054-06,2026-07-06,3054,MAIN,NEW,90,2028-12-31,0
nloc-3054-06-s,2026-07-06,3054,SECONDARY,NEW,3,2028-12-31,0
nloc-3054-07,2026-07-07,3054,MAIN,NEW,98,2028-12-31,0
nloc-3054-08,2026-07-08,3054,MAIN,NEW,92,2028-12-31,0
nloc-3054-09,2026-07-09,3054,MAIN,NEW,90,2028-12-31,0
nloc-3054-10,2026-07-10,3054,MAIN,NEW,87,2028-12-31,0
nloc-3054-11,2026-07-11,3054,MAIN,NEW,93,2028-12-31,0
nloc-3054-11-s,2026-07-11,3054,SECONDARY,NEW,7,2028-12-31,0
nloc-3054-12,2026-07-12,3054,MAIN,NEW,91,2028-12-31,0
nloc-3054-13,2026-07-13,3054,MAIN,NEW,77,2028-12-31,0
nloc-3054-14,2026-07-14,3054,MAIN,NEW,87,2028-12-31,0
nloc-3054-15,2026-07-15,3054,MAIN,NEW,82,2028-12-31,0
nloc-3054-15-b,2026-07-15,3054,DAMAGED,B_STOCK,1,2028-12-31,0
nloc-3054-16,2026-07-16,3054,MAIN,NEW,80,2028-12-31,0
nloc-3054-16-s,2026-07-16,3054,SECONDARY,NEW,7,2028-12-31,0
nloc-3054-17,2026-07-17,3054,MAIN,NEW,71,2028-12-31,0
nloc-3054-18,2026-07-18,3054,MAIN,NEW,82,2028-12-31,0
nloc-3054-19,2026-07-19,3054,MAIN,NEW,71,2028-12-31,0
nloc-3054-20,2026-07-20,3054,MAIN,NEW,74,2028-12-31,0
nloc-3054-20-x,2026-07-20,3054,MAIN,NEW,25,2025-06-30,1
nloc-3054-21,2026-07-21,3054,MAIN,NEW,71,2028-12-31,0
nloc-3054-21-s,2026-07-21,3054,SECONDARY,NEW,8,2028-12-31,0
nloc-3054-22,2026-07-22,3054,MAIN,NEW,81,2028-12-31,0
nloc-3054-23,2026-07-23,3054,MAIN,NEW,84,2028-12-31,0
nloc-3054-24,2026-07-24,3054,MAIN,NEW,81,2028-12-31,0
nloc-3054-25,2026-07-25,3054,MAIN,NEW,70,2028-12-31,0
nloc-3054-26,2026-07-26,3054,MAIN,NEW,93,2028-12-31,0
nloc-3054-26-s,2026-07-26,3054,SECONDARY,NEW,4,2028-12-31,0
nloc-3054-26-b,2026-07-26,3054,DAMAGED,B_STOCK,8,2028-12-31,0
nloc-3054-27,2026-07-27,3054,MAIN,NEW,70,2028-12-31,0
nloc-3054-28,2026-07-28,3054,MAIN,NEW,64,2028-12-31,0
nloc-3054-29,2026-07-29,3054,MAIN,NEW,68,2028-12-31,0
nloc-3054-30,2026-07-30,3054,MAIN,NEW,83,2028-12-31,0
nloc-3054-31,2026-07-31,3054,MAIN,NEW,64,2028-12-31,0
nloc-3054-31-s,2026-07-31,3054,SECONDARY,NEW,6,2028-12-31,0
nloc-3055-01,2026-07-01,3055,MAIN,NEW,85,2028-12-31,0
nloc-3055-02,2026-07-02,3055,MAIN,NEW,94,2028-12-31,0
nloc-3055-03,2026-07-03,3055,MAIN,NEW,89,2028-12-31,0
nloc-3055-03-b,2026-07-03,3055,DAMAGED,B_STOCK,6,2028-12-31,0
nloc-3055-04,2026-07-04,3055,MAIN,NEW,95,2028-12-31,0
nloc-3055-05,2026-07-05,3055,MAIN,NEW,89,2028-12-31,0
nloc-3055-05-s,2026-07-05,3055,SECONDARY,NEW,10,2028-12-31,0
nloc-3055-06,2026-07-06,3055,MAIN,NEW,80,2028-12-31,0
nloc-3055-07,2026-07-07,3055,MAIN,NEW,87,2028-12-31,0
nloc-3055-08,2026-07-08,3055,MAIN,NEW,85,2028-12-31,0
nloc-3055-09,2026-07-09,3055,MAIN,NEW,91,2028-12-31,0
nloc-3055-10,2026-07-10,3055,MAIN,NEW,85,2028-12-31,0
nloc-3055-10-s,2026-07-10,3055,SECONDARY,NEW,7,2028-12-31,0
nloc-3055-11,2026-07-11,3055,MAIN,NEW,84,2028-12-31,0
nloc-3055-12,2026-07-12,3055,MAIN,NEW,93,2028-12-31,0
nloc-3055-13,2026-07-13,3055,MAIN,NEW,87,2028-12-31,0
nloc-3055-14,2026-07-14,3055,MAIN,NEW,92,2028-12-31,0
nloc-3055-14-b,2026-07-14,3055,DAMAGED,B_STOCK,3,2028-12-31,0
nloc-3055-15,2026-07-15,3055,MAIN,NEW,82,2028-12-31,0
nloc-3055-15-s,2026-07-15,3055,SECONDARY,NEW,6,2028-12-31,0
nloc-3055-16,2026-07-16,3055,MAIN,NEW,92,2028-12-31,0
nloc-3055-17,2026-07-17,3055,MAIN,NEW,88,2028-12-31,0
nloc-3055-18,2026-07-18,3055,MAIN,NEW,75,2028-12-31,0
nloc-3055-19,2026-07-19,3055,MAIN,NEW,87,2028-12-31,0
nloc-3055-19-x,2026-07-19,3055,MAIN,NEW,23,2025-06-30,1
nloc-3055-20,2026-07-20,3055,MAIN,NEW,82,2028-12-31,0
nloc-3055-20-s,2026-07-20,3055,SECONDARY,NEW,1,2028-12-31,0
nloc-3055-21,2026-07-21,3055,MAIN,NEW,80,2028-12-31,0
nloc-3055-22,2026-07-22,3055,MAIN,NEW,64,2028-12-31,0
nloc-3055-23,2026-07-23,3055,MAIN,NEW,85,2028-12-31,0
nloc-3055-24,2026-07-24,3055,MAIN,NEW,92,2028-12-31,0
nloc-3055-25,2026-07-25,3055,MAIN,NEW,87,2028-12-31,0
nloc-3055-25-s,2026-07-25,3055,SECONDARY,NEW,5,2028-12-31,0
nloc-3055-25-b,2026-07-25,3055,DAMAGED,B_STOCK,10,2028-12-31,0
nloc-3055-26,2026-07-26,3055,MAIN,NEW,63,2028-12-31,0
nloc-3055-27,2026-07-27,3055,MAIN,NEW,64,2028-12-31,0
nloc-3055-28,2026-07-28,3055,MAIN,NEW,94,2028-12-31,0
nloc-3055-29,2026-07-29,3055,MAIN,NEW,85,2028-12-31,0
nloc-3055-30,2026-07-30,3055,MAIN,NEW,86,2028-12-31,0
nloc-3055-30-s,2026-07-30,3055,SECONDARY,NEW,2,2028-12-31,0
nloc-3055-31,2026-07-31,3055,MAIN,NEW,80,2028-12-31,0
nloc-3056-01,2026-07-01,3056,MAIN,NEW,123,2028-12-31,0
nloc-3056-02,2026-07-02,3056,MAIN,NEW,122,2028-12-31,0
nloc-3056-02-b,2026-07-02,3056,DAMAGED,B_STOCK,13,2028-12-31,0
nloc-3056-03,2026-07-03,3056,MAIN,NEW,114,2028-12-31,0
nloc-3056-04,2026-07-04,3056,MAIN,NEW,107,2028-12-31,0
nloc-3056-04-s,2026-07-04,3056,SECONDARY,NEW,1,2028-12-31,0
nloc-3056-05,2026-07-05,3056,MAIN,NEW,114,2028-12-31,0
nloc-3056-06,2026-07-06,3056,MAIN,NEW,118,2028-12-31,0
nloc-3056-07,2026-07-07,3056,MAIN,NEW,111,2028-12-31,0
nloc-3056-08,2026-07-08,3056,MAIN,NEW,107,2028-12-31,0
nloc-3056-09,2026-07-09,3056,MAIN,NEW,114,2028-12-31,0
nloc-3056-09-s,2026-07-09,3056,SECONDARY,NEW,9,2028-12-31,0
nloc-3056-10,2026-07-10,3056,MAIN,NEW,115,2028-12-31,0
nloc-3056-11,2026-07-11,3056,MAIN,NEW,110,2028-12-31,0
nloc-3056-12,2026-07-12,3056,MAIN,NEW,104,2028-12-31,0
nloc-3056-13,2026-07-13,3056,MAIN,NEW,105,2028-12-31,0
nloc-3056-13-b,2026-07-13,3056,DAMAGED,B_STOCK,14,2028-12-31,0
nloc-3056-14,2026-07-14,3056,MAIN,NEW,114,2028-12-31,0
nloc-3056-14-s,2026-07-14,3056,SECONDARY,NEW,2,2028-12-31,0
nloc-3056-15,2026-07-15,3056,MAIN,NEW,109,2028-12-31,0
nloc-3056-16,2026-07-16,3056,MAIN,NEW,109,2028-12-31,0
nloc-3056-17,2026-07-17,3056,MAIN,NEW,103,2028-12-31,0
nloc-3056-18,2026-07-18,3056,MAIN,NEW,107,2028-12-31,0
nloc-3056-18-x,2026-07-18,3056,MAIN,NEW,21,2025-06-30,1
nloc-3056-19,2026-07-19,3056,MAIN,NEW,101,2028-12-31,0
nloc-3056-19-s,2026-07-19,3056,SECONDARY,NEW,3,2028-12-31,0
nloc-3056-20,2026-07-20,3056,MAIN,NEW,116,2028-12-31,0
nloc-3056-21,2026-07-21,3056,MAIN,NEW,105,2028-12-31,0
nloc-3056-22,2026-07-22,3056,MAIN,NEW,92,2028-12-31,0
nloc-3056-23,2026-07-23,3056,MAIN,NEW,102,2028-12-31,0
nloc-3056-24,2026-07-24,3056,MAIN,NEW,88,2028-12-31,0
nloc-3056-24-s,2026-07-24,3056,SECONDARY,NEW,3,2028-12-31,0
nloc-3056-24-b,2026-07-24,3056,DAMAGED,B_STOCK,13,2028-12-31,0
nloc-3056-25,2026-07-25,3056,MAIN,NEW,101,2028-12-31,0
nloc-3056-26,2026-07-26,3056,MAIN,NEW,115,2028-12-31,0
nloc-3056-27,2026-07-27,3056,MAIN,NEW,113,2028-12-31,0
nloc-3056-28,2026-07-28,3056,MAIN,NEW,96,2028-12-31,0
nloc-3056-29,2026-07-29,3056,MAIN,NEW,98,2028-12-31,0
nloc-3056-29-s,2026-07-29,3056,SECONDARY,NEW,8,2028-12-31,0
nloc-3056-30,2026-07-30,3056,MAIN,NEW,103,2028-12-31,0
nloc-3056-31,2026-07-31,3056,MAIN,NEW,85,2028-12-31,0
nloc-3057-01,2026-07-01,3057,MAIN,NEW,63,2028-12-31,0
nloc-3057-01-b,2026-07-01,3057,DAMAGED,B_STOCK,3,2028-12-31,0
nloc-3057-02,2026-07-02,3057,MAIN,NEW,70,2028-12-31,0
nloc-3057-03,2026-07-03,3057,MAIN,NEW,59,2028-12-31,0
nloc-3057-03-s,2026-07-03,3057,SECONDARY,NEW,8,2028-12-31,0
nloc-3057-04,2026-07-04,3057,MAIN,NEW,61,2028-12-31,0
nloc-3057-05,2026-07-05,3057,MAIN,NEW,57,2028-12-31,0
nloc-3057-06,2026-07-06,3057,MAIN,NEW,54,2028-12-31,0
nloc-3057-07,2026-07-07,3057,MAIN,NEW,63,2028-12-31,0
nloc-3057-08,2026-07-08,3057,MAIN,NEW,59,2028-12-31,0
nloc-3057-08-s,2026-07-08,3057,SECONDARY,NEW,10,2028-12-31,0
nloc-3057-09,2026-07-09,3057,MAIN,NEW,58,2028-12-31,0
nloc-3057-10,2026-07-10,3057,MAIN,NEW,60,2028-12-31,0
nloc-3057-11,2026-07-11,3057,MAIN,NEW,55,2028-12-31,0
nloc-3057-12,2026-07-12,3057,MAIN,NEW,50,2028-12-31,0
nloc-3057-12-b,2026-07-12,3057,DAMAGED,B_STOCK,12,2028-12-31,0
nloc-3057-13,2026-07-13,3057,MAIN,NEW,51,2028-12-31,0
nloc-3057-13-s,2026-07-13,3057,SECONDARY,NEW,7,2028-12-31,0
nloc-3057-14,2026-07-14,3057,MAIN,NEW,60,2028-12-31,0
nloc-3057-15,2026-07-15,3057,MAIN,NEW,51,2028-12-31,0
nloc-3057-16,2026-07-16,3057,MAIN,NEW,53,2028-12-31,0
nloc-3057-17,2026-07-17,3057,MAIN,NEW,40,2028-12-31,0
nloc-3057-17-x,2026-07-17,3057,MAIN,NEW,13,2025-06-30,1
nloc-3057-18,2026-07-18,3057,MAIN,NEW,52,2028-12-31,0
nloc-3057-18-s,2026-07-18,3057,SECONDARY,NEW,5,2028-12-31,0
nloc-3057-19,2026-07-19,3057,MAIN,NEW,54,2028-12-31,0
nloc-3057-20,2026-07-20,3057,MAIN,NEW,59,2028-12-31,0
nloc-3057-21,2026-07-21,3057,MAIN,NEW,51,2028-12-31,0
nloc-3057-22,2026-07-22,3057,MAIN,NEW,52,2028-12-31,0
nloc-3057-23,2026-07-23,3057,MAIN,NEW,47,2028-12-31,0
nloc-3057-23-s,2026-07-23,3057,SECONDARY,NEW,6,2028-12-31,0
nloc-3057-23-b,2026-07-23,3057,DAMAGED,B_STOCK,4,2028-12-31,0
nloc-3057-24,2026-07-24,3057,MAIN,NEW,43,2028-12-31,0
nloc-3057-25,2026-07-25,3057,MAIN,NEW,40,2028-12-31,0
nloc-3057-26,2026-07-26,3057,MAIN,NEW,34,2028-12-31,0
nloc-3057-27,2026-07-27,3057,MAIN,NEW,58,2028-12-31,0
nloc-3057-28,2026-07-28,3057,MAIN,NEW,47,2028-12-31,0
nloc-3057-28-s,2026-07-28,3057,SECONDARY,NEW,8,2028-12-31,0
nloc-3057-29,2026-07-29,3057,MAIN,NEW,33,2028-12-31,0
nloc-3057-30,2026-07-30,3057,MAIN,NEW,54,2028-12-31,0
nloc-3057-31,2026-07-31,3057,MAIN,NEW,64,2028-12-31,0
nloc-3058-01,2026-07-01,3058,MAIN,NEW,13,2028-12-31,0
nloc-3058-02,2026-07-02,3058,MAIN,NEW,21,2028-12-31,0
nloc-3058-02-s,2026-07-02,3058,SECONDARY,NEW,7,2028-12-31,0
nloc-3058-03,2026-07-03,3058,MAIN,NEW,20,2028-12-31,0
nloc-3058-04,2026-07-04,3058,MAIN,NEW,23,2028-12-31,0
nloc-3058-05,2026-07-05,3058,MAIN,NEW,14,2028-12-31,0
nloc-3058-06,2026-07-06,3058,MAIN,NEW,13,2028-12-31,0
nloc-3058-07,2026-07-07,3058,MAIN,NEW,17,2028-12-31,0
nloc-3058-07-s,2026-07-07,3058,SECONDARY,NEW,6,2028-12-31,0
nloc-3058-08,2026-07-08,3058,MAIN,NEW,7,2028-12-31,0
nloc-3058-09,2026-07-09,3058,MAIN,NEW,18,2028-12-31,0
nloc-3058-10,2026-07-10,3058,MAIN,NEW,8,2028-12-31,0
nloc-3058-11,2026-07-11,3058,MAIN,NEW,10,2028-12-31,0
nloc-3058-11-b,2026-07-11,3058,DAMAGED,B_STOCK,5,2028-12-31,0
nloc-3058-12,2026-07-12,3058,MAIN,NEW,11,2028-12-31,0
nloc-3058-12-s,2026-07-12,3058,SECONDARY,NEW,1,2028-12-31,0
nloc-3058-13,2026-07-13,3058,MAIN,NEW,10,2028-12-31,0
nloc-3058-14,2026-07-14,3058,MAIN,NEW,9,2028-12-31,0
nloc-3058-15,2026-07-15,3058,MAIN,NEW,15,2028-12-31,0
nloc-3058-16,2026-07-16,3058,MAIN,NEW,10,2028-12-31,0
nloc-3058-16-x,2026-07-16,3058,MAIN,NEW,24,2025-06-30,1
nloc-3058-17,2026-07-17,3058,MAIN,NEW,9,2028-12-31,0
nloc-3058-17-s,2026-07-17,3058,SECONDARY,NEW,3,2028-12-31,0
nloc-3058-18,2026-07-18,3058,MAIN,NEW,3,2028-12-31,0
nloc-3058-19,2026-07-19,3058,MAIN,NEW,0,2028-12-31,0
nloc-3058-20,2026-07-20,3058,MAIN,NEW,4,2028-12-31,0
nloc-3058-21,2026-07-21,3058,MAIN,NEW,16,2028-12-31,0
nloc-3058-22,2026-07-22,3058,MAIN,NEW,7,2028-12-31,0
nloc-3058-22-s,2026-07-22,3058,SECONDARY,NEW,3,2028-12-31,0
nloc-3058-22-b,2026-07-22,3058,DAMAGED,B_STOCK,11,2028-12-31,0
nloc-3058-23,2026-07-23,3058,MAIN,NEW,0,2028-12-31,0
nloc-3058-24,2026-07-24,3058,MAIN,NEW,1,2028-12-31,0
nloc-3058-25,2026-07-25,3058,MAIN,NEW,20,2028-12-31,0
nloc-3058-26,2026-07-26,3058,MAIN,NEW,3,2028-12-31,0
nloc-3058-27,2026-07-27,3058,MAIN,NEW,8,2028-12-31,0
nloc-3058-27-s,2026-07-27,3058,SECONDARY,NEW,1,2028-12-31,0
nloc-3058-28,2026-07-28,3058,MAIN,NEW,13,2028-12-31,0
nloc-3058-29,2026-07-29,3058,MAIN,NEW,0,2028-12-31,0
nloc-3058-30,2026-07-30,3058,MAIN,NEW,0,2028-12-31,0
nloc-3058-31,2026-07-31,3058,MAIN,NEW,0,2028-12-31,0
nloc-3059-01,2026-07-01,3059,MAIN,NEW,114,2028-12-31,0
nloc-3059-01-s,2026-07-01,3059,SECONDARY,NEW,3,2028-12-31,0
nloc-3059-02,2026-07-02,3059,MAIN,NEW,105,2028-12-31,0
nloc-3059-03,2026-07-03,3059,MAIN,NEW,101,2028-12-31,0
nloc-3059-04,2026-07-04,3059,MAIN,NEW,98,2028-12-31,0
nloc-3059-05,2026-07-05,3059,MAIN,NEW,111,2028-12-31,0
nloc-3059-06,2026-07-06,3059,MAIN,NEW,100,2028-12-31,0
nloc-3059-06-s,2026-07-06,3059,SECONDARY,NEW,9,2028-12-31,0
nloc-3059-07,2026-07-07,3059,MAIN,NEW,110,2028-12-31,0
nloc-3059-08,2026-07-08,3059,MAIN,NEW,107,2028-12-31,0
nloc-3059-09,2026-07-09,3059,MAIN,NEW,99,2028-12-31,0
nloc-3059-10,2026-07-10,3059,MAIN,NEW,110,2028-12-31,0
nloc-3059-10-b,2026-07-10,3059,DAMAGED,B_STOCK,6,2028-12-31,0
nloc-3059-11,2026-07-11,3059,MAIN,NEW,97,2028-12-31,0
nloc-3059-11-s,2026-07-11,3059,SECONDARY,NEW,1,2028-12-31,0
nloc-3059-12,2026-07-12,3059,MAIN,NEW,112,2028-12-31,0
nloc-3059-13,2026-07-13,3059,MAIN,NEW,103,2028-12-31,0
nloc-3059-14,2026-07-14,3059,MAIN,NEW,98,2028-12-31,0
nloc-3059-15,2026-07-15,3059,MAIN,NEW,108,2028-12-31,0
nloc-3059-15-x,2026-07-15,3059,MAIN,NEW,30,2025-06-30,1
nloc-3059-16,2026-07-16,3059,MAIN,NEW,97,2028-12-31,0
nloc-3059-16-s,2026-07-16,3059,SECONDARY,NEW,6,2028-12-31,0
nloc-3059-17,2026-07-17,3059,MAIN,NEW,103,2028-12-31,0
nloc-3059-18,2026-07-18,3059,MAIN,NEW,97,2028-12-31,0
nloc-3059-19,2026-07-19,3059,MAIN,NEW,90,2028-12-31,0
nloc-3059-20,2026-07-20,3059,MAIN,NEW,106,2028-12-31,0
nloc-3059-21,2026-07-21,3059,MAIN,NEW,91,2028-12-31,0
nloc-3059-21-s,2026-07-21,3059,SECONDARY,NEW,6,2028-12-31,0
nloc-3059-21-b,2026-07-21,3059,DAMAGED,B_STOCK,15,2028-12-31,0
nloc-3059-22,2026-07-22,3059,MAIN,NEW,85,2028-12-31,0
nloc-3059-23,2026-07-23,3059,MAIN,NEW,86,2028-12-31,0
nloc-3059-24,2026-07-24,3059,MAIN,NEW,80,2028-12-31,0
nloc-3059-25,2026-07-25,3059,MAIN,NEW,98,2028-12-31,0
nloc-3059-26,2026-07-26,3059,MAIN,NEW,92,2028-12-31,0
nloc-3059-26-s,2026-07-26,3059,SECONDARY,NEW,2,2028-12-31,0
nloc-3059-27,2026-07-27,3059,MAIN,NEW,96,2028-12-31,0
nloc-3059-28,2026-07-28,3059,MAIN,NEW,94,2028-12-31,0
nloc-3059-29,2026-07-29,3059,MAIN,NEW,101,2028-12-31,0
nloc-3059-30,2026-07-30,3059,MAIN,NEW,72,2028-12-31,0
nloc-3059-31,2026-07-31,3059,MAIN,NEW,83,2028-12-31,0
nloc-3059-31-s,2026-07-31,3059,SECONDARY,NEW,5,2028-12-31,0
nloc-3060-01,2026-07-01,3060,MAIN,NEW,28,2028-12-31,0
nloc-3060-02,2026-07-02,3060,MAIN,NEW,31,2028-12-31,0
nloc-3060-03,2026-07-03,3060,MAIN,NEW,38,2028-12-31,0
nloc-3060-04,2026-07-04,3060,MAIN,NEW,24,2028-12-31,0
nloc-3060-05,2026-07-05,3060,MAIN,NEW,34,2028-12-31,0
nloc-3060-05-s,2026-07-05,3060,SECONDARY,NEW,9,2028-12-31,0
nloc-3060-06,2026-07-06,3060,MAIN,NEW,33,2028-12-31,0
nloc-3060-07,2026-07-07,3060,MAIN,NEW,34,2028-12-31,0
nloc-3060-08,2026-07-08,3060,MAIN,NEW,23,2028-12-31,0
nloc-3060-09,2026-07-09,3060,MAIN,NEW,22,2028-12-31,0
nloc-3060-09-b,2026-07-09,3060,DAMAGED,B_STOCK,11,2028-12-31,0
nloc-3060-10,2026-07-10,3060,MAIN,NEW,27,2028-12-31,0
nloc-3060-10-s,2026-07-10,3060,SECONDARY,NEW,8,2028-12-31,0
nloc-3060-11,2026-07-11,3060,MAIN,NEW,29,2028-12-31,0
nloc-3060-12,2026-07-12,3060,MAIN,NEW,32,2028-12-31,0
nloc-3060-13,2026-07-13,3060,MAIN,NEW,27,2028-12-31,0
nloc-3060-14,2026-07-14,3060,MAIN,NEW,22,2028-12-31,0
nloc-3060-14-x,2026-07-14,3060,MAIN,NEW,9,2025-06-30,1
nloc-3060-15,2026-07-15,3060,MAIN,NEW,26,2028-12-31,0
nloc-3060-15-s,2026-07-15,3060,SECONDARY,NEW,5,2028-12-31,0
nloc-3060-16,2026-07-16,3060,MAIN,NEW,30,2028-12-31,0
nloc-3060-17,2026-07-17,3060,MAIN,NEW,16,2028-12-31,0
nloc-3060-18,2026-07-18,3060,MAIN,NEW,9,2028-12-31,0
nloc-3060-19,2026-07-19,3060,MAIN,NEW,27,2028-12-31,0
nloc-3060-20,2026-07-20,3060,MAIN,NEW,4,2028-12-31,0
nloc-3060-20-s,2026-07-20,3060,SECONDARY,NEW,6,2028-12-31,0
nloc-3060-20-b,2026-07-20,3060,DAMAGED,B_STOCK,5,2028-12-31,0
nloc-3060-21,2026-07-21,3060,MAIN,NEW,9,2028-12-31,0
nloc-3060-22,2026-07-22,3060,MAIN,NEW,8,2028-12-31,0
nloc-3060-23,2026-07-23,3060,MAIN,NEW,27,2028-12-31,0
nloc-3060-24,2026-07-24,3060,MAIN,NEW,20,2028-12-31,0
nloc-3060-25,2026-07-25,3060,MAIN,NEW,11,2028-12-31,0
nloc-3060-25-s,2026-07-25,3060,SECONDARY,NEW,4,2028-12-31,0
nloc-3060-26,2026-07-26,3060,MAIN,NEW,4,2028-12-31,0
nloc-3060-27,2026-07-27,3060,MAIN,NEW,15,2028-12-31,0
nloc-3060-28,2026-07-28,3060,MAIN,NEW,34,2028-12-31,0
nloc-3060-29,2026-07-29,3060,MAIN,NEW,6,2028-12-31,0
nloc-3060-30,2026-07-30,3060,MAIN,NEW,13,2028-12-31,0
nloc-3060-30-s,2026-07-30,3060,SECONDARY,NEW,4,2028-12-31,0
nloc-3060-31,2026-07-31,3060,MAIN,NEW,30,2028-12-31,0
nloc-3060-31-b,2026-07-31,3060,DAMAGED,B_STOCK,8,2028-12-31,0
nloc-3061-01,2026-07-01,3061,MAIN,NEW,91,2028-12-31,0
nloc-3061-02,2026-07-02,3061,MAIN,NEW,83,2028-12-31,0
nloc-3061-03,2026-07-03,3061,MAIN,NEW,91,2028-12-31,0
nloc-3061-04,2026-07-04,3061,MAIN,NEW,79,2028-12-31,0
nloc-3061-04-s,2026-07-04,3061,SECONDARY,NEW,10,2028-12-31,0
nloc-3061-05,2026-07-05,3061,MAIN,NEW,91,2028-12-31,0
nloc-3061-06,2026-07-06,3061,MAIN,NEW,77,2028-12-31,0
nloc-3061-07,2026-07-07,3061,MAIN,NEW,84,2028-12-31,0
nloc-3061-08,2026-07-08,3061,MAIN,NEW,90,2028-12-31,0
nloc-3061-08-b,2026-07-08,3061,DAMAGED,B_STOCK,13,2028-12-31,0
nloc-3061-09,2026-07-09,3061,MAIN,NEW,87,2028-12-31,0
nloc-3061-09-s,2026-07-09,3061,SECONDARY,NEW,3,2028-12-31,0
nloc-3061-10,2026-07-10,3061,MAIN,NEW,90,2028-12-31,0
nloc-3061-11,2026-07-11,3061,MAIN,NEW,80,2028-12-31,0
nloc-3061-12,2026-07-12,3061,MAIN,NEW,80,2028-12-31,0
nloc-3061-13,2026-07-13,3061,MAIN,NEW,78,2028-12-31,0
nloc-3061-13-x,2026-07-13,3061,MAIN,NEW,30,2025-06-30,1
nloc-3061-14,2026-07-14,3061,MAIN,NEW,78,2028-12-31,0
nloc-3061-14-s,2026-07-14,3061,SECONDARY,NEW,2,2028-12-31,0
nloc-3061-15,2026-07-15,3061,MAIN,NEW,77,2028-12-31,0
nloc-3061-16,2026-07-16,3061,MAIN,NEW,77,2028-12-31,0
nloc-3061-17,2026-07-17,3061,MAIN,NEW,77,2028-12-31,0
nloc-3061-18,2026-07-18,3061,MAIN,NEW,73,2028-12-31,0
nloc-3061-19,2026-07-19,3061,MAIN,NEW,76,2028-12-31,0
nloc-3061-19-s,2026-07-19,3061,SECONDARY,NEW,8,2028-12-31,0
nloc-3061-19-b,2026-07-19,3061,DAMAGED,B_STOCK,14,2028-12-31,0
nloc-3061-20,2026-07-20,3061,MAIN,NEW,79,2028-12-31,0
nloc-3061-21,2026-07-21,3061,MAIN,NEW,76,2028-12-31,0
nloc-3061-22,2026-07-22,3061,MAIN,NEW,60,2028-12-31,0
nloc-3061-23,2026-07-23,3061,MAIN,NEW,68,2028-12-31,0
nloc-3061-24,2026-07-24,3061,MAIN,NEW,67,2028-12-31,0
nloc-3061-24-s,2026-07-24,3061,SECONDARY,NEW,7,2028-12-31,0
nloc-3061-25,2026-07-25,3061,MAIN,NEW,76,2028-12-31,0
nloc-3061-26,2026-07-26,3061,MAIN,NEW,87,2028-12-31,0
nloc-3061-27,2026-07-27,3061,MAIN,NEW,62,2028-12-31,0
nloc-3061-28,2026-07-28,3061,MAIN,NEW,77,2028-12-31,0
nloc-3061-29,2026-07-29,3061,MAIN,NEW,57,2028-12-31,0
nloc-3061-29-s,2026-07-29,3061,SECONDARY,NEW,3,2028-12-31,0
nloc-3061-30,2026-07-30,3061,MAIN,NEW,83,2028-12-31,0
nloc-3061-30-b,2026-07-30,3061,DAMAGED,B_STOCK,14,2028-12-31,0
nloc-3061-31,2026-07-31,3061,MAIN,NEW,77,2028-12-31,0
nloc-3062-01,2026-07-01,3062,MAIN,NEW,95,2028-12-31,0
nloc-3062-02,2026-07-02,3062,MAIN,NEW,95,2028-12-31,0
nloc-3062-03,2026-07-03,3062,MAIN,NEW,98,2028-12-31,0
nloc-3062-03-s,2026-07-03,3062,SECONDARY,NEW,7,2028-12-31,0
nloc-3062-04,2026-07-04,3062,MAIN,NEW,99,2028-12-31,0
nloc-3062-05,2026-07-05,3062,MAIN,NEW,97,2028-12-31,0
nloc-3062-06,2026-07-06,3062,MAIN,NEW,101,2028-12-31,0
nloc-3062-07,2026-07-07,3062,MAIN,NEW,92,2028-12-31,0
nloc-3062-07-b,2026-07-07,3062,DAMAGED,B_STOCK,7,2028-12-31,0
nloc-3062-08,2026-07-08,3062,MAIN,NEW,90,2028-12-31,0
nloc-3062-08-s,2026-07-08,3062,SECONDARY,NEW,6,2028-12-31,0
nloc-3062-09,2026-07-09,3062,MAIN,NEW,94,2028-12-31,0
nloc-3062-10,2026-07-10,3062,MAIN,NEW,91,2028-12-31,0
nloc-3062-11,2026-07-11,3062,MAIN,NEW,87,2028-12-31,0
nloc-3062-12,2026-07-12,3062,MAIN,NEW,94,2028-12-31,0
nloc-3062-12-x,2026-07-12,3062,MAIN,NEW,11,2025-06-30,1
nloc-3062-13,2026-07-13,3062,MAIN,NEW,96,2028-12-31,0
nloc-3062-13-s,2026-07-13,3062,SECONDARY,NEW,1,2028-12-31,0
nloc-3062-14,2026-07-14,3062,MAIN,NEW,83,2028-12-31,0
nloc-3062-15,2026-07-15,3062,MAIN,NEW,99,2028-12-31,0
nloc-3062-16,2026-07-16,3062,MAIN,NEW,83,2028-12-31,0
nloc-3062-17,2026-07-17,3062,MAIN,NEW,91,2028-12-31,0
nloc-3062-18,2026-07-18,3062,MAIN,NEW,99,2028-12-31,0
nloc-3062-18-s,2026-07-18,3062,SECONDARY,NEW,2,2028-12-31,0
nloc-3062-18-b,2026-07-18,3062,DAMAGED,B_STOCK,2,2028-12-31,0
nloc-3062-19,2026-07-19,3062,MAIN,NEW,101,2028-12-31,0
nloc-3062-20,2026-07-20,3062,MAIN,NEW,80,2028-12-31,0
nloc-3062-21,2026-07-21,3062,MAIN,NEW,78,2028-12-31,0
nloc-3062-22,2026-07-22,3062,MAIN,NEW,89,2028-12-31,0
nloc-3062-23,2026-07-23,3062,MAIN,NEW,66,2028-12-31,0
nloc-3062-23-s,2026-07-23,3062,SECONDARY,NEW,1,2028-12-31,0
nloc-3062-24,2026-07-24,3062,MAIN,NEW,75,2028-12-31,0
nloc-3062-25,2026-07-25,3062,MAIN,NEW,94,2028-12-31,0
nloc-3062-26,2026-07-26,3062,MAIN,NEW,83,2028-12-31,0
nloc-3062-27,2026-07-27,3062,MAIN,NEW,83,2028-12-31,0
nloc-3062-28,2026-07-28,3062,MAIN,NEW,85,2028-12-31,0
nloc-3062-28-s,2026-07-28,3062,SECONDARY,NEW,3,2028-12-31,0
nloc-3062-29,2026-07-29,3062,MAIN,NEW,97,2028-12-31,0
nloc-3062-29-b,2026-07-29,3062,DAMAGED,B_STOCK,9,2028-12-31,0
nloc-3062-30,2026-07-30,3062,MAIN,NEW,100,2028-12-31,0
nloc-3062-31,2026-07-31,3062,MAIN,NEW,74,2028-12-31,0
nloc-3063-01,2026-07-01,3063,MAIN,NEW,27,2028-12-31,0
nloc-3063-02,2026-07-02,3063,MAIN,NEW,39,2028-12-31,0
nloc-3063-02-s,2026-07-02,3063,SECONDARY,NEW,7,2028-12-31,0
nloc-3063-03,2026-07-03,3063,MAIN,NEW,32,2028-12-31,0
nloc-3063-04,2026-07-04,3063,MAIN,NEW,35,2028-12-31,0
nloc-3063-05,2026-07-05,3063,MAIN,NEW,28,2028-12-31,0
nloc-3063-06,2026-07-06,3063,MAIN,NEW,28,2028-12-31,0
nloc-3063-06-b,2026-07-06,3063,DAMAGED,B_STOCK,5,2028-12-31,0
nloc-3063-07,2026-07-07,3063,MAIN,NEW,21,2028-12-31,0
nloc-3063-07-s,2026-07-07,3063,SECONDARY,NEW,8,2028-12-31,0
nloc-3063-08,2026-07-08,3063,MAIN,NEW,31,2028-12-31,0
nloc-3063-09,2026-07-09,3063,MAIN,NEW,22,2028-12-31,0
nloc-3063-10,2026-07-10,3063,MAIN,NEW,27,2028-12-31,0
nloc-3063-11,2026-07-11,3063,MAIN,NEW,29,2028-12-31,0
nloc-3063-11-x,2026-07-11,3063,MAIN,NEW,15,2025-06-30,1
nloc-3063-12,2026-07-12,3063,MAIN,NEW,19,2028-12-31,0
nloc-3063-12-s,2026-07-12,3063,SECONDARY,NEW,6,2028-12-31,0
nloc-3063-13,2026-07-13,3063,MAIN,NEW,24,2028-12-31,0
nloc-3063-14,2026-07-14,3063,MAIN,NEW,13,2028-12-31,0
nloc-3063-15,2026-07-15,3063,MAIN,NEW,19,2028-12-31,0
nloc-3063-16,2026-07-16,3063,MAIN,NEW,23,2028-12-31,0
nloc-3063-17,2026-07-17,3063,MAIN,NEW,30,2028-12-31,0
nloc-3063-17-s,2026-07-17,3063,SECONDARY,NEW,2,2028-12-31,0
nloc-3063-17-b,2026-07-17,3063,DAMAGED,B_STOCK,7,2028-12-31,0
nloc-3063-18,2026-07-18,3063,MAIN,NEW,10,2028-12-31,0
nloc-3063-19,2026-07-19,3063,MAIN,NEW,10,2028-12-31,0
nloc-3063-20,2026-07-20,3063,MAIN,NEW,13,2028-12-31,0
nloc-3063-21,2026-07-21,3063,MAIN,NEW,16,2028-12-31,0
nloc-3063-22,2026-07-22,3063,MAIN,NEW,15,2028-12-31,0
nloc-3063-22-s,2026-07-22,3063,SECONDARY,NEW,7,2028-12-31,0
nloc-3063-23,2026-07-23,3063,MAIN,NEW,18,2028-12-31,0
nloc-3063-24,2026-07-24,3063,MAIN,NEW,28,2028-12-31,0
nloc-3063-25,2026-07-25,3063,MAIN,NEW,3,2028-12-31,0
nloc-3063-26,2026-07-26,3063,MAIN,NEW,16,2028-12-31,0
nloc-3063-27,2026-07-27,3063,MAIN,NEW,25,2028-12-31,0
nloc-3063-27-s,2026-07-27,3063,SECONDARY,NEW,10,2028-12-31,0
nloc-3063-28,2026-07-28,3063,MAIN,NEW,0,2028-12-31,0
nloc-3063-28-b,2026-07-28,3063,DAMAGED,B_STOCK,6,2028-12-31,0
nloc-3063-29,2026-07-29,3063,MAIN,NEW,3,2028-12-31,0
nloc-3063-30,2026-07-30,3063,MAIN,NEW,34,2028-12-31,0
nloc-3063-31,2026-07-31,3063,MAIN,NEW,15,2028-12-31,0
nloc-3064-01,2026-07-01,3064,MAIN,NEW,100,2028-12-31,0
nloc-3064-01-s,2026-07-01,3064,SECONDARY,NEW,10,2028-12-31,0
nloc-3064-02,2026-07-02,3064,MAIN,NEW,93,2028-12-31,0
nloc-3064-03,2026-07-03,3064,MAIN,NEW,101,2028-12-31,0
nloc-3064-04,2026-07-04,3064,MAIN,NEW,93,2028-12-31,0
nloc-3064-05,2026-07-05,3064,MAIN,NEW,94,2028-12-31,0
nloc-3064-05-b,2026-07-05,3064,DAMAGED,B_STOCK,10,2028-12-31,0
nloc-3064-06,2026-07-06,3064,MAIN,NEW,100,2028-12-31,0
nloc-3064-06-s,2026-07-06,3064,SECONDARY,NEW,1,2028-12-31,0
nloc-3064-07,2026-07-07,3064,MAIN,NEW,97,2028-12-31,0
nloc-3064-08,2026-07-08,3064,MAIN,NEW,101,2028-12-31,0
nloc-3064-09,2026-07-09,3064,MAIN,NEW,89,2028-12-31,0
nloc-3064-10,2026-07-10,3064,MAIN,NEW,80,2028-12-31,0
nloc-3064-10-x,2026-07-10,3064,MAIN,NEW,26,2025-06-30,1
nloc-3064-11,2026-07-11,3064,MAIN,NEW,93,2028-12-31,0
nloc-3064-11-s,2026-07-11,3064,SECONDARY,NEW,3,2028-12-31,0
nloc-3064-12,2026-07-12,3064,MAIN,NEW,88,2028-12-31,0
nloc-3064-13,2026-07-13,3064,MAIN,NEW,85,2028-12-31,0
nloc-3064-14,2026-07-14,3064,MAIN,NEW,94,2028-12-31,0
nloc-3064-15,2026-07-15,3064,MAIN,NEW,91,2028-12-31,0
nloc-3064-16,2026-07-16,3064,MAIN,NEW,85,2028-12-31,0
nloc-3064-16-s,2026-07-16,3064,SECONDARY,NEW,2,2028-12-31,0
nloc-3064-16-b,2026-07-16,3064,DAMAGED,B_STOCK,2,2028-12-31,0
nloc-3064-17,2026-07-17,3064,MAIN,NEW,95,2028-12-31,0
nloc-3064-18,2026-07-18,3064,MAIN,NEW,88,2028-12-31,0
nloc-3064-19,2026-07-19,3064,MAIN,NEW,87,2028-12-31,0
nloc-3064-20,2026-07-20,3064,MAIN,NEW,78,2028-12-31,0
nloc-3064-21,2026-07-21,3064,MAIN,NEW,70,2028-12-31,0
nloc-3064-21-s,2026-07-21,3064,SECONDARY,NEW,2,2028-12-31,0
nloc-3064-22,2026-07-22,3064,MAIN,NEW,72,2028-12-31,0
nloc-3064-23,2026-07-23,3064,MAIN,NEW,88,2028-12-31,0
nloc-3064-24,2026-07-24,3064,MAIN,NEW,77,2028-12-31,0
nloc-3064-25,2026-07-25,3064,MAIN,NEW,99,2028-12-31,0
nloc-3064-26,2026-07-26,3064,MAIN,NEW,77,2028-12-31,0
nloc-3064-26-s,2026-07-26,3064,SECONDARY,NEW,8,2028-12-31,0
nloc-3064-27,2026-07-27,3064,MAIN,NEW,76,2028-12-31,0
nloc-3064-27-b,2026-07-27,3064,DAMAGED,B_STOCK,1,2028-12-31,0
nloc-3064-28,2026-07-28,3064,MAIN,NEW,94,2028-12-31,0
nloc-3064-29,2026-07-29,3064,MAIN,NEW,80,2028-12-31,0
nloc-3064-30,2026-07-30,3064,MAIN,NEW,81,2028-12-31,0
nloc-3064-31,2026-07-31,3064,MAIN,NEW,69,2028-12-31,0
nloc-3064-31-s,2026-07-31,3064,SECONDARY,NEW,6,2028-12-31,0
nloc-3065-01,2026-07-01,3065,MAIN,NEW,26,2028-12-31,0
nloc-3065-02,2026-07-02,3065,MAIN,NEW,25,2028-12-31,0
nloc-3065-03,2026-07-03,3065,MAIN,NEW,28,2028-12-31,0
nloc-3065-04,2026-07-04,3065,MAIN,NEW,25,2028-12-31,0
nloc-3065-04-b,2026-07-04,3065,DAMAGED,B_STOCK,14,2028-12-31,0
nloc-3065-05,2026-07-05,3065,MAIN,NEW,28,2028-12-31,0
nloc-3065-05-s,2026-07-05,3065,SECONDARY,NEW,5,2028-12-31,0
nloc-3065-06,2026-07-06,3065,MAIN,NEW,22,2028-12-31,0
nloc-3065-07,2026-07-07,3065,MAIN,NEW,34,2028-12-31,0
nloc-3065-08,2026-07-08,3065,MAIN,NEW,22,2028-12-31,0
nloc-3065-09,2026-07-09,3065,MAIN,NEW,21,2028-12-31,0
nloc-3065-09-x,2026-07-09,3065,MAIN,NEW,27,2025-06-30,1
nloc-3065-10,2026-07-10,3065,MAIN,NEW,20,2028-12-31,0
nloc-3065-10-s,2026-07-10,3065,SECONDARY,NEW,8,2028-12-31,0
nloc-3065-11,2026-07-11,3065,MAIN,NEW,20,2028-12-31,0
nloc-3065-12,2026-07-12,3065,MAIN,NEW,15,2028-12-31,0
nloc-3065-13,2026-07-13,3065,MAIN,NEW,12,2028-12-31,0
nloc-3065-14,2026-07-14,3065,MAIN,NEW,21,2028-12-31,0
nloc-3065-15,2026-07-15,3065,MAIN,NEW,23,2028-12-31,0
nloc-3065-15-s,2026-07-15,3065,SECONDARY,NEW,5,2028-12-31,0
nloc-3065-15-b,2026-07-15,3065,DAMAGED,B_STOCK,14,2028-12-31,0
nloc-3065-16,2026-07-16,3065,MAIN,NEW,22,2028-12-31,0
nloc-3065-17,2026-07-17,3065,MAIN,NEW,25,2028-12-31,0
nloc-3065-18,2026-07-18,3065,MAIN,NEW,21,2028-12-31,0
nloc-3065-19,2026-07-19,3065,MAIN,NEW,3,2028-12-31,0
nloc-3065-20,2026-07-20,3065,MAIN,NEW,19,2028-12-31,0
nloc-3065-20-s,2026-07-20,3065,SECONDARY,NEW,9,2028-12-31,0
nloc-3065-21,2026-07-21,3065,MAIN,NEW,20,2028-12-31,0
nloc-3065-22,2026-07-22,3065,MAIN,NEW,20,2028-12-31,0
nloc-3065-23,2026-07-23,3065,MAIN,NEW,17,2028-12-31,0
nloc-3065-24,2026-07-24,3065,MAIN,NEW,19,2028-12-31,0
nloc-3065-25,2026-07-25,3065,MAIN,NEW,6,2028-12-31,0
nloc-3065-25-s,2026-07-25,3065,SECONDARY,NEW,2,2028-12-31,0
nloc-3065-26,2026-07-26,3065,MAIN,NEW,8,2028-12-31,0
nloc-3065-26-b,2026-07-26,3065,DAMAGED,B_STOCK,6,2028-12-31,0
nloc-3065-27,2026-07-27,3065,MAIN,NEW,16,2028-12-31,0
nloc-3065-28,2026-07-28,3065,MAIN,NEW,5,2028-12-31,0
nloc-3065-29,2026-07-29,3065,MAIN,NEW,19,2028-12-31,0
nloc-3065-30,2026-07-30,3065,MAIN,NEW,24,2028-12-31,0
nloc-3065-30-s,2026-07-30,3065,SECONDARY,NEW,10,2028-12-31,0
nloc-3065-31,2026-07-31,3065,MAIN,NEW,22,2028-12-31,0
nloc-3066-01,2026-07-01,3066,MAIN,NEW,116,2028-12-31,0
nloc-3066-02,2026-07-02,3066,MAIN,NEW,125,2028-12-31,0
nloc-3066-03,2026-07-03,3066,MAIN,NEW,127,2028-12-31,0
nloc-3066-03-b,2026-07-03,3066,DAMAGED,B_STOCK,13,2028-12-31,0
nloc-3066-04,2026-07-04,3066,MAIN,NEW,120,2028-12-31,0
nloc-3066-04-s,2026-07-04,3066,SECONDARY,NEW,8,2028-12-31,0
nloc-3066-05,2026-07-05,3066,MAIN,NEW,115,2028-12-31,0
nloc-3066-06,2026-07-06,3066,MAIN,NEW,109,2028-12-31,0
nloc-3066-07,2026-07-07,3066,MAIN,NEW,110,2028-12-31,0
nloc-3066-08,2026-07-08,3066,MAIN,NEW,115,2028-12-31,0
nloc-3066-08-x,2026-07-08,3066,MAIN,NEW,22,2025-06-30,1
nloc-3066-09,2026-07-09,3066,MAIN,NEW,114,2028-12-31,0
nloc-3066-09-s,2026-07-09,3066,SECONDARY,NEW,1,2028-12-31,0
nloc-3066-10,2026-07-10,3066,MAIN,NEW,103,2028-12-31,0
nloc-3066-11,2026-07-11,3066,MAIN,NEW,116,2028-12-31,0
nloc-3066-12,2026-07-12,3066,MAIN,NEW,102,2028-12-31,0
nloc-3066-13,2026-07-13,3066,MAIN,NEW,103,2028-12-31,0
nloc-3066-14,2026-07-14,3066,MAIN,NEW,111,2028-12-31,0
nloc-3066-14-s,2026-07-14,3066,SECONDARY,NEW,4,2028-12-31,0
nloc-3066-14-b,2026-07-14,3066,DAMAGED,B_STOCK,15,2028-12-31,0
nloc-3066-15,2026-07-15,3066,MAIN,NEW,110,2028-12-31,0
nloc-3066-16,2026-07-16,3066,MAIN,NEW,119,2028-12-31,0
nloc-3066-17,2026-07-17,3066,MAIN,NEW,108,2028-12-31,0
nloc-3066-18,2026-07-18,3066,MAIN,NEW,118,2028-12-31,0
nloc-3066-19,2026-07-19,3066,MAIN,NEW,110,2028-12-31,0
nloc-3066-19-s,2026-07-19,3066,SECONDARY,NEW,9,2028-12-31,0
nloc-3066-20,2026-07-20,3066,MAIN,NEW,103,2028-12-31,0
nloc-3066-21,2026-07-21,3066,MAIN,NEW,112,2028-12-31,0
nloc-3066-22,2026-07-22,3066,MAIN,NEW,106,2028-12-31,0
nloc-3066-23,2026-07-23,3066,MAIN,NEW,93,2028-12-31,0
nloc-3066-24,2026-07-24,3066,MAIN,NEW,120,2028-12-31,0
nloc-3066-24-s,2026-07-24,3066,SECONDARY,NEW,6,2028-12-31,0
nloc-3066-25,2026-07-25,3066,MAIN,NEW,118,2028-12-31,0
nloc-3066-25-b,2026-07-25,3066,DAMAGED,B_STOCK,9,2028-12-31,0
nloc-3066-26,2026-07-26,3066,MAIN,NEW,100,2028-12-31,0
nloc-3066-27,2026-07-27,3066,MAIN,NEW,98,2028-12-31,0
nloc-3066-28,2026-07-28,3066,MAIN,NEW,109,2028-12-31,0
nloc-3066-29,2026-07-29,3066,MAIN,NEW,88,2028-12-31,0
nloc-3066-29-s,2026-07-29,3066,SECONDARY,NEW,8,2028-12-31,0
nloc-3066-30,2026-07-30,3066,MAIN,NEW,93,2028-12-31,0
nloc-3066-31,2026-07-31,3066,MAIN,NEW,103,2028-12-31,0
nloc-3067-01,2026-07-01,3067,MAIN,NEW,98,2028-12-31,0
nloc-3067-02,2026-07-02,3067,MAIN,NEW,103,2028-12-31,0
nloc-3067-02-b,2026-07-02,3067,DAMAGED,B_STOCK,8,2028-12-31,0
nloc-3067-03,2026-07-03,3067,MAIN,NEW,103,2028-12-31,0
nloc-3067-03-s,2026-07-03,3067,SECONDARY,NEW,6,2028-12-31,0
nloc-3067-04,2026-07-04,3067,MAIN,NEW,92,2028-12-31,0
nloc-3067-05,2026-07-05,3067,MAIN,NEW,98,2028-12-31,0
nloc-3067-06,2026-07-06,3067,MAIN,NEW,102,2028-12-31,0
nloc-3067-07,2026-07-07,3067,MAIN,NEW,97,2028-12-31,0
nloc-3067-07-x,2026-07-07,3067,MAIN,NEW,19,2025-06-30,1
nloc-3067-08,2026-07-08,3067,MAIN,NEW,97,2028-12-31,0
nloc-3067-08-s,2026-07-08,3067,SECONDARY,NEW,5,2028-12-31,0
nloc-3067-09,2026-07-09,3067,MAIN,NEW,99,2028-12-31,0
nloc-3067-10,2026-07-10,3067,MAIN,NEW,100,2028-12-31,0
nloc-3067-11,2026-07-11,3067,MAIN,NEW,88,2028-12-31,0
nloc-3067-12,2026-07-12,3067,MAIN,NEW,85,2028-12-31,0
nloc-3067-13,2026-07-13,3067,MAIN,NEW,94,2028-12-31,0
nloc-3067-13-s,2026-07-13,3067,SECONDARY,NEW,8,2028-12-31,0
nloc-3067-13-b,2026-07-13,3067,DAMAGED,B_STOCK,11,2028-12-31,0
nloc-3067-14,2026-07-14,3067,MAIN,NEW,83,2028-12-31,0
nloc-3067-15,2026-07-15,3067,MAIN,NEW,97,2028-12-31,0
nloc-3067-16,2026-07-16,3067,MAIN,NEW,93,2028-12-31,0
nloc-3067-17,2026-07-17,3067,MAIN,NEW,97,2028-12-31,0
nloc-3067-18,2026-07-18,3067,MAIN,NEW,98,2028-12-31,0
nloc-3067-18-s,2026-07-18,3067,SECONDARY,NEW,3,2028-12-31,0
nloc-3067-19,2026-07-19,3067,MAIN,NEW,91,2028-12-31,0
nloc-3067-20,2026-07-20,3067,MAIN,NEW,97,2028-12-31,0
nloc-3067-21,2026-07-21,3067,MAIN,NEW,100,2028-12-31,0
nloc-3067-22,2026-07-22,3067,MAIN,NEW,88,2028-12-31,0
nloc-3067-23,2026-07-23,3067,MAIN,NEW,80,2028-12-31,0
nloc-3067-23-s,2026-07-23,3067,SECONDARY,NEW,6,2028-12-31,0
nloc-3067-24,2026-07-24,3067,MAIN,NEW,79,2028-12-31,0
nloc-3067-24-b,2026-07-24,3067,DAMAGED,B_STOCK,15,2028-12-31,0
nloc-3067-25,2026-07-25,3067,MAIN,NEW,79,2028-12-31,0
nloc-3067-26,2026-07-26,3067,MAIN,NEW,87,2028-12-31,0
nloc-3067-27,2026-07-27,3067,MAIN,NEW,61,2028-12-31,0
nloc-3067-28,2026-07-28,3067,MAIN,NEW,75,2028-12-31,0
nloc-3067-28-s,2026-07-28,3067,SECONDARY,NEW,6,2028-12-31,0
nloc-3067-29,2026-07-29,3067,MAIN,NEW,84,2028-12-31,0
nloc-3067-30,2026-07-30,3067,MAIN,NEW,80,2028-12-31,0
nloc-3067-31,2026-07-31,3067,MAIN,NEW,62,2028-12-31,0
nloc-3068-01,2026-07-01,3068,MAIN,NEW,37,2028-12-31,0
nloc-3068-01-b,2026-07-01,3068,DAMAGED,B_STOCK,9,2028-12-31,0
nloc-3068-02,2026-07-02,3068,MAIN,NEW,28,2028-12-31,0
nloc-3068-02-s,2026-07-02,3068,SECONDARY,NEW,10,2028-12-31,0
nloc-3068-03,2026-07-03,3068,MAIN,NEW,34,2028-12-31,0
nloc-3068-04,2026-07-04,3068,MAIN,NEW,40,2028-12-31,0
nloc-3068-05,2026-07-05,3068,MAIN,NEW,36,2028-12-31,0
nloc-3068-06,2026-07-06,3068,MAIN,NEW,22,2028-12-31,0
nloc-3068-06-x,2026-07-06,3068,MAIN,NEW,15,2025-06-30,1
nloc-3068-07,2026-07-07,3068,MAIN,NEW,31,2028-12-31,0
nloc-3068-07-s,2026-07-07,3068,SECONDARY,NEW,6,2028-12-31,0
nloc-3068-08,2026-07-08,3068,MAIN,NEW,33,2028-12-31,0
nloc-3068-09,2026-07-09,3068,MAIN,NEW,30,2028-12-31,0
nloc-3068-10,2026-07-10,3068,MAIN,NEW,27,2028-12-31,0
nloc-3068-11,2026-07-11,3068,MAIN,NEW,18,2028-12-31,0
nloc-3068-12,2026-07-12,3068,MAIN,NEW,14,2028-12-31,0
nloc-3068-12-s,2026-07-12,3068,SECONDARY,NEW,3,2028-12-31,0
nloc-3068-12-b,2026-07-12,3068,DAMAGED,B_STOCK,5,2028-12-31,0
nloc-3068-13,2026-07-13,3068,MAIN,NEW,16,2028-12-31,0
nloc-3068-14,2026-07-14,3068,MAIN,NEW,29,2028-12-31,0
nloc-3068-15,2026-07-15,3068,MAIN,NEW,12,2028-12-31,0
nloc-3068-16,2026-07-16,3068,MAIN,NEW,24,2028-12-31,0
nloc-3068-17,2026-07-17,3068,MAIN,NEW,25,2028-12-31,0
nloc-3068-17-s,2026-07-17,3068,SECONDARY,NEW,10,2028-12-31,0
nloc-3068-18,2026-07-18,3068,MAIN,NEW,31,2028-12-31,0
nloc-3068-19,2026-07-19,3068,MAIN,NEW,13,2028-12-31,0
nloc-3068-20,2026-07-20,3068,MAIN,NEW,33,2028-12-31,0
nloc-3068-21,2026-07-21,3068,MAIN,NEW,9,2028-12-31,0
nloc-3068-22,2026-07-22,3068,MAIN,NEW,17,2028-12-31,0
nloc-3068-22-s,2026-07-22,3068,SECONDARY,NEW,9,2028-12-31,0
nloc-3068-23,2026-07-23,3068,MAIN,NEW,4,2028-12-31,0
nloc-3068-23-b,2026-07-23,3068,DAMAGED,B_STOCK,13,2028-12-31,0
nloc-3068-24,2026-07-24,3068,MAIN,NEW,23,2028-12-31,0
nloc-3068-25,2026-07-25,3068,MAIN,NEW,9,2028-12-31,0
nloc-3068-26,2026-07-26,3068,MAIN,NEW,24,2028-12-31,0
nloc-3068-27,2026-07-27,3068,MAIN,NEW,13,2028-12-31,0
nloc-3068-27-s,2026-07-27,3068,SECONDARY,NEW,6,2028-12-31,0
nloc-3068-28,2026-07-28,3068,MAIN,NEW,17,2028-12-31,0
nloc-3068-29,2026-07-29,3068,MAIN,NEW,32,2028-12-31,0
nloc-3068-30,2026-07-30,3068,MAIN,NEW,15,2028-12-31,0
nloc-3068-31,2026-07-31,3068,MAIN,NEW,13,2028-12-31,0
nloc-3069-01,2026-07-01,3069,MAIN,NEW,18,2028-12-31,0
nloc-3069-01-s,2026-07-01,3069,SECONDARY,NEW,8,2028-12-31,0
nloc-3069-02,2026-07-02,3069,MAIN,NEW,26,2028-12-31,0
nloc-3069-03,2026-07-03,3069,MAIN,NEW,24,2028-12-31,0
nloc-3069-04,2026-07-04,3069,MAIN,NEW,19,2028-12-31,0
nloc-3069-05,2026-07-05,3069,MAIN,NEW,8,2028-12-31,0
nloc-3069-05-x,2026-07-05,3069,MAIN,NEW,26,2025-06-30,1
nloc-3069-06,2026-07-06,3069,MAIN,NEW,21,2028-12-31,0
nloc-3069-06-s,2026-07-06,3069,SECONDARY,NEW,6,2028-12-31,0
nloc-3069-07,2026-07-07,3069,MAIN,NEW,18,2028-12-31,0
nloc-3069-08,2026-07-08,3069,MAIN,NEW,18,2028-12-31,0
nloc-3069-09,2026-07-09,3069,MAIN,NEW,11,2028-12-31,0
nloc-3069-10,2026-07-10,3069,MAIN,NEW,11,2028-12-31,0
nloc-3069-11,2026-07-11,3069,MAIN,NEW,4,2028-12-31,0
nloc-3069-11-s,2026-07-11,3069,SECONDARY,NEW,6,2028-12-31,0
nloc-3069-11-b,2026-07-11,3069,DAMAGED,B_STOCK,6,2028-12-31,0
nloc-3069-12,2026-07-12,3069,MAIN,NEW,22,2028-12-31,0
nloc-3069-13,2026-07-13,3069,MAIN,NEW,10,2028-12-31,0
nloc-3069-14,2026-07-14,3069,MAIN,NEW,3,2028-12-31,0
nloc-3069-15,2026-07-15,3069,MAIN,NEW,20,2028-12-31,0
nloc-3069-16,2026-07-16,3069,MAIN,NEW,12,2028-12-31,0
nloc-3069-16-s,2026-07-16,3069,SECONDARY,NEW,9,2028-12-31,0
nloc-3069-17,2026-07-17,3069,MAIN,NEW,6,2028-12-31,0
nloc-3069-18,2026-07-18,3069,MAIN,NEW,8,2028-12-31,0
nloc-3069-19,2026-07-19,3069,MAIN,NEW,3,2028-12-31,0
nloc-3069-20,2026-07-20,3069,MAIN,NEW,13,2028-12-31,0
nloc-3069-21,2026-07-21,3069,MAIN,NEW,8,2028-12-31,0
nloc-3069-21-s,2026-07-21,3069,SECONDARY,NEW,5,2028-12-31,0
nloc-3069-22,2026-07-22,3069,MAIN,NEW,0,2028-12-31,0
nloc-3069-22-b,2026-07-22,3069,DAMAGED,B_STOCK,12,2028-12-31,0
nloc-3069-23,2026-07-23,3069,MAIN,NEW,0,2028-12-31,0
nloc-3069-24,2026-07-24,3069,MAIN,NEW,9,2028-12-31,0
nloc-3069-25,2026-07-25,3069,MAIN,NEW,13,2028-12-31,0
nloc-3069-26,2026-07-26,3069,MAIN,NEW,0,2028-12-31,0
nloc-3069-26-s,2026-07-26,3069,SECONDARY,NEW,6,2028-12-31,0
nloc-3069-27,2026-07-27,3069,MAIN,NEW,0,2028-12-31,0
nloc-3069-28,2026-07-28,3069,MAIN,NEW,11,2028-12-31,0
nloc-3069-29,2026-07-29,3069,MAIN,NEW,9,2028-12-31,0
nloc-3069-30,2026-07-30,3069,MAIN,NEW,0,2028-12-31,0
nloc-3069-31,2026-07-31,3069,MAIN,NEW,8,2028-12-31,0
nloc-3069-31-s,2026-07-31,3069,SECONDARY,NEW,6,2028-12-31,0
nloc-3070-01,2026-07-01,3070,MAIN,NEW,104,2028-12-31,0
nloc-3070-02,2026-07-02,3070,MAIN,NEW,94,2028-12-31,0
nloc-3070-03,2026-07-03,3070,MAIN,NEW,92,2028-12-31,0
nloc-3070-04,2026-07-04,3070,MAIN,NEW,101,2028-12-31,0
nloc-3070-04-x,2026-07-04,3070,MAIN,NEW,23,2025-06-30,1
nloc-3070-05,2026-07-05,3070,MAIN,NEW,89,2028-12-31,0
nloc-3070-05-s,2026-07-05,3070,SECONDARY,NEW,6,2028-12-31,0
nloc-3070-06,2026-07-06,3070,MAIN,NEW,96,2028-12-31,0
nloc-3070-07,2026-07-07,3070,MAIN,NEW,91,2028-12-31,0
nloc-3070-08,2026-07-08,3070,MAIN,NEW,85,2028-12-31,0
nloc-3070-09,2026-07-09,3070,MAIN,NEW,86,2028-12-31,0
nloc-3070-10,2026-07-10,3070,MAIN,NEW,83,2028-12-31,0
nloc-3070-10-s,2026-07-10,3070,SECONDARY,NEW,2,2028-12-31,0
nloc-3070-10-b,2026-07-10,3070,DAMAGED,B_STOCK,9,2028-12-31,0
nloc-3070-11,2026-07-11,3070,MAIN,NEW,86,2028-12-31,0
nloc-3070-12,2026-07-12,3070,MAIN,NEW,90,2028-12-31,0
nloc-3070-13,2026-07-13,3070,MAIN,NEW,79,2028-12-31,0
nloc-3070-14,2026-07-14,3070,MAIN,NEW,87,2028-12-31,0
nloc-3070-15,2026-07-15,3070,MAIN,NEW,85,2028-12-31,0
nloc-3070-15-s,2026-07-15,3070,SECONDARY,NEW,2,2028-12-31,0
nloc-3070-16,2026-07-16,3070,MAIN,NEW,87,2028-12-31,0
nloc-3070-17,2026-07-17,3070,MAIN,NEW,84,2028-12-31,0
nloc-3070-18,2026-07-18,3070,MAIN,NEW,86,2028-12-31,0
nloc-3070-19,2026-07-19,3070,MAIN,NEW,89,2028-12-31,0
nloc-3070-20,2026-07-20,3070,MAIN,NEW,75,2028-12-31,0
nloc-3070-20-s,2026-07-20,3070,SECONDARY,NEW,9,2028-12-31,0
nloc-3070-21,2026-07-21,3070,MAIN,NEW,70,2028-12-31,0
nloc-3070-21-b,2026-07-21,3070,DAMAGED,B_STOCK,13,2028-12-31,0
nloc-3070-22,2026-07-22,3070,MAIN,NEW,82,2028-12-31,0
nloc-3070-23,2026-07-23,3070,MAIN,NEW,70,2028-12-31,0
nloc-3070-24,2026-07-24,3070,MAIN,NEW,71,2028-12-31,0
nloc-3070-25,2026-07-25,3070,MAIN,NEW,79,2028-12-31,0
nloc-3070-25-s,2026-07-25,3070,SECONDARY,NEW,4,2028-12-31,0
nloc-3070-26,2026-07-26,3070,MAIN,NEW,62,2028-12-31,0
nloc-3070-27,2026-07-27,3070,MAIN,NEW,70,2028-12-31,0
nloc-3070-28,2026-07-28,3070,MAIN,NEW,69,2028-12-31,0
nloc-3070-29,2026-07-29,3070,MAIN,NEW,63,2028-12-31,0
nloc-3070-30,2026-07-30,3070,MAIN,NEW,92,2028-12-31,0
nloc-3070-30-s,2026-07-30,3070,SECONDARY,NEW,9,2028-12-31,0
nloc-3070-31,2026-07-31,3070,MAIN,NEW,55,2028-12-31,0
nloc-3071-01,2026-07-01,3071,MAIN,NEW,58,2028-12-31,0
nloc-3071-02,2026-07-02,3071,MAIN,NEW,44,2028-12-31,0
nloc-3071-03,2026-07-03,3071,MAIN,NEW,54,2028-12-31,0
nloc-3071-03-x,2026-07-03,3071,MAIN,NEW,10,2025-06-30,1
nloc-3071-04,2026-07-04,3071,MAIN,NEW,47,2028-12-31,0
nloc-3071-04-s,2026-07-04,3071,SECONDARY,NEW,8,2028-12-31,0
nloc-3071-05,2026-07-05,3071,MAIN,NEW,51,2028-12-31,0
nloc-3071-06,2026-07-06,3071,MAIN,NEW,42,2028-12-31,0
nloc-3071-07,2026-07-07,3071,MAIN,NEW,53,2028-12-31,0
nloc-3071-08,2026-07-08,3071,MAIN,NEW,40,2028-12-31,0
nloc-3071-09,2026-07-09,3071,MAIN,NEW,49,2028-12-31,0
nloc-3071-09-s,2026-07-09,3071,SECONDARY,NEW,3,2028-12-31,0
nloc-3071-09-b,2026-07-09,3071,DAMAGED,B_STOCK,12,2028-12-31,0
nloc-3071-10,2026-07-10,3071,MAIN,NEW,43,2028-12-31,0
nloc-3071-11,2026-07-11,3071,MAIN,NEW,52,2028-12-31,0
nloc-3071-12,2026-07-12,3071,MAIN,NEW,54,2028-12-31,0
nloc-3071-13,2026-07-13,3071,MAIN,NEW,48,2028-12-31,0
nloc-3071-14,2026-07-14,3071,MAIN,NEW,50,2028-12-31,0
nloc-3071-14-s,2026-07-14,3071,SECONDARY,NEW,6,2028-12-31,0
nloc-3071-15,2026-07-15,3071,MAIN,NEW,46,2028-12-31,0
nloc-3071-16,2026-07-16,3071,MAIN,NEW,30,2028-12-31,0
nloc-3071-17,2026-07-17,3071,MAIN,NEW,29,2028-12-31,0
nloc-3071-18,2026-07-18,3071,MAIN,NEW,50,2028-12-31,0
nloc-3071-19,2026-07-19,3071,MAIN,NEW,35,2028-12-31,0
nloc-3071-19-s,2026-07-19,3071,SECONDARY,NEW,6,2028-12-31,0
nloc-3071-20,2026-07-20,3071,MAIN,NEW,32,2028-12-31,0
nloc-3071-20-b,2026-07-20,3071,DAMAGED,B_STOCK,12,2028-12-31,0
nloc-3071-21,2026-07-21,3071,MAIN,NEW,49,2028-12-31,0
nloc-3071-22,2026-07-22,3071,MAIN,NEW,38,2028-12-31,0
nloc-3071-23,2026-07-23,3071,MAIN,NEW,27,2028-12-31,0
nloc-3071-24,2026-07-24,3071,MAIN,NEW,32,2028-12-31,0
nloc-3071-24-s,2026-07-24,3071,SECONDARY,NEW,1,2028-12-31,0
nloc-3071-25,2026-07-25,3071,MAIN,NEW,48,2028-12-31,0
nloc-3071-26,2026-07-26,3071,MAIN,NEW,42,2028-12-31,0
nloc-3071-27,2026-07-27,3071,MAIN,NEW,41,2028-12-31,0
nloc-3071-28,2026-07-28,3071,MAIN,NEW,18,2028-12-31,0
nloc-3071-29,2026-07-29,3071,MAIN,NEW,24,2028-12-31,0
nloc-3071-29-s,2026-07-29,3071,SECONDARY,NEW,5,2028-12-31,0
nloc-3071-30,2026-07-30,3071,MAIN,NEW,36,2028-12-31,0
nloc-3071-31,2026-07-31,3071,MAIN,NEW,31,2028-12-31,0
nloc-3071-31-b,2026-07-31,3071,DAMAGED,B_STOCK,12,2028-12-31,0
nloc-3072-01,2026-07-01,3072,MAIN,NEW,75,2028-12-31,0
nloc-3072-02,2026-07-02,3072,MAIN,NEW,68,2028-12-31,0
nloc-3072-02-x,2026-07-02,3072,MAIN,NEW,14,2025-06-30,1
nloc-3072-03,2026-07-03,3072,MAIN,NEW,75,2028-12-31,0
nloc-3072-03-s,2026-07-03,3072,SECONDARY,NEW,8,2028-12-31,0
nloc-3072-04,2026-07-04,3072,MAIN,NEW,73,2028-12-31,0
nloc-3072-05,2026-07-05,3072,MAIN,NEW,69,2028-12-31,0
nloc-3072-06,2026-07-06,3072,MAIN,NEW,63,2028-12-31,0
nloc-3072-07,2026-07-07,3072,MAIN,NEW,58,2028-12-31,0
nloc-3072-08,2026-07-08,3072,MAIN,NEW,63,2028-12-31,0
nloc-3072-08-s,2026-07-08,3072,SECONDARY,NEW,8,2028-12-31,0
nloc-3072-08-b,2026-07-08,3072,DAMAGED,B_STOCK,2,2028-12-31,0
nloc-3072-09,2026-07-09,3072,MAIN,NEW,55,2028-12-31,0
nloc-3072-10,2026-07-10,3072,MAIN,NEW,66,2028-12-31,0
nloc-3072-11,2026-07-11,3072,MAIN,NEW,54,2028-12-31,0
nloc-3072-12,2026-07-12,3072,MAIN,NEW,59,2028-12-31,0
nloc-3072-13,2026-07-13,3072,MAIN,NEW,55,2028-12-31,0
nloc-3072-13-s,2026-07-13,3072,SECONDARY,NEW,5,2028-12-31,0
nloc-3072-14,2026-07-14,3072,MAIN,NEW,55,2028-12-31,0
nloc-3072-15,2026-07-15,3072,MAIN,NEW,61,2028-12-31,0
nloc-3072-16,2026-07-16,3072,MAIN,NEW,56,2028-12-31,0
nloc-3072-17,2026-07-17,3072,MAIN,NEW,70,2028-12-31,0
nloc-3072-18,2026-07-18,3072,MAIN,NEW,52,2028-12-31,0
nloc-3072-18-s,2026-07-18,3072,SECONDARY,NEW,2,2028-12-31,0
nloc-3072-19,2026-07-19,3072,MAIN,NEW,61,2028-12-31,0
nloc-3072-19-b,2026-07-19,3072,DAMAGED,B_STOCK,6,2028-12-31,0
nloc-3072-20,2026-07-20,3072,MAIN,NEW,65,2028-12-31,0
nloc-3072-21,2026-07-21,3072,MAIN,NEW,64,2028-12-31,0
nloc-3072-22,2026-07-22,3072,MAIN,NEW,57,2028-12-31,0
nloc-3072-23,2026-07-23,3072,MAIN,NEW,52,2028-12-31,0
nloc-3072-23-s,2026-07-23,3072,SECONDARY,NEW,9,2028-12-31,0
nloc-3072-24,2026-07-24,3072,MAIN,NEW,58,2028-12-31,0
nloc-3072-25,2026-07-25,3072,MAIN,NEW,44,2028-12-31,0
nloc-3072-26,2026-07-26,3072,MAIN,NEW,58,2028-12-31,0
nloc-3072-27,2026-07-27,3072,MAIN,NEW,69,2028-12-31,0
nloc-3072-28,2026-07-28,3072,MAIN,NEW,54,2028-12-31,0
nloc-3072-28-s,2026-07-28,3072,SECONDARY,NEW,6,2028-12-31,0
nloc-3072-29,2026-07-29,3072,MAIN,NEW,44,2028-12-31,0
nloc-3072-30,2026-07-30,3072,MAIN,NEW,54,2028-12-31,0
nloc-3072-30-b,2026-07-30,3072,DAMAGED,B_STOCK,14,2028-12-31,0
nloc-3072-31,2026-07-31,3072,MAIN,NEW,54,2028-12-31,0
nloc-3072-31-x,2026-07-31,3072,MAIN,NEW,7,2025-06-30,1
nloc-3073-01,2026-07-01,3073,MAIN,NEW,41,2028-12-31,0
nloc-3073-01-x,2026-07-01,3073,MAIN,NEW,6,2025-06-30,1
nloc-3073-02,2026-07-02,3073,MAIN,NEW,45,2028-12-31,0
nloc-3073-02-s,2026-07-02,3073,SECONDARY,NEW,2,2028-12-31,0
nloc-3073-03,2026-07-03,3073,MAIN,NEW,39,2028-12-31,0
nloc-3073-04,2026-07-04,3073,MAIN,NEW,44,2028-12-31,0
nloc-3073-05,2026-07-05,3073,MAIN,NEW,39,2028-12-31,0
nloc-3073-06,2026-07-06,3073,MAIN,NEW,47,2028-12-31,0
nloc-3073-07,2026-07-07,3073,MAIN,NEW,37,2028-12-31,0
nloc-3073-07-s,2026-07-07,3073,SECONDARY,NEW,4,2028-12-31,0
nloc-3073-07-b,2026-07-07,3073,DAMAGED,B_STOCK,12,2028-12-31,0
nloc-3073-08,2026-07-08,3073,MAIN,NEW,38,2028-12-31,0
nloc-3073-09,2026-07-09,3073,MAIN,NEW,44,2028-12-31,0
nloc-3073-10,2026-07-10,3073,MAIN,NEW,37,2028-12-31,0
nloc-3073-11,2026-07-11,3073,MAIN,NEW,33,2028-12-31,0
nloc-3073-12,2026-07-12,3073,MAIN,NEW,33,2028-12-31,0
nloc-3073-12-s,2026-07-12,3073,SECONDARY,NEW,4,2028-12-31,0
nloc-3073-13,2026-07-13,3073,MAIN,NEW,38,2028-12-31,0
nloc-3073-14,2026-07-14,3073,MAIN,NEW,41,2028-12-31,0
nloc-3073-15,2026-07-15,3073,MAIN,NEW,28,2028-12-31,0
nloc-3073-16,2026-07-16,3073,MAIN,NEW,41,2028-12-31,0
nloc-3073-17,2026-07-17,3073,MAIN,NEW,28,2028-12-31,0
nloc-3073-17-s,2026-07-17,3073,SECONDARY,NEW,9,2028-12-31,0
nloc-3073-18,2026-07-18,3073,MAIN,NEW,27,2028-12-31,0
nloc-3073-18-b,2026-07-18,3073,DAMAGED,B_STOCK,13,2028-12-31,0
nloc-3073-19,2026-07-19,3073,MAIN,NEW,31,2028-12-31,0
nloc-3073-20,2026-07-20,3073,MAIN,NEW,35,2028-12-31,0
nloc-3073-21,2026-07-21,3073,MAIN,NEW,34,2028-12-31,0
nloc-3073-22,2026-07-22,3073,MAIN,NEW,41,2028-12-31,0
nloc-3073-22-s,2026-07-22,3073,SECONDARY,NEW,2,2028-12-31,0
nloc-3073-23,2026-07-23,3073,MAIN,NEW,36,2028-12-31,0
nloc-3073-24,2026-07-24,3073,MAIN,NEW,22,2028-12-31,0
nloc-3073-25,2026-07-25,3073,MAIN,NEW,11,2028-12-31,0
nloc-3073-26,2026-07-26,3073,MAIN,NEW,18,2028-12-31,0
nloc-3073-27,2026-07-27,3073,MAIN,NEW,20,2028-12-31,0
nloc-3073-27-s,2026-07-27,3073,SECONDARY,NEW,2,2028-12-31,0
nloc-3073-28,2026-07-28,3073,MAIN,NEW,16,2028-12-31,0
nloc-3073-29,2026-07-29,3073,MAIN,NEW,15,2028-12-31,0
nloc-3073-29-b,2026-07-29,3073,DAMAGED,B_STOCK,8,2028-12-31,0
nloc-3073-30,2026-07-30,3073,MAIN,NEW,30,2028-12-31,0
nloc-3073-30-x,2026-07-30,3073,MAIN,NEW,17,2025-06-30,1
nloc-3073-31,2026-07-31,3073,MAIN,NEW,15,2028-12-31,0
nloc-3074-01,2026-07-01,3074,MAIN,NEW,25,2028-12-31,0
nloc-3074-01-s,2026-07-01,3074,SECONDARY,NEW,5,2028-12-31,0
nloc-3074-02,2026-07-02,3074,MAIN,NEW,17,2028-12-31,0
nloc-3074-03,2026-07-03,3074,MAIN,NEW,28,2028-12-31,0
nloc-3074-04,2026-07-04,3074,MAIN,NEW,17,2028-12-31,0
nloc-3074-05,2026-07-05,3074,MAIN,NEW,16,2028-12-31,0
nloc-3074-06,2026-07-06,3074,MAIN,NEW,23,2028-12-31,0
nloc-3074-06-s,2026-07-06,3074,SECONDARY,NEW,7,2028-12-31,0
nloc-3074-06-b,2026-07-06,3074,DAMAGED,B_STOCK,3,2028-12-31,0
nloc-3074-07,2026-07-07,3074,MAIN,NEW,11,2028-12-31,0
nloc-3074-08,2026-07-08,3074,MAIN,NEW,7,2028-12-31,0
nloc-3074-09,2026-07-09,3074,MAIN,NEW,15,2028-12-31,0
nloc-3074-10,2026-07-10,3074,MAIN,NEW,20,2028-12-31,0
nloc-3074-11,2026-07-11,3074,MAIN,NEW,7,2028-12-31,0
nloc-3074-11-s,2026-07-11,3074,SECONDARY,NEW,1,2028-12-31,0
nloc-3074-12,2026-07-12,3074,MAIN,NEW,4,2028-12-31,0
nloc-3074-13,2026-07-13,3074,MAIN,NEW,5,2028-12-31,0
nloc-3074-14,2026-07-14,3074,MAIN,NEW,14,2028-12-31,0
nloc-3074-15,2026-07-15,3074,MAIN,NEW,18,2028-12-31,0
nloc-3074-16,2026-07-16,3074,MAIN,NEW,12,2028-12-31,0
nloc-3074-16-s,2026-07-16,3074,SECONDARY,NEW,1,2028-12-31,0
nloc-3074-17,2026-07-17,3074,MAIN,NEW,3,2028-12-31,0
nloc-3074-17-b,2026-07-17,3074,DAMAGED,B_STOCK,9,2028-12-31,0
nloc-3074-18,2026-07-18,3074,MAIN,NEW,17,2028-12-31,0
nloc-3074-19,2026-07-19,3074,MAIN,NEW,17,2028-12-31,0
nloc-3074-20,2026-07-20,3074,MAIN,NEW,0,2028-12-31,0
nloc-3074-21,2026-07-21,3074,MAIN,NEW,3,2028-12-31,0
nloc-3074-21-s,2026-07-21,3074,SECONDARY,NEW,6,2028-12-31,0
nloc-3074-22,2026-07-22,3074,MAIN,NEW,8,2028-12-31,0
nloc-3074-23,2026-07-23,3074,MAIN,NEW,18,2028-12-31,0
nloc-3074-24,2026-07-24,3074,MAIN,NEW,0,2028-12-31,0
nloc-3074-25,2026-07-25,3074,MAIN,NEW,16,2028-12-31,0
nloc-3074-26,2026-07-26,3074,MAIN,NEW,4,2028-12-31,0
nloc-3074-26-s,2026-07-26,3074,SECONDARY,NEW,1,2028-12-31,0
nloc-3074-27,2026-07-27,3074,MAIN,NEW,8,2028-12-31,0
nloc-3074-28,2026-07-28,3074,MAIN,NEW,0,2028-12-31,0
nloc-3074-28-b,2026-07-28,3074,DAMAGED,B_STOCK,11,2028-12-31,0
nloc-3074-29,2026-07-29,3074,MAIN,NEW,14,2028-12-31,0
nloc-3074-29-x,2026-07-29,3074,MAIN,NEW,27,2025-06-30,1
nloc-3074-30,2026-07-30,3074,MAIN,NEW,0,2028-12-31,0
nloc-3074-31,2026-07-31,3074,MAIN,NEW,9,2028-12-31,0
nloc-3074-31-s,2026-07-31,3074,SECONDARY,NEW,3,2028-12-31,0
nloc-3075-01,2026-07-01,3075,MAIN,NEW,106,2028-12-31,0
nloc-3075-02,2026-07-02,3075,MAIN,NEW,97,2028-12-31,0
nloc-3075-03,2026-07-03,3075,MAIN,NEW,100,2028-12-31,0
nloc-3075-04,2026-07-04,3075,MAIN,NEW,92,2028-12-31,0
nloc-3075-05,2026-07-05,3075,MAIN,NEW,91,2028-12-31,0
nloc-3075-05-s,2026-07-05,3075,SECONDARY,NEW,1,2028-12-31,0
nloc-3075-05-b,2026-07-05,3075,DAMAGED,B_STOCK,1,2028-12-31,0
nloc-3075-06,2026-07-06,3075,MAIN,NEW,103,2028-12-31,0
nloc-3075-07,2026-07-07,3075,MAIN,NEW,94,2028-12-31,0
nloc-3075-08,2026-07-08,3075,MAIN,NEW,93,2028-12-31,0
nloc-3075-09,2026-07-09,3075,MAIN,NEW,88,2028-12-31,0
nloc-3075-10,2026-07-10,3075,MAIN,NEW,100,2028-12-31,0
nloc-3075-10-s,2026-07-10,3075,SECONDARY,NEW,7,2028-12-31,0
nloc-3075-11,2026-07-11,3075,MAIN,NEW,93,2028-12-31,0
nloc-3075-12,2026-07-12,3075,MAIN,NEW,85,2028-12-31,0
nloc-3075-13,2026-07-13,3075,MAIN,NEW,92,2028-12-31,0
nloc-3075-14,2026-07-14,3075,MAIN,NEW,94,2028-12-31,0
nloc-3075-15,2026-07-15,3075,MAIN,NEW,92,2028-12-31,0
nloc-3075-15-s,2026-07-15,3075,SECONDARY,NEW,3,2028-12-31,0
nloc-3075-16,2026-07-16,3075,MAIN,NEW,88,2028-12-31,0
nloc-3075-16-b,2026-07-16,3075,DAMAGED,B_STOCK,8,2028-12-31,0
nloc-3075-17,2026-07-17,3075,MAIN,NEW,80,2028-12-31,0
nloc-3075-18,2026-07-18,3075,MAIN,NEW,81,2028-12-31,0
nloc-3075-19,2026-07-19,3075,MAIN,NEW,84,2028-12-31,0
nloc-3075-20,2026-07-20,3075,MAIN,NEW,89,2028-12-31,0
nloc-3075-20-s,2026-07-20,3075,SECONDARY,NEW,1,2028-12-31,0
nloc-3075-21,2026-07-21,3075,MAIN,NEW,98,2028-12-31,0
nloc-3075-22,2026-07-22,3075,MAIN,NEW,87,2028-12-31,0
nloc-3075-23,2026-07-23,3075,MAIN,NEW,81,2028-12-31,0
nloc-3075-24,2026-07-24,3075,MAIN,NEW,81,2028-12-31,0
nloc-3075-25,2026-07-25,3075,MAIN,NEW,88,2028-12-31,0
nloc-3075-25-s,2026-07-25,3075,SECONDARY,NEW,2,2028-12-31,0
nloc-3075-26,2026-07-26,3075,MAIN,NEW,75,2028-12-31,0
nloc-3075-27,2026-07-27,3075,MAIN,NEW,82,2028-12-31,0
nloc-3075-27-b,2026-07-27,3075,DAMAGED,B_STOCK,7,2028-12-31,0
nloc-3075-28,2026-07-28,3075,MAIN,NEW,74,2028-12-31,0
nloc-3075-28-x,2026-07-28,3075,MAIN,NEW,12,2025-06-30,1
nloc-3075-29,2026-07-29,3075,MAIN,NEW,69,2028-12-31,0
nloc-3075-30,2026-07-30,3075,MAIN,NEW,66,2028-12-31,0
nloc-3075-30-s,2026-07-30,3075,SECONDARY,NEW,10,2028-12-31,0
nloc-3075-31,2026-07-31,3075,MAIN,NEW,90,2028-12-31,0
nloc-3076-01,2026-07-01,3076,MAIN,NEW,28,2028-12-31,0
nloc-3076-02,2026-07-02,3076,MAIN,NEW,34,2028-12-31,0
nloc-3076-03,2026-07-03,3076,MAIN,NEW,21,2028-12-31,0
nloc-3076-04,2026-07-04,3076,MAIN,NEW,23,2028-12-31,0
nloc-3076-04-s,2026-07-04,3076,SECONDARY,NEW,2,2028-12-31,0
nloc-3076-04-b,2026-07-04,3076,DAMAGED,B_STOCK,10,2028-12-31,0
nloc-3076-05,2026-07-05,3076,MAIN,NEW,32,2028-12-31,0
nloc-3076-06,2026-07-06,3076,MAIN,NEW,32,2028-12-31,0
nloc-3076-07,2026-07-07,3076,MAIN,NEW,28,2028-12-31,0
nloc-3076-08,2026-07-08,3076,MAIN,NEW,19,2028-12-31,0
nloc-3076-09,2026-07-09,3076,MAIN,NEW,29,2028-12-31,0
nloc-3076-09-s,2026-07-09,3076,SECONDARY,NEW,2,2028-12-31,0
nloc-3076-10,2026-07-10,3076,MAIN,NEW,31,2028-12-31,0
nloc-3076-11,2026-07-11,3076,MAIN,NEW,25,2028-12-31,0
nloc-3076-12,2026-07-12,3076,MAIN,NEW,27,2028-12-31,0
nloc-3076-13,2026-07-13,3076,MAIN,NEW,19,2028-12-31,0
nloc-3076-14,2026-07-14,3076,MAIN,NEW,22,2028-12-31,0
nloc-3076-14-s,2026-07-14,3076,SECONDARY,NEW,5,2028-12-31,0
nloc-3076-15,2026-07-15,3076,MAIN,NEW,6,2028-12-31,0
nloc-3076-15-b,2026-07-15,3076,DAMAGED,B_STOCK,2,2028-12-31,0
nloc-3076-16,2026-07-16,3076,MAIN,NEW,15,2028-12-31,0
nloc-3076-17,2026-07-17,3076,MAIN,NEW,7,2028-12-31,0
nloc-3076-18,2026-07-18,3076,MAIN,NEW,25,2028-12-31,0
nloc-3076-19,2026-07-19,3076,MAIN,NEW,15,2028-12-31,0
nloc-3076-19-s,2026-07-19,3076,SECONDARY,NEW,9,2028-12-31,0
nloc-3076-20,2026-07-20,3076,MAIN,NEW,24,2028-12-31,0
nloc-3076-21,2026-07-21,3076,MAIN,NEW,18,2028-12-31,0
nloc-3076-22,2026-07-22,3076,MAIN,NEW,6,2028-12-31,0
nloc-3076-23,2026-07-23,3076,MAIN,NEW,11,2028-12-31,0
nloc-3076-24,2026-07-24,3076,MAIN,NEW,21,2028-12-31,0
nloc-3076-24-s,2026-07-24,3076,SECONDARY,NEW,10,2028-12-31,0
nloc-3076-25,2026-07-25,3076,MAIN,NEW,25,2028-12-31,0
nloc-3076-26,2026-07-26,3076,MAIN,NEW,11,2028-12-31,0
nloc-3076-26-b,2026-07-26,3076,DAMAGED,B_STOCK,8,2028-12-31,0
nloc-3076-27,2026-07-27,3076,MAIN,NEW,33,2028-12-31,0
nloc-3076-27-x,2026-07-27,3076,MAIN,NEW,12,2025-06-30,1
nloc-3076-28,2026-07-28,3076,MAIN,NEW,1,2028-12-31,0
nloc-3076-29,2026-07-29,3076,MAIN,NEW,7,2028-12-31,0
nloc-3076-29-s,2026-07-29,3076,SECONDARY,NEW,2,2028-12-31,0
nloc-3076-30,2026-07-30,3076,MAIN,NEW,16,2028-12-31,0
nloc-3076-31,2026-07-31,3076,MAIN,NEW,0,2028-12-31,0
nloc-3077-01,2026-07-01,3077,MAIN,NEW,77,2028-12-31,0
nloc-3077-02,2026-07-02,3077,MAIN,NEW,84,2028-12-31,0
nloc-3077-03,2026-07-03,3077,MAIN,NEW,75,2028-12-31,0
nloc-3077-03-s,2026-07-03,3077,SECONDARY,NEW,8,2028-12-31,0
nloc-3077-03-b,2026-07-03,3077,DAMAGED,B_STOCK,8,2028-12-31,0
nloc-3077-04,2026-07-04,3077,MAIN,NEW,75,2028-12-31,0
nloc-3077-05,2026-07-05,3077,MAIN,NEW,79,2028-12-31,0
nloc-3077-06,2026-07-06,3077,MAIN,NEW,76,2028-12-31,0
nloc-3077-07,2026-07-07,3077,MAIN,NEW,83,2028-12-31,0
nloc-3077-08,2026-07-08,3077,MAIN,NEW,69,2028-12-31,0
nloc-3077-08-s,2026-07-08,3077,SECONDARY,NEW,7,2028-12-31,0
nloc-3077-09,2026-07-09,3077,MAIN,NEW,82,2028-12-31,0
nloc-3077-10,2026-07-10,3077,MAIN,NEW,81,2028-12-31,0
nloc-3077-11,2026-07-11,3077,MAIN,NEW,80,2028-12-31,0
nloc-3077-12,2026-07-12,3077,MAIN,NEW,70,2028-12-31,0
nloc-3077-13,2026-07-13,3077,MAIN,NEW,79,2028-12-31,0
nloc-3077-13-s,2026-07-13,3077,SECONDARY,NEW,6,2028-12-31,0
nloc-3077-14,2026-07-14,3077,MAIN,NEW,81,2028-12-31,0
nloc-3077-14-b,2026-07-14,3077,DAMAGED,B_STOCK,15,2028-12-31,0
nloc-3077-15,2026-07-15,3077,MAIN,NEW,66,2028-12-31,0
nloc-3077-16,2026-07-16,3077,MAIN,NEW,76,2028-12-31,0
nloc-3077-17,2026-07-17,3077,MAIN,NEW,57,2028-12-31,0
nloc-3077-18,2026-07-18,3077,MAIN,NEW,64,2028-12-31,0
nloc-3077-18-s,2026-07-18,3077,SECONDARY,NEW,6,2028-12-31,0
nloc-3077-19,2026-07-19,3077,MAIN,NEW,71,2028-12-31,0
nloc-3077-20,2026-07-20,3077,MAIN,NEW,56,2028-12-31,0
nloc-3077-21,2026-07-21,3077,MAIN,NEW,68,2028-12-31,0
nloc-3077-22,2026-07-22,3077,MAIN,NEW,75,2028-12-31,0
nloc-3077-23,2026-07-23,3077,MAIN,NEW,77,2028-12-31,0
nloc-3077-23-s,2026-07-23,3077,SECONDARY,NEW,9,2028-12-31,0
nloc-3077-24,2026-07-24,3077,MAIN,NEW,56,2028-12-31,0
nloc-3077-25,2026-07-25,3077,MAIN,NEW,59,2028-12-31,0
nloc-3077-25-b,2026-07-25,3077,DAMAGED,B_STOCK,15,2028-12-31,0
nloc-3077-26,2026-07-26,3077,MAIN,NEW,75,2028-12-31,0
nloc-3077-26-x,2026-07-26,3077,MAIN,NEW,14,2025-06-30,1
nloc-3077-27,2026-07-27,3077,MAIN,NEW,67,2028-12-31,0
nloc-3077-28,2026-07-28,3077,MAIN,NEW,53,2028-12-31,0
nloc-3077-28-s,2026-07-28,3077,SECONDARY,NEW,3,2028-12-31,0
nloc-3077-29,2026-07-29,3077,MAIN,NEW,62,2028-12-31,0
nloc-3077-30,2026-07-30,3077,MAIN,NEW,59,2028-12-31,0
nloc-3077-31,2026-07-31,3077,MAIN,NEW,62,2028-12-31,0
nloc-3078-01,2026-07-01,3078,MAIN,NEW,22,2028-12-31,0
nloc-3078-02,2026-07-02,3078,MAIN,NEW,19,2028-12-31,0
nloc-3078-02-s,2026-07-02,3078,SECONDARY,NEW,2,2028-12-31,0
nloc-3078-02-b,2026-07-02,3078,DAMAGED,B_STOCK,14,2028-12-31,0
nloc-3078-03,2026-07-03,3078,MAIN,NEW,12,2028-12-31,0
nloc-3078-04,2026-07-04,3078,MAIN,NEW,6,2028-12-31,0
nloc-3078-05,2026-07-05,3078,MAIN,NEW,11,2028-12-31,0
nloc-3078-06,2026-07-06,3078,MAIN,NEW,6,2028-12-31,0
nloc-3078-07,2026-07-07,3078,MAIN,NEW,10,2028-12-31,0
nloc-3078-07-s,2026-07-07,3078,SECONDARY,NEW,1,2028-12-31,0
nloc-3078-08,2026-07-08,3078,MAIN,NEW,4,2028-12-31,0
nloc-3078-09,2026-07-09,3078,MAIN,NEW,7,2028-12-31,0
nloc-3078-10,2026-07-10,3078,MAIN,NEW,13,2028-12-31,0
nloc-3078-11,2026-07-11,3078,MAIN,NEW,3,2028-12-31,0
nloc-3078-12,2026-07-12,3078,MAIN,NEW,7,2028-12-31,0
nloc-3078-12-s,2026-07-12,3078,SECONDARY,NEW,7,2028-12-31,0
nloc-3078-13,2026-07-13,3078,MAIN,NEW,10,2028-12-31,0
nloc-3078-13-b,2026-07-13,3078,DAMAGED,B_STOCK,5,2028-12-31,0
nloc-3078-14,2026-07-14,3078,MAIN,NEW,7,2028-12-31,0
nloc-3078-15,2026-07-15,3078,MAIN,NEW,11,2028-12-31,0
nloc-3078-16,2026-07-16,3078,MAIN,NEW,19,2028-12-31,0
nloc-3078-17,2026-07-17,3078,MAIN,NEW,4,2028-12-31,0
nloc-3078-17-s,2026-07-17,3078,SECONDARY,NEW,2,2028-12-31,0
nloc-3078-18,2026-07-18,3078,MAIN,NEW,0,2028-12-31,0
nloc-3078-19,2026-07-19,3078,MAIN,NEW,0,2028-12-31,0
nloc-3078-20,2026-07-20,3078,MAIN,NEW,0,2028-12-31,0
nloc-3078-21,2026-07-21,3078,MAIN,NEW,13,2028-12-31,0
nloc-3078-22,2026-07-22,3078,MAIN,NEW,0,2028-12-31,0
nloc-3078-22-s,2026-07-22,3078,SECONDARY,NEW,4,2028-12-31,0
nloc-3078-23,2026-07-23,3078,MAIN,NEW,6,2028-12-31,0
nloc-3078-24,2026-07-24,3078,MAIN,NEW,3,2028-12-31,0
nloc-3078-24-b,2026-07-24,3078,DAMAGED,B_STOCK,5,2028-12-31,0
nloc-3078-25,2026-07-25,3078,MAIN,NEW,7,2028-12-31,0
nloc-3078-25-x,2026-07-25,3078,MAIN,NEW,15,2025-06-30,1
nloc-3078-26,2026-07-26,3078,MAIN,NEW,0,2028-12-31,0
nloc-3078-27,2026-07-27,3078,MAIN,NEW,0,2028-12-31,0
nloc-3078-27-s,2026-07-27,3078,SECONDARY,NEW,9,2028-12-31,0
nloc-3078-28,2026-07-28,3078,MAIN,NEW,0,2028-12-31,0
nloc-3078-29,2026-07-29,3078,MAIN,NEW,0,2028-12-31,0
nloc-3078-30,2026-07-30,3078,MAIN,NEW,0,2028-12-31,0
nloc-3078-31,2026-07-31,3078,MAIN,NEW,3,2028-12-31,0
nloc-3079-01,2026-07-01,3079,MAIN,NEW,87,2028-12-31,0
nloc-3079-01-s,2026-07-01,3079,SECONDARY,NEW,2,2028-12-31,0
nloc-3079-01-b,2026-07-01,3079,DAMAGED,B_STOCK,10,2028-12-31,0
nloc-3079-02,2026-07-02,3079,MAIN,NEW,90,2028-12-31,0
nloc-3079-03,2026-07-03,3079,MAIN,NEW,92,2028-12-31,0
nloc-3079-04,2026-07-04,3079,MAIN,NEW,93,2028-12-31,0
nloc-3079-05,2026-07-05,3079,MAIN,NEW,88,2028-12-31,0
nloc-3079-06,2026-07-06,3079,MAIN,NEW,77,2028-12-31,0
nloc-3079-06-s,2026-07-06,3079,SECONDARY,NEW,4,2028-12-31,0
nloc-3079-07,2026-07-07,3079,MAIN,NEW,91,2028-12-31,0
nloc-3079-08,2026-07-08,3079,MAIN,NEW,85,2028-12-31,0
nloc-3079-09,2026-07-09,3079,MAIN,NEW,88,2028-12-31,0
nloc-3079-10,2026-07-10,3079,MAIN,NEW,80,2028-12-31,0
nloc-3079-11,2026-07-11,3079,MAIN,NEW,73,2028-12-31,0
nloc-3079-11-s,2026-07-11,3079,SECONDARY,NEW,2,2028-12-31,0
nloc-3079-12,2026-07-12,3079,MAIN,NEW,77,2028-12-31,0
nloc-3079-12-b,2026-07-12,3079,DAMAGED,B_STOCK,9,2028-12-31,0
nloc-3079-13,2026-07-13,3079,MAIN,NEW,68,2028-12-31,0
nloc-3079-14,2026-07-14,3079,MAIN,NEW,81,2028-12-31,0
nloc-3079-15,2026-07-15,3079,MAIN,NEW,90,2028-12-31,0
nloc-3079-16,2026-07-16,3079,MAIN,NEW,74,2028-12-31,0
nloc-3079-16-s,2026-07-16,3079,SECONDARY,NEW,8,2028-12-31,0
nloc-3079-17,2026-07-17,3079,MAIN,NEW,78,2028-12-31,0
nloc-3079-18,2026-07-18,3079,MAIN,NEW,71,2028-12-31,0
nloc-3079-19,2026-07-19,3079,MAIN,NEW,83,2028-12-31,0
nloc-3079-20,2026-07-20,3079,MAIN,NEW,84,2028-12-31,0
nloc-3079-21,2026-07-21,3079,MAIN,NEW,84,2028-12-31,0
nloc-3079-21-s,2026-07-21,3079,SECONDARY,NEW,5,2028-12-31,0
nloc-3079-22,2026-07-22,3079,MAIN,NEW,72,2028-12-31,0
nloc-3079-23,2026-07-23,3079,MAIN,NEW,73,2028-12-31,0
nloc-3079-23-b,2026-07-23,3079,DAMAGED,B_STOCK,9,2028-12-31,0
nloc-3079-24,2026-07-24,3079,MAIN,NEW,72,2028-12-31,0
nloc-3079-24-x,2026-07-24,3079,MAIN,NEW,27,2025-06-30,1
nloc-3079-25,2026-07-25,3079,MAIN,NEW,63,2028-12-31,0
nloc-3079-26,2026-07-26,3079,MAIN,NEW,85,2028-12-31,0
nloc-3079-26-s,2026-07-26,3079,SECONDARY,NEW,6,2028-12-31,0
nloc-3079-27,2026-07-27,3079,MAIN,NEW,79,2028-12-31,0
nloc-3079-28,2026-07-28,3079,MAIN,NEW,51,2028-12-31,0
nloc-3079-29,2026-07-29,3079,MAIN,NEW,75,2028-12-31,0
nloc-3079-30,2026-07-30,3079,MAIN,NEW,79,2028-12-31,0
nloc-3079-31,2026-07-31,3079,MAIN,NEW,63,2028-12-31,0
nloc-3079-31-s,2026-07-31,3079,SECONDARY,NEW,4,2028-12-31,0
nloc-3080-01,2026-07-01,3080,MAIN,NEW,72,2028-12-31,0
nloc-3080-02,2026-07-02,3080,MAIN,NEW,77,2028-12-31,0
nloc-3080-03,2026-07-03,3080,MAIN,NEW,74,2028-12-31,0
nloc-3080-04,2026-07-04,3080,MAIN,NEW,76,2028-12-31,0
nloc-3080-05,2026-07-05,3080,MAIN,NEW,75,2028-12-31,0
nloc-3080-05-s,2026-07-05,3080,SECONDARY,NEW,6,2028-12-31,0
nloc-3080-06,2026-07-06,3080,MAIN,NEW,65,2028-12-31,0
nloc-3080-07,2026-07-07,3080,MAIN,NEW,67,2028-12-31,0
nloc-3080-08,2026-07-08,3080,MAIN,NEW,69,2028-12-31,0
nloc-3080-09,2026-07-09,3080,MAIN,NEW,76,2028-12-31,0
nloc-3080-10,2026-07-10,3080,MAIN,NEW,58,2028-12-31,0
nloc-3080-10-s,2026-07-10,3080,SECONDARY,NEW,10,2028-12-31,0
nloc-3080-11,2026-07-11,3080,MAIN,NEW,64,2028-12-31,0
nloc-3080-11-b,2026-07-11,3080,DAMAGED,B_STOCK,9,2028-12-31,0
nloc-3080-12,2026-07-12,3080,MAIN,NEW,58,2028-12-31,0
nloc-3080-13,2026-07-13,3080,MAIN,NEW,54,2028-12-31,0
nloc-3080-14,2026-07-14,3080,MAIN,NEW,71,2028-12-31,0
nloc-3080-15,2026-07-15,3080,MAIN,NEW,65,2028-12-31,0
nloc-3080-15-s,2026-07-15,3080,SECONDARY,NEW,4,2028-12-31,0
nloc-3080-16,2026-07-16,3080,MAIN,NEW,75,2028-12-31,0
nloc-3080-17,2026-07-17,3080,MAIN,NEW,66,2028-12-31,0
nloc-3080-18,2026-07-18,3080,MAIN,NEW,72,2028-12-31,0
nloc-3080-19,2026-07-19,3080,MAIN,NEW,71,2028-12-31,0
nloc-3080-20,2026-07-20,3080,MAIN,NEW,51,2028-12-31,0
nloc-3080-20-s,2026-07-20,3080,SECONDARY,NEW,7,2028-12-31,0
nloc-3080-21,2026-07-21,3080,MAIN,NEW,56,2028-12-31,0
nloc-3080-22,2026-07-22,3080,MAIN,NEW,64,2028-12-31,0
nloc-3080-22-b,2026-07-22,3080,DAMAGED,B_STOCK,7,2028-12-31,0
nloc-3080-23,2026-07-23,3080,MAIN,NEW,51,2028-12-31,0
nloc-3080-23-x,2026-07-23,3080,MAIN,NEW,29,2025-06-30,1
nloc-3080-24,2026-07-24,3080,MAIN,NEW,48,2028-12-31,0
nloc-3080-25,2026-07-25,3080,MAIN,NEW,47,2028-12-31,0
nloc-3080-25-s,2026-07-25,3080,SECONDARY,NEW,4,2028-12-31,0
nloc-3080-26,2026-07-26,3080,MAIN,NEW,66,2028-12-31,0
nloc-3080-27,2026-07-27,3080,MAIN,NEW,49,2028-12-31,0
nloc-3080-28,2026-07-28,3080,MAIN,NEW,57,2028-12-31,0
nloc-3080-29,2026-07-29,3080,MAIN,NEW,60,2028-12-31,0
nloc-3080-30,2026-07-30,3080,MAIN,NEW,62,2028-12-31,0
nloc-3080-30-s,2026-07-30,3080,SECONDARY,NEW,6,2028-12-31,0
nloc-3080-31,2026-07-31,3080,MAIN,NEW,74,2028-12-31,0
nloc-3081-01,2026-07-01,3081,MAIN,NEW,72,2028-12-31,0
nloc-3081-02,2026-07-02,3081,MAIN,NEW,74,2028-12-31,0
nloc-3081-03,2026-07-03,3081,MAIN,NEW,68,2028-12-31,0
nloc-3081-04,2026-07-04,3081,MAIN,NEW,76,2028-12-31,0
nloc-3081-04-s,2026-07-04,3081,SECONDARY,NEW,5,2028-12-31,0
nloc-3081-05,2026-07-05,3081,MAIN,NEW,77,2028-12-31,0
nloc-3081-06,2026-07-06,3081,MAIN,NEW,77,2028-12-31,0
nloc-3081-07,2026-07-07,3081,MAIN,NEW,75,2028-12-31,0
nloc-3081-08,2026-07-08,3081,MAIN,NEW,71,2028-12-31,0
nloc-3081-09,2026-07-09,3081,MAIN,NEW,68,2028-12-31,0
nloc-3081-09-s,2026-07-09,3081,SECONDARY,NEW,4,2028-12-31,0
nloc-3081-10,2026-07-10,3081,MAIN,NEW,79,2028-12-31,0
nloc-3081-10-b,2026-07-10,3081,DAMAGED,B_STOCK,12,2028-12-31,0
nloc-3081-11,2026-07-11,3081,MAIN,NEW,70,2028-12-31,0
nloc-3081-12,2026-07-12,3081,MAIN,NEW,60,2028-12-31,0
nloc-3081-13,2026-07-13,3081,MAIN,NEW,71,2028-12-31,0
nloc-3081-14,2026-07-14,3081,MAIN,NEW,73,2028-12-31,0
nloc-3081-14-s,2026-07-14,3081,SECONDARY,NEW,5,2028-12-31,0
nloc-3081-15,2026-07-15,3081,MAIN,NEW,74,2028-12-31,0
nloc-3081-16,2026-07-16,3081,MAIN,NEW,60,2028-12-31,0
nloc-3081-17,2026-07-17,3081,MAIN,NEW,63,2028-12-31,0
nloc-3081-18,2026-07-18,3081,MAIN,NEW,64,2028-12-31,0
nloc-3081-19,2026-07-19,3081,MAIN,NEW,63,2028-12-31,0
nloc-3081-19-s,2026-07-19,3081,SECONDARY,NEW,8,2028-12-31,0
nloc-3081-20,2026-07-20,3081,MAIN,NEW,66,2028-12-31,0
nloc-3081-21,2026-07-21,3081,MAIN,NEW,66,2028-12-31,0
nloc-3081-21-b,2026-07-21,3081,DAMAGED,B_STOCK,3,2028-12-31,0
nloc-3081-22,2026-07-22,3081,MAIN,NEW,65,2028-12-31,0
nloc-3081-22-x,2026-07-22,3081,MAIN,NEW,18,2025-06-30,1
nloc-3081-23,2026-07-23,3081,MAIN,NEW,52,2028-12-31,0
nloc-3081-24,2026-07-24,3081,MAIN,NEW,46,2028-12-31,0
nloc-3081-24-s,2026-07-24,3081,SECONDARY,NEW,8,2028-12-31,0
nloc-3081-25,2026-07-25,3081,MAIN,NEW,48,2028-12-31,0
nloc-3081-26,2026-07-26,3081,MAIN,NEW,74,2028-12-31,0
nloc-3081-27,2026-07-27,3081,MAIN,NEW,63,2028-12-31,0
nloc-3081-28,2026-07-28,3081,MAIN,NEW,60,2028-12-31,0
nloc-3081-29,2026-07-29,3081,MAIN,NEW,72,2028-12-31,0
nloc-3081-29-s,2026-07-29,3081,SECONDARY,NEW,7,2028-12-31,0
nloc-3081-30,2026-07-30,3081,MAIN,NEW,61,2028-12-31,0
nloc-3081-31,2026-07-31,3081,MAIN,NEW,38,2028-12-31,0
nloc-3082-01,2026-07-01,3082,MAIN,NEW,44,2028-12-31,0
nloc-3082-02,2026-07-02,3082,MAIN,NEW,43,2028-12-31,0
nloc-3082-03,2026-07-03,3082,MAIN,NEW,39,2028-12-31,0
nloc-3082-03-s,2026-07-03,3082,SECONDARY,NEW,6,2028-12-31,0
nloc-3082-04,2026-07-04,3082,MAIN,NEW,39,2028-12-31,0
nloc-3082-05,2026-07-05,3082,MAIN,NEW,29,2028-12-31,0
nloc-3082-06,2026-07-06,3082,MAIN,NEW,30,2028-12-31,0
nloc-3082-07,2026-07-07,3082,MAIN,NEW,36,2028-12-31,0
nloc-3082-08,2026-07-08,3082,MAIN,NEW,28,2028-12-31,0
nloc-3082-08-s,2026-07-08,3082,SECONDARY,NEW,2,2028-12-31,0
nloc-3082-09,2026-07-09,3082,MAIN,NEW,30,2028-12-31,0
nloc-3082-09-b,2026-07-09,3082,DAMAGED,B_STOCK,9,2028-12-31,0
nloc-3082-10,2026-07-10,3082,MAIN,NEW,22,2028-12-31,0
nloc-3082-11,2026-07-11,3082,MAIN,NEW,32,2028-12-31,0
nloc-3082-12,2026-07-12,3082,MAIN,NEW,41,2028-12-31,0
nloc-3082-13,2026-07-13,3082,MAIN,NEW,21,2028-12-31,0
nloc-3082-13-s,2026-07-13,3082,SECONDARY,NEW,1,2028-12-31,0
nloc-3082-14,2026-07-14,3082,MAIN,NEW,21,2028-12-31,0
nloc-3082-15,2026-07-15,3082,MAIN,NEW,33,2028-12-31,0
nloc-3082-16,2026-07-16,3082,MAIN,NEW,40,2028-12-31,0
nloc-3082-17,2026-07-17,3082,MAIN,NEW,14,2028-12-31,0
nloc-3082-18,2026-07-18,3082,MAIN,NEW,40,2028-12-31,0
nloc-3082-18-s,2026-07-18,3082,SECONDARY,NEW,4,2028-12-31,0
nloc-3082-19,2026-07-19,3082,MAIN,NEW,20,2028-12-31,0
nloc-3082-20,2026-07-20,3082,MAIN,NEW,7,2028-12-31,0
nloc-3082-20-b,2026-07-20,3082,DAMAGED,B_STOCK,5,2028-12-31,0
nloc-3082-21,2026-07-21,3082,MAIN,NEW,19,2028-12-31,0
nloc-3082-21-x,2026-07-21,3082,MAIN,NEW,29,2025-06-30,1
nloc-3082-22,2026-07-22,3082,MAIN,NEW,21,2028-12-31,0
nloc-3082-23,2026-07-23,3082,MAIN,NEW,15,2028-12-31,0
nloc-3082-23-s,2026-07-23,3082,SECONDARY,NEW,7,2028-12-31,0
nloc-3082-24,2026-07-24,3082,MAIN,NEW,25,2028-12-31,0
nloc-3082-25,2026-07-25,3082,MAIN,NEW,29,2028-12-31,0
nloc-3082-26,2026-07-26,3082,MAIN,NEW,20,2028-12-31,0
nloc-3082-27,2026-07-27,3082,MAIN,NEW,22,2028-12-31,0
nloc-3082-28,2026-07-28,3082,MAIN,NEW,5,2028-12-31,0
nloc-3082-28-s,2026-07-28,3082,SECONDARY,NEW,2,2028-12-31,0
nloc-3082-29,2026-07-29,3082,MAIN,NEW,13,2028-12-31,0
nloc-3082-30,2026-07-30,3082,MAIN,NEW,30,2028-12-31,0
nloc-3082-31,2026-07-31,3082,MAIN,NEW,0,2028-12-31,0
nloc-3082-31-b,2026-07-31,3082,DAMAGED,B_STOCK,7,2028-12-31,0
